index,WR,LWR,DWS,num_cc,L,R,T,B,S_frame,S_side,S_tb,S_pos
0,0.707763671875,0.707763671875,0.8224473777438754,1.0,0.42466962337493896,0.0,0.4333224594593048,0.0,0.10723809897899628,0.8077375680208205,0.8224473893642427,0.8224473893642427
1,0.74609375,0.74609375,0.9500303021889422,1.0,0.4960942268371582,0.0,0.5002338290214539,0.0,0.1245388612151146,0.9429929912090301,0.9500303149223328,0.9500303149223328
2,0.6866455078125,0.6866455078125,0.29453375879137655,1.0,0.15835070610046387,0.0,0.09502492100000381,0.0,0.029751792550086975,0.29453376308083534,0.18687992841005327,0.29453376308083534
3,0.6866455078125,0.6866455078125,0.9122084633776372,1.0,0.48870137333869934,0.0,0.3254600465297699,0.0,0.0977579802274704,0.9122084766626358,0.6346982210874558,0.9122084766626358
4,0.66943359375,0.66943359375,0.5427183696022609,1.0,0.24163904786109924,0.0,0.28808581829071045,0.0,0.06570848077535629,0.4637588679790497,0.5427183777093888,0.5427183777093888
5,0.7298583984375,0.7298583984375,0.9268250368208422,1.0,0.49823877215385437,0.0,0.29995259642601013,0.0,0.09379575401544571,0.9268250495195389,0.5897385507822036,0.9268250495195389
6,0.7427978515625,0.7427978515625,0.9483125618582503,1.0,0.4960014224052429,0.0,0.49928468465805054,0.0,0.12440941482782364,0.9427310287952423,0.9483125746250154,0.9483125746250154
7,0.71563720703125,0.71563720703125,0.933092724159248,1.0,0.4937286674976349,0.0,0.4438113570213318,0.0,0.1168607622385025,0.933092737197876,0.8482333093881607,0.933092737197876
8,0.70831298828125,0.70831298828125,0.9266356873819573,1.0,0.49468597769737244,0.0,0.3620094060897827,0.0,0.10454855859279633,0.9266357004642487,0.7010855287313461,0.9266357004642487
9,0.74212646484375,0.74212646484375,0.9466222367285241,1.0,0.4964606463909149,0.0,0.4983201026916504,0.0,0.12434716522693634,0.9434611737728119,0.9466222494840622,0.9466222494840622
10,0.74609375,0.74609375,0.9549129685921196,1.0,0.4951058328151703,0.0,0.50300133228302,0.0,0.12475559860467911,0.9414906322956085,0.9549129813909532,0.9549129813909532
11,0.688720703125,0.688720703125,0.9215592012112409,1.0,0.49305418133735657,0.0,0.3406168818473816,0.0,0.10078110545873642,0.92155921459198,0.6624158054590226,0.92155921459198
12,0.74609375,0.74609375,0.9512625089938685,1.0,0.4960041046142578,0.0,0.5009233951568604,0.0,0.12461290508508682,0.9428997278213501,0.9512625217437745,0.9512625217437745
13,0.7757568359375,0.7757568359375,0.5067565346005122,1.0,0.26959994435310364,0.0,0.21476641297340393,0.0,0.05977476015686989,0.5067565411329269,0.41353953778743746,0.5067565411329269
14,0.68621826171875,0.68621826171875,0.9234511479274771,1.0,0.49504324793815613,0.0,0.3237331509590149,0.0,0.0979607030749321,0.9234511613845825,0.6322239965200425,0.9234511613845825
15,0.7274169921875,0.7274169921875,0.9289918771825083,1.0,0.4901481866836548,0.0,0.4672515392303467,0.0,0.11960653215646744,0.9289918899536134,0.8900675892829895,0.9289918899536134
16,0.716064453125,0.716064453125,0.9215008875187981,1.0,0.4925193786621094,0.0,0.349660187959671,0.0,0.10228565335273743,0.9215009003877639,0.6786402761936189,0.9215009003877639
17,0.67803955078125,0.67803955078125,0.7925055357160988,1.0,0.39908382296562195,0.0,0.4181095361709595,0.0,0.10209382325410843,0.7601618349552155,0.7925055474042892,0.7925055474042892
18,0.7269287109375,0.7269287109375,0.9321386179248234,1.0,0.49192360043525696,0.0,0.4667614996433258,0.0,0.11975311487913132,0.9321386307477951,0.8893630594015122,0.9321386307477951
19,0.703369140625,0.703369140625,0.9310386137916232,1.0,0.49649107456207275,0.0,0.37354692816734314,0.0,0.10660438239574432,0.9310386270284653,0.722033578157425,0.9310386270284653
20,0.7109375,0.7109375,0.9371712791228032,1.0,0.49635088443756104,0.0,0.4373970031738281,0.0,0.11625414341688156,0.9371712923049927,0.8369496941566467,0.9371712923049927
21,0.71820068359375,0.71820068359375,0.9364615608001918,1.0,0.4961759150028229,0.0,0.43344926834106445,0.0,0.11567527800798416,0.9364615738391876,0.8298262745141984,0.9364615738391876
22,0.69952392578125,0.69952392578125,0.5243300541785909,1.0,0.24021047353744507,0.0,0.2779494524002075,0.0,0.06442731618881226,0.4601737976074219,0.5243300616741181,0.5243300616741181
23,0.70318603515625,0.70318603515625,0.9342059837048718,1.0,0.4965331554412842,0.0,0.40446317195892334,0.0,0.11145457625389099,0.9342059969902038,0.7776870250701905,0.9342059969902038
24,0.74212646484375,0.74212646484375,0.9469004563054254,1.0,0.49642008543014526,0.0,0.49847692251205444,0.0,0.12436159700155258,0.943403846025467,0.9469004690647125,0.9469004690647125
25,0.69659423828125,0.69659423828125,0.9260959581704851,1.0,0.4956986904144287,0.0,0.338383287191391,0.0,0.10061509162187576,0.9260959714651107,0.6586597859859468,0.9260959714651107
26,0.67950439453125,0.67950439453125,0.7375033523385334,1.0,0.24540235102176666,0.0,0.39609062671661377,0.0,0.07587775588035583,0.48133329451084134,0.7375033631920814,0.7375033631920814
27,0.74609375,0.74609375,0.9498868934155348,1.0,0.4953639507293701,0.0,0.5001947283744812,0.0,0.12444190680980682,0.9416745841503144,0.9498869061470032,0.9498869061470032
28,0.6961669921875,0.6961669921875,0.891647543616186,1.0,0.47755691409111023,0.0,0.32045111060142517,0.0,0.09595693647861481,0.891647556424141,0.6245676904916764,0.891647556424141
29,0.72369384765625,0.72369384765625,0.9331844588316767,1.0,0.4963250458240509,0.0,0.39799389243125916,0.0,0.1104464903473854,0.9331844717264175,0.7660215109586717,0.9331844717264175
30,0.912353515625,0.912353515625,0.9617569758381287,1.0,0.5028255581855774,0.0,0.37081706523895264,0.19589275121688843,0.1729326918721199,0.9617569863796235,0.5610390722751618,0.9617569863796235
31,0.6844482421875,0.6844482421875,0.91878425328656,1.0,0.4914926588535309,0.0,0.3409748077392578,0.0,0.10071040689945221,0.9187842667102815,0.6629039198160172,0.9187842667102815
32,0.674072265625,0.674072265625,0.9276407491634077,1.0,0.4959184229373932,0.0,0.3498760163784027,0.0,0.10261782258749008,0.9276407629251481,0.6793686717748643,0.9276407629251481
33,0.74609375,0.74609375,0.9554058274722323,1.0,0.495958536863327,0.0,0.5032277703285217,0.0,0.12489166855812073,0.9430481433868408,0.9554058402776718,0.9554058402776718
34,0.6884765625,0.6884765625,0.9162680939864047,1.0,0.4911045432090759,0.0,0.32279929518699646,0.0,0.0974767804145813,0.9162681072950364,0.6301491856575012,0.9162681072950364
35,0.70343017578125,0.70343017578125,0.7124246577967766,1.0,0.0806751474738121,0.0,0.391309529542923,0.0,0.03739715367555618,0.1843462184071541,0.7124246679246427,0.7124246679246427
36,0.67181396484375,0.67181396484375,0.8920811788571174,1.0,0.25985226035118103,0.0,0.48116442561149597,0.0,0.08470382541418076,0.5158505111932754,0.8920811921358109,0.8920811921358109
37,0.66754150390625,0.66754150390625,0.9244056145948519,1.0,0.49604445695877075,0.0,0.3152560591697693,0.0,0.09649593383073807,0.9244056284427643,0.6170653522014617,0.9244056284427643
38,0.6392822265625,0.6392822265625,0.8543399394028457,1.0,0.17735357582569122,0.0,0.464780330657959,0.0,0.06553641706705093,0.3657144695520401,0.8543399527668953,0.8543399527668953
39,0.98162841796875,0.98162841796875,0.8674067706912577,1.0,0.502588152885437,0.1662464141845703,0.4897530674934387,0.4676992893218994,0.33691584318876266,0.8674067795276642,0.5742795467376709,0.8674067795276642
40,0.74212646484375,0.74212646484375,0.9493487170565849,1.0,0.49600374698638916,0.0,0.4998601973056793,0.0,0.12448111921548843,0.9427927643060685,0.9493487298488616,0.9493487298488616
41,0.74212646484375,0.74212646484375,0.94749104295976,1.0,0.49591976404190063,0.0,0.4988328218460083,0.0,0.12434300780296326,0.942538857460022,0.9474910557270051,0.9474910557270051
42,0.62213134765625,0.62213134765625,0.43864207456767446,1.0,0.23119017481803894,0.0,0.22499766945838928,0.0,0.057012975215911865,0.43864208161830903,0.4281148225069046,0.43864208161830903
43,0.93927001953125,0.93927001953125,0.35820456063852296,1.0,0.19007860124111176,0.02551823854446411,0.12542825937271118,0.23934847116470337,0.1050991602241993,0.35820456445217136,0.3520443245768547,0.35820456445217136
44,0.68963623046875,0.68963623046875,0.5963337841585944,1.0,0.18826887011528015,0.0,0.3208371698856354,0.0,0.05946039408445358,0.3709676831960678,0.5963337928056718,0.5963337928056718
45,0.69464111328125,0.69464111328125,0.7546585331995618,1.0,0.3999190926551819,0.0,0.3480417728424072,0.0,0.09304642677307129,0.754658544063568,0.6664671003818513,0.754658544063568
46,0.74212646484375,0.74212646484375,0.9469492635681422,1.0,0.49578484892845154,0.0,0.4985393285751343,0.0,0.12428957968950272,0.9422666609287262,0.9469492763280869,0.9469492763280869
47,0.6990966796875,0.6990966796875,0.9232839392677807,1.0,0.48967278003692627,0.0,0.4187294840812683,0.0,0.1128598228096962,0.9232839524745942,0.8026803493499756,0.9232839524745942
48,0.7032470703125,0.7032470703125,0.9322193490029816,1.0,0.4958219826221466,0.0,0.3973979353904724,0.0,0.11030496656894684,0.9322193622589111,0.764898481965065,0.9322193622589111
49,0.6875,0.6875,0.9318412973046712,1.0,0.49600380659103394,0.0,0.3903445899486542,0.0,0.1092301532626152,0.9318413108587266,0.752220642566681,0.9318413108587266
50,0.72589111328125,0.72589111328125,0.3796155832565455,1.0,0.12556429207324982,0.0957372784614563,0.2013053596019745,0.006080269813537598,0.07221678271889687,0.17016446590423584,0.37961558848619464,0.37961558848619464
51,0.67535400390625,0.67535400390625,0.9258418989182334,1.0,0.49555906653404236,0.0,0.3383559286594391,0.0,0.10059861093759537,0.9258419126272202,0.6585965782403946,0.9258419126272202
52,0.68463134765625,0.68463134765625,0.9250457628555981,1.0,0.49374493956565857,0.0,0.36304885149002075,0.0,0.10463549196720123,0.9250457763671875,0.7028624266386032,0.9250457763671875
53,0.70849609375,0.70849609375,0.9126666431951624,1.0,0.49652034044265747,0.0,0.18930043280124664,0.0,0.06997256726026535,0.9126666560769081,0.39039281308650975,0.9126666560769081
54,0.6990966796875,0.6990966796875,0.8138892891811983,1.0,0.432174414396286,0.0,0.3597535490989685,0.0,0.0981665700674057,0.8138893008232118,0.6907738298177719,0.8138893008232118
55,0.710205078125,0.710205078125,0.4012343469390974,1.0,0.13127854466438293,0.0,0.21561472117900848,0.0,0.040870264172554016,0.2578628525137901,0.4012343525886536,0.4012343525886536
56,0.6944580078125,0.6944580078125,0.4592003681697292,1.0,0.15929125249385834,0.0,0.2462618052959442,0.0,0.04841405525803566,0.31135043501853943,0.4592003747820854,0.4592003747820854
57,0.7259521484375,0.7259521484375,0.9315190961790091,1.0,0.4915665090084076,0.0,0.46699392795562744,0.0,0.11974135041236877,0.9315191090106965,0.8897457212209702,0.9315191090106965
58,0.70367431640625,0.70367431640625,0.8367979735426959,1.0,0.44330286979675293,0.0,0.3885281980037689,0.0,0.10352901369333267,0.8367979854345322,0.7436810433864594,0.8367979854345322
59,0.88177490234375,0.88177490234375,0.38800092942574316,1.0,0.1572359949350357,0.0,0.20682074129581451,0.0,0.04467059671878815,0.30370686501264577,0.3880009338259697,0.3880009338259697
60,0.69927978515625,0.69927978515625,0.9190784442122845,1.0,0.49444448947906494,0.0,0.29078376293182373,0.0,0.09175901859998703,0.9190784573554993,0.5728552222251891,0.9190784573554993
61,0.72857666015625,0.72857666015625,0.9373900374259696,1.0,0.4963478446006775,0.0,0.43963930010795593,0.0,0.11656969785690308,0.937390050292015,0.8409855246543885,0.937390050292015
62,0.6641845703125,0.6641845703125,0.4396294155091155,1.0,0.2332519292831421,0.0,0.1977594941854477,0.0,0.0535123236477375,0.43962942212820055,0.37929228246212005,0.43962942212820055
63,0.679931640625,0.679931640625,0.9205284489906382,1.0,0.4904947578907013,0.0,0.37637898325920105,0.0,0.10649742931127548,0.9205284625291824,0.726531645655632,0.9205284625291824
64,0.70989990234375,0.70989990234375,0.9243421632974292,1.0,0.4964752197265625,0.0,0.3068678081035614,0.0,0.09497161954641342,0.9243421763181687,0.6020095765590667,0.9243421763181687
65,0.66552734375,0.66552734375,0.7248887429990459,1.0,0.2421223521232605,0.0,0.3892647325992584,0.0,0.0747474953532219,0.4747467070817948,0.7248887538909913,0.7248887538909913
66,0.74212646484375,0.74212646484375,0.9458711049656505,1.0,0.49791669845581055,0.0,0.49621060490608215,0.0,0.12426554411649704,0.9458711177110672,0.9429707586765289,0.9458711177110672
67,0.7265625,0.7265625,0.9407643337706337,1.0,0.49660900235176086,0.0,0.4686814248561859,0.0,0.12056034803390503,0.9407643467187881,0.8932874649763108,0.9407643467187881
68,0.67022705078125,0.67022705078125,0.5049512489795629,1.0,0.24990606307983398,0.0,0.26664480566978455,0.0,0.06450109928846359,0.47649539411067965,0.5049512565135956,0.5049512565135956
69,0.7080078125,0.7080078125,0.9309414046645562,1.0,0.49579620361328125,0.0,0.38508251309394836,0.0,0.10838396102190018,0.9309414178133011,0.7427281439304352,0.9309414178133011
70,0.68011474609375,0.68011474609375,0.766741416505491,1.0,0.40553805232048035,0.0,0.3677293360233307,0.0,0.09642761945724487,0.7667414277791977,0.7024666100740433,0.7667414277791977
71,0.7138671875,0.7138671875,0.9418878065728379,1.0,0.503765881061554,0.0,0.3510923385620117,0.0,0.10350162535905838,0.9418878197669982,0.6823427975177766,0.9418878197669982
72,0.73846435546875,0.73846435546875,0.9427029273406716,1.0,0.4966595768928528,0.0,0.48715701699256897,0.0,0.12296561151742935,0.9427029401063919,0.9265485882759095,0.9427029401063919
73,0.7147216796875,0.7147216796875,0.9284733076126732,1.0,0.49101245403289795,0.0,0.4465090334415436,0.0,0.1169264018535614,0.9284733206033707,0.8528175055980682,0.9284733206033707
74,0.6968994140625,0.6968994140625,0.5569278488114304,1.0,0.14210864901542664,0.0,0.30150943994522095,0.0,0.048703454434871674,0.28594651222229006,0.5569278568029403,0.5569278568029403
75,0.74212646484375,0.74212646484375,0.9480689248842318,1.0,0.4958835542201996,0.0,0.4991558790206909,0.0,0.12437859177589417,0.9425059854984283,0.9480689376592637,0.9480689376592637
76,0.64599609375,0.64599609375,0.890825209387724,1.0,0.48951172828674316,0.0,0.09704112261533737,0.0,0.04569651186466217,0.8908252231776714,0.2236251935362816,0.8908252231776714
77,0.671630859375,0.671630859375,0.6594467914266227,1.0,0.1879565268754959,0.0,0.3559173047542572,0.0,0.061783261597156525,0.3739134788513184,0.6594468012452125,0.6594468012452125
78,0.67962646484375,0.67962646484375,0.7926864283870415,1.0,0.4298376142978668,0.0,0.1897873431444168,0.0,0.06659010797739029,0.792686440050602,0.3846009790897369,0.792686440050602
79,0.66790771484375,0.66790771484375,0.9088159991332254,1.0,0.4974558651447296,0.0,0.13395455479621887,0.0,0.056075774133205414,0.9088160127401352,0.2908637851476669,0.9088160127401352
80,0.67291259765625,0.67291259765625,0.9185762119876388,1.0,0.4945194721221924,0.0,0.284411758184433,0.0,0.0905226618051529,0.9185762256383896,0.5613931119441986,0.9185762256383896
81,0.97015380859375,0.97015380859375,0.8777356176501541,1.0,0.503919243812561,0.15085989236831665,0.45802435278892517,0.4556646943092346,0.3218110725283623,0.8777356266975403,0.5253899931907654,0.8777356266975403
82,0.6904296875,0.6904296875,0.9266905680189857,1.0,0.4944409430027008,0.0,0.3669688403606415,0.0,0.10534355789422989,0.9266905814409256,0.7099880069494248,0.9266905814409256
83,0.704345703125,0.704345703125,0.9287344621884457,1.0,0.49216338992118835,0.0,0.42840373516082764,0.0,0.11452020704746246,0.9287344753742217,0.8203430622816087,0.9287344753742217
84,0.74609375,0.74609375,0.9506129822872956,1.0,0.4960727393627167,0.0,0.5005587339401245,0.0,0.12457641959190369,0.9429868042469025,0.9506129950284958,0.9506129950284958
85,0.74212646484375,0.74212646484375,0.9489838025250259,1.0,0.4957277476787567,0.0,0.4996728003025055,0.0,0.12442310899496078,0.9422772258520126,0.9489838153123856,0.9489838153123856
86,0.68896484375,0.68896484375,0.4318805959720191,1.0,0.12732335925102234,0.0,0.23286014795303345,0.0,0.041310589760541916,0.25246806144714357,0.43188060224056246,0.43188060224056246
87,0.710205078125,0.710205078125,0.9314507740713858,1.0,0.4964051842689514,0.0,0.3792145550251007,0.0,0.10750916600227356,0.9314507871866227,0.7322267174720765,0.9314507871866227
88,0.727783203125,0.727783203125,0.9127327167744855,1.0,0.4809871315956116,0.0,0.4695589244365692,0.0,0.11880107969045639,0.9127327293157578,0.8933047771453857,0.9127327293157578
89,0.69696044921875,0.69696044921875,0.9241244868960955,1.0,0.49368762969970703,0.0,0.3548676669597626,0.0,0.10326763242483139,0.9241245001554489,0.6881305634975433,0.9241245001554489
90,0.7410888671875,0.7410888671875,0.9228585386918621,1.0,0.49100008606910706,0.0,0.39058396220207214,0.0,0.10877743363380432,0.9228585511446,0.7521511405706405,0.9228585511446
91,0.71820068359375,0.71820068359375,0.9314233948241992,1.0,0.4961409866809845,0.0,0.3836963176727295,0.0,0.10819776356220245,0.9314234077930451,0.7402674704790115,0.9314234077930451
92,0.6922607421875,0.6922607421875,0.9250414148457355,1.0,0.49509942531585693,0.0,0.33862462639808655,0.0,0.10060703009366989,0.9250414282083511,0.6590342700481415,0.9250414282083511
93,0.71636962890625,0.71636962890625,0.76760361911231,1.0,0.3337911367416382,0.0,0.4079025089740753,0.0,0.09179060161113739,0.6416142970323563,0.7676036298274994,0.7676036298274994
94,0.68939208984375,0.68939208984375,0.866633918231358,1.0,0.4625472128391266,0.0,0.3404894769191742,0.0,0.09808675199747086,0.8666339308023454,0.6591357797384262,0.8666339308023454
95,0.74212646484375,0.74212646484375,0.9474528512841348,1.0,0.4959106743335724,0.0,0.49881210923194885,0.0,0.12433928996324539,0.9425204247236252,0.9474528640508653,0.9474528640508653
96,0.710693359375,0.710693359375,0.9177620192376076,1.0,0.4965463876724243,0.0,0.2397853434085846,0.0,0.08145823329687119,0.9177620321512223,0.4812682569026947,0.9177620321512223
97,0.6810302734375,0.6810302734375,0.9119213596193612,1.0,0.4871712625026703,0.0,0.35013100504875183,0.0,0.10189571231603622,0.9119213730096817,0.6789529353380204,0.9119213730096817
98,0.69256591796875,0.69256591796875,0.9100064205857208,1.0,0.48419439792633057,0.0,0.38456517457962036,0.0,0.1071760356426239,0.9100064337253571,0.7406367540359498,0.9100064337253571
99,0.6951904296875,0.6951904296875,0.9213762389207969,1.0,0.48924851417541504,0.0,0.4072892665863037,0.0,0.11113453656435013,0.9213762521743775,0.7820455312728882,0.9213762521743775
100,0.657958984375,0.657958984375,0.6592963178090354,1.0,0.2620691657066345,0.0,0.3517163395881653,0.0,0.07510359585285187,0.5068961322307587,0.659296327829361,0.659296327829361
101,0.67327880859375,0.67327880859375,0.40211656241404287,1.0,0.14417122304439545,0.0,0.21538858115673065,0.0,0.043215032666921616,0.2810470595955849,0.4021165683865547,0.4021165683865547
102,0.74609375,0.74609375,0.9507605097416016,1.0,0.49454179406166077,0.0,0.5007257461547852,0.0,0.12440363317728043,0.940247803926468,0.9507605224847793,0.9507605224847793
103,0.6820068359375,0.6820068359375,0.699353432831801,1.0,0.22868947684764862,0.0,0.3758247196674347,0.0,0.07121306657791138,0.449223530292511,0.6993534430861473,0.6993534430861473
104,0.6961669921875,0.6961669921875,0.6912531425602464,1.0,0.22643086314201355,0.0,0.3714500367641449,0.0,0.07046046853065491,0.44472055733203886,0.6912531524896621,0.6912531524896621
105,0.579345703125,0.579345703125,0.47287476289633845,1.0,0.2510831356048584,0.0,0.209251269698143,0.0,0.057068582624197006,0.47287477105855946,0.4017605990171432,0.47287477105855946
106,0.686767578125,0.686767578125,0.9249785437604601,1.0,0.3723432123661041,0.0,0.4931912422180176,0.0,0.1061028316617012,0.7195369064807892,0.9249785572290421,0.9249785572290421
107,0.9017333984375,0.9017333984375,0.34641418072866503,1.0,0.16986289620399475,0.0,0.19765911996364594,0.20895057916641235,0.1019112765789032,0.34641418457031253,0.23497003614902495,0.34641418457031253
108,0.63043212890625,0.63043212890625,0.44521910140020776,1.0,0.20450595021247864,0.0,0.2359825074672699,0.0,0.054780617356300354,0.39170896112918857,0.44521910846233365,0.44521910846233365
109,0.6978759765625,0.6978759765625,0.853395354440234,1.0,0.4421319365501404,0.0,0.44954565167427063,0.0,0.11145199835300446,0.8407920509576797,0.8533953666687013,0.8533953666687013
110,0.6640625,0.6640625,0.9247580836036425,1.0,0.49608176946640015,0.0,0.3181091248989105,0.0,0.09702195227146149,0.9247580975294114,0.622204601764679,0.9247580975294114
111,0.70654296875,0.70654296875,0.9339106725596333,1.0,0.4962090253829956,0.0,0.40734440088272095,0.0,0.11185692995786667,0.9339106857776642,0.7828408241271972,0.9339106857776642
112,0.7064208984375,0.7064208984375,0.9228817451488522,1.0,0.49328967928886414,0.0,0.3496033549308777,0.0,0.1023431196808815,0.9228817582130432,0.6786150068044663,0.9228817582130432
113,0.60626220703125,0.60626220703125,0.3469718160618419,1.0,0.18568988144397736,0.0,0.12730035185813904,0.0,0.037785086780786514,0.34697182178497316,0.24770962148904802,0.34697182178497316
114,0.74609375,0.74609375,0.955315195630834,1.0,0.49606072902679443,0.0,0.5031717419624329,0.0,0.12489773333072662,0.9432264864444733,0.9553152084350587,0.9553152084350587
115,0.66925048828125,0.66925048828125,0.7017754271074694,1.0,0.2620176672935486,0.0,0.375318706035614,0.0,0.07718788832426071,0.5091636717319489,0.7017754375934601,0.7017754375934601
116,0.69964599609375,0.69964599609375,0.8966457089774691,1.0,0.4786413908004761,0.0,0.3509121835231781,0.0,0.10126431286334991,0.8966457217931747,0.6795060694217683,0.8966457217931747
117,0.68365478515625,0.68365478515625,0.3843877438109759,1.0,0.2047857940196991,0.0,0.15773320198059082,0.0,0.044557809829711914,0.3843877494335175,0.3043983429670334,0.3843877494335175
118,0.74102783203125,0.74102783203125,0.9285632186990352,1.0,0.49925497174263,0.0,0.29904282093048096,0.0,0.0936964824795723,0.9285632312297821,0.5882025748491287,0.9285632312297821
119,0.71484375,0.71484375,0.9375866937607878,1.0,0.4962937533855438,0.0,0.4425795078277588,0.0,0.11697565764188766,0.9375867068767547,0.8462724894285203,0.9375867068767547
120,0.7237548828125,0.7237548828125,0.9385352511668227,1.0,0.4961070716381073,0.0,0.45542535185813904,0.0,0.11872434616088867,0.938535264134407,0.8693763405084611,0.938535264134407
121,0.69525146484375,0.69525146484375,0.907943815344735,1.0,0.4956814646720886,0.0,0.15717191994190216,0.0,0.06201775372028351,0.9079438284039497,0.3324776023626328,0.9079438284039497
122,0.65826416015625,0.65826416015625,0.6615218822000946,1.0,0.24849103391170502,0.0,0.35370710492134094,0.0,0.0730108842253685,0.4826545715332031,0.6615218922495842,0.6615218922495842
123,0.742919921875,0.742919921875,0.9415626339536156,1.0,0.49578770995140076,0.0,0.49144768714904785,0.0,0.12340205162763596,0.9415626466274262,0.9341846078634262,0.9415626466274262
124,0.68914794921875,0.68914794921875,0.4831174214116156,1.0,0.25583508610725403,0.0,0.2261427342891693,0.0,0.060019008815288544,0.4831174284219742,0.4326404303312302,0.4831174284219742
125,0.87890625,0.87890625,0.9207325145151455,1.0,0.5015783309936523,0.0,0.0957287847995758,0.08318650722503662,0.0726885050535202,0.9207325249910355,0.1559204399585724,0.9207325249910355
126,0.69366455078125,0.69366455078125,0.9188763843630141,1.0,0.4905046224594116,0.0,0.35968077182769775,0.0,0.1037859320640564,0.9188763976097107,0.6964758515357972,0.9188763976097107
127,0.6324462890625,0.6324462890625,0.5596616850218636,1.0,0.22043795883655548,0.0,0.29867660999298096,0.0,0.06343171745538712,0.426655986905098,0.5596616938710213,0.5596616938710213
128,0.695556640625,0.695556640625,0.70551753817947,1.0,0.18960070610046387,0.0,0.3814208209514618,0.0,0.06373249739408493,0.37942335307598113,0.7055175483226777,0.7055175483226777
129,0.71405029296875,0.71405029296875,0.9276269127158049,1.0,0.49708738923072815,0.0,0.32869625091552734,0.0,0.09901643544435501,0.9276269257068634,0.6413619905710221,0.9276269257068634
130,0.651611328125,0.651611328125,0.7128950993090235,1.0,0.3084664046764374,0.0,0.37891581654548645,0.0,0.08502493053674698,0.5931311100721359,0.7128951102495193,0.7128951102495193
131,0.74920654296875,0.74920654296875,0.999999986652546,1.0,0.5689980387687683,0.0,0.1259516477584839,0.0,0.056774869561195374,1.0,0.28361276984214784,1.0
132,0.6568603515625,0.6568603515625,0.9048342656428525,1.0,0.4842166006565094,0.0,0.3324439823627472,0.0,0.09861566126346588,0.9048342794179915,0.646820828318596,0.9048342794179915
133,0.7177734375,0.7177734375,0.938098369880268,1.0,0.4965268075466156,0.0,0.4435012936592102,0.0,0.11713021248579025,0.9380983829498291,0.84795500934124,0.9380983829498291
134,0.64630126953125,0.64630126953125,0.7294127813370868,1.0,0.12221430242061615,0.0,0.3984396457672119,0.0,0.048799969255924225,0.2598297089338303,0.729412792623043,0.729412792623043
135,0.64605712890625,0.64605712890625,0.5926015449231578,1.0,0.21650879085063934,0.0,0.3171948194503784,0.0,0.06437940150499344,0.4214353054761887,0.5926015540957451,0.5926015540957451
136,0.6654052734375,0.6654052734375,0.9041159136319433,1.0,0.4885414242744446,0.0,0.24741363525390625,0.0,0.08259880542755127,0.9041159272193908,0.4941986858844757,0.9041159272193908
137,0.63214111328125,0.63214111328125,0.8484045848149574,1.0,0.2251124382019043,0.0,0.4588296413421631,0.0,0.07603288441896439,0.45108535289764407,0.8484045982360839,0.8484045982360839
138,0.71044921875,0.71044921875,0.3479780297175166,1.0,0.18404707312583923,0.0,0.16693302989006042,0.0,0.043768323957920074,0.3479780346155167,0.3188841611146927,0.3479780346155167
139,0.7152099609375,0.7152099609375,0.9328283328520933,1.0,0.4947012662887573,0.0,0.42366066575050354,0.0,0.11411035060882568,0.9328283458948136,0.8120593249797821,0.9328283458948136
140,0.69635009765625,0.69635009765625,0.9258776799993267,1.0,0.4960198998451233,0.0,0.33041873574256897,0.0,0.09923704713582993,0.9258776932954789,0.6443557143211365,0.9258776932954789
141,0.69805908203125,0.69805908203125,0.8502538082390558,1.0,0.452227383852005,0.0,0.36244529485702515,0.0,0.10060469061136246,0.8502538204193115,0.6976242691278458,0.8502538204193115
142,0.6959228515625,0.6959228515625,0.7132012339271538,1.0,0.12768109142780304,0.0,0.38912951946258545,0.0,0.04977070540189743,0.268738916516304,0.7132012441754341,0.7132012441754341
143,0.69427490234375,0.69427490234375,0.8521016087585015,1.0,0.45281627774238586,0.0,0.37032321095466614,0.0,0.10186416655778885,0.8521016210317611,0.7118634074926377,0.8521016210317611
144,0.67596435546875,0.67596435546875,0.7106259836927017,1.0,0.3895982503890991,0.0,0.09349143505096436,0.0,0.04085702449083328,0.7106259942054748,0.20724440813064574,0.7106259942054748
145,0.671875,0.671875,0.9257617097395926,1.0,0.4961162805557251,0.0,0.32752418518066406,0.0,0.09872815757989883,0.9257617235183716,0.6391551613807678,0.9257617235183716
146,0.70361328125,0.70361328125,0.9272308694665212,1.0,0.49593278765678406,0.0,0.34551864862442017,0.0,0.10187254101037979,0.9272308826446533,0.6715268462896348,0.9272308826446533
147,0.74212646484375,0.74212646484375,0.9481258383785287,1.0,0.49620914459228516,0.0,0.49916940927505493,0.0,0.12442121654748917,0.9430934011936188,0.9481258511543275,0.9481258511543275
148,0.69366455078125,0.69366455078125,0.6739898316256068,1.0,0.3099433481693268,0.0,0.35721972584724426,0.0,0.08297766745090485,0.5936199992895126,0.6739898413419724,0.6739898413419724
149,0.69049072265625,0.69049072265625,0.9255149081422553,1.0,0.49574393033981323,0.0,0.3317584693431854,0.0,0.09945245832204819,0.9255149215459824,0.6467396378517152,0.9255149215459824
150,0.67059326171875,0.67059326171875,0.6303822333984387,1.0,0.2894740402698517,0.0,0.3341304659843445,0.0,0.07755185663700104,0.5544663190841675,0.6303822427988052,0.6303822427988052
151,0.73712158203125,0.73712158203125,0.9400563708567009,1.0,0.49574053287506104,0.0,0.47723424434661865,0.0,0.12157785892486572,0.9400563836097717,0.9085956931114197,0.9400563836097717
152,0.74609375,0.74609375,0.9538174262951348,1.0,0.49601972103118896,0.0,0.5023419260978699,0.0,0.12479019910097122,0.9430696904659271,0.9538174390792846,0.9538174390792846
153,0.71533203125,0.71533203125,0.9348650265180545,1.0,0.49613019824028015,0.0,0.418306827545166,0.0,0.11347971856594086,0.9348650395870209,0.8025653094053268,0.9348650395870209
154,0.70184326171875,0.70184326171875,0.6720173918817978,1.0,0.2190658450126648,0.0,0.3611726760864258,0.0,0.06830256432294846,0.4304357886314392,0.672017401456833,0.672017401456833
155,0.67822265625,0.67822265625,0.6466685676594606,1.0,0.34143686294555664,0.0,0.32082223892211914,0.0,0.08270221948623657,0.6466685771942139,0.6116237163543701,0.6466685771942139
156,0.7144775390625,0.7144775390625,0.6933929763542934,1.0,0.2071443796157837,0.0,0.3737103044986725,0.0,0.06686343252658844,0.4102309137582779,0.6933929860591889,0.6933929860591889
157,0.5882568359375,0.5882568359375,0.489802069831333,1.0,0.2667498290538788,0.0,0.09652385860681534,0.0,0.03634343296289444,0.4898020781576633,0.2004179283976555,0.4898020781576633
158,0.715576171875,0.715576171875,0.4119183438076185,1.0,0.1290966421365738,0.0,0.22167149186134338,0.0,0.04089151695370674,0.25454110503196714,0.41191834956407547,0.41191834956407547
159,0.67474365234375,0.67474365234375,0.9212864053801313,1.0,0.496194452047348,0.0,0.2813640534877777,0.0,0.09003885090351105,0.9212864190340042,0.5560747414827347,0.9212864190340042
160,0.69970703125,0.69970703125,0.5680368401884461,1.0,0.3071924149990082,0.0,0.15090501308441162,0.0,0.050945572555065155,0.5680368483066559,0.3023482650518417,0.5680368483066559
161,0.828857421875,0.828857421875,0.2932270729927302,1.0,0.1589771807193756,0.03643113374710083,0.17779852449893951,0.05793887376785278,0.07706739939749241,0.28058775812387465,0.29322707653045654,0.29322707653045654
162,0.6917724609375,0.6917724609375,0.9153151677854734,1.0,0.4875709116458893,0.0,0.3768754005432129,0.0,0.10629820823669434,0.915315181016922,0.7271328121423721,0.915315181016922
163,0.700927734375,0.700927734375,0.9233824478972961,1.0,0.4957081973552704,0.0,0.3110770583152771,0.0,0.09569809585809708,0.9233824610710144,0.6095095247030258,0.9233824610710144
164,0.6875,0.6875,0.9301293744455846,1.0,0.49625200033187866,0.0,0.36875787377357483,0.0,0.10580229014158249,0.9301293879747392,0.7133893728256225,0.9301293879747392
165,0.73406982421875,0.73406982421875,0.9254075967369949,1.0,0.3742728531360626,0.0,0.4933224022388458,0.0,0.10642631351947784,0.7230233758687973,0.9254076093435287,0.9254076093435287
166,0.62811279296875,0.62811279296875,0.6980602063861207,1.0,0.36919519305229187,0.0,0.33508870005607605,0.0,0.08782926946878433,0.698060217499733,0.6400791794061661,0.698060217499733
167,0.70306396484375,0.70306396484375,0.9279176580054165,1.0,0.4944477081298828,0.0,0.3791179656982422,0.0,0.1073087528347969,0.9279176712036133,0.7318571090698242,0.9279176712036133
168,0.8409423828125,0.8409423828125,0.9508341080131469,1.0,0.4994273781776428,0.0,0.39644500613212585,0.12220340967178345,0.15376847982406616,0.9508341193199158,0.6657810211181641,0.9508341193199158
169,0.60296630859375,0.60296630859375,0.44418167033248057,1.0,0.23395995795726776,0.0,0.2305375337600708,0.0,0.05805903673171997,0.44418167769908906,0.43836355656385423,0.44418167769908906
170,0.71783447265625,0.71783447265625,0.9150389379940774,1.0,0.49736854434013367,0.0,0.19775570929050446,0.0,0.0720205157995224,0.9150389507412912,0.4056971311569214,0.9150389507412912
171,0.693603515625,0.693603515625,0.6421935316719493,1.0,0.3387191891670227,0.0,0.32499000430107117,0.0,0.08292815089225769,0.642193540930748,0.6188539266586304,0.642193540930748
172,0.8463134765625,0.8463134765625,0.15882495901076388,1.0,0.07345039397478104,0.0,0.13560828566551208,0.13053423166275024,0.05752018094062805,0.1588249608874321,0.14701256826519965,0.1588249608874321
173,0.68511962890625,0.68511962890625,0.9210559114487017,1.0,0.4955247640609741,0.0,0.2911134958267212,0.0,0.09190034121274948,0.9210559248924256,0.5735567688941955,0.9210559248924256
174,0.710205078125,0.710205078125,0.7388723179969645,1.0,0.24409040808677673,0.0,0.39692404866218567,0.0,0.0756944864988327,0.4790551394224167,0.7388723284006119,0.7388723284006119
175,0.9161376953125,0.9161376953125,0.934989439176054,1.0,0.5010372400283813,0.0,0.19834789633750916,0.13287627696990967,0.11625320464372635,0.9349894493818283,0.3008289158344269,0.9349894493818283
176,0.720458984375,0.720458984375,0.936219691156386,1.0,0.49633562564849854,0.0,0.428155779838562,0.0,0.11493460088968277,0.9362197041511535,0.8203139662742616,0.9362197041511535
177,0.66796875,0.66796875,0.6699739802911395,1.0,0.17087838053703308,0.0,0.3627145290374756,0.0,0.05857305973768234,0.34385253787040715,0.6699739903211593,0.6699739903211593
178,0.63720703125,0.63720703125,0.9216293071115875,1.0,0.4964233934879303,0.0,0.2806721329689026,0.0,0.0899176225066185,0.9216293215751648,0.5548521786928177,0.9216293215751648
179,0.71484375,0.71484375,0.9356261152273855,1.0,0.49531248211860657,0.0,0.44063660502433777,0.0,0.116595059633255,0.9356261283159257,0.8426771372556686,0.9356261283159257
180,0.74859619140625,0.74859619140625,0.37728102671774616,1.0,0.09761828929185867,0.0,0.20417733490467072,0.0,0.033282894641160965,0.1961306542158127,0.3772810317575932,0.3772810317575932
181,0.6693115234375,0.6693115234375,0.6038914381638937,1.0,0.12648949027061462,0.0,0.32846805453300476,0.0,0.046590179204940796,0.2605278879404068,0.6038914471864701,0.6038914471864701
182,0.7042236328125,0.7042236328125,0.9282369332825882,1.0,0.4937579035758972,0.0,0.3947272002696991,0.0,0.10968934744596481,0.9282369464635849,0.7598847508430482,0.9282369464635849
183,0.661376953125,0.661376953125,0.9232966343037134,1.0,0.4947952926158905,0.0,0.3266512155532837,0.0,0.09846512973308563,0.9232966482639313,0.6374517172574997,0.9232966482639313
184,0.6444091796875,0.6444091796875,0.652800433638285,1.0,0.25270017981529236,0.0,0.3486280143260956,0.0,0.07327688485383987,0.4897231251001358,0.6528004437685013,0.6528004437685013
185,0.72467041015625,0.72467041015625,0.8864170428980022,1.0,0.41744697093963623,0.0,0.46926242113113403,0.0,0.11046083271503448,0.7983307898044586,0.886417055130005,0.886417055130005
186,0.7235107421875,0.7235107421875,0.9369235177481389,1.0,0.49671539664268494,0.0,0.42835816740989685,0.0,0.1150045096874237,0.9369235306978225,0.8207162410020828,0.9369235306978225
187,0.6689453125,0.6689453125,0.9203220617283759,1.0,0.4963745176792145,0.0,0.26847943663597107,0.0,0.08746545761823654,0.9203220754861832,0.5329004377126694,0.9203220754861832
188,0.70648193359375,0.70648193359375,0.9049692592079617,1.0,0.48250067234039307,0.0,0.36468061804771423,0.0,0.10386890172958374,0.904969272017479,0.704675179719925,0.904969272017479
189,0.802490234375,0.802490234375,0.2121254298479628,1.0,0.10583337396383286,0.060035765171051025,0.12548504769802094,0.03791821002960205,0.06484632380306721,0.1588117867708206,0.2121254324913025,0.2121254324913025
190,0.89349365234375,0.89349365234375,0.8138494877328099,1.0,0.5004181861877441,0.16701513528823853,0.20166917145252228,0.26541954278945923,0.21860869228839874,0.8138494968414307,0.38316317200660704,0.8138494968414307
191,0.73431396484375,0.73431396484375,0.9418046376002712,1.0,0.496512234210968,0.0,0.4808262884616852,0.0,0.12213585525751114,0.941804650425911,0.9151385426521301,0.941804650425911
192,0.68865966796875,0.68865966796875,0.8143955321071092,1.0,0.4304679334163666,0.0,0.39553263783454895,0.0,0.10306554287672043,0.8143955439329148,0.7550055414438247,0.8143955439329148
193,0.779052734375,0.779052734375,0.4021082901003571,1.0,0.21607114374637604,0.0,0.13080911338329315,0.0009932518005371094,0.041180308908224106,0.4021082952618599,0.25626891702413557,0.4021082952618599
194,0.7259521484375,0.7259521484375,0.8924632843581473,1.0,0.3911694288253784,0.0,0.4740813076496124,0.0,0.10716773569583893,0.7515131026506423,0.8924632966518403,0.8924632966518403
195,0.736328125,0.736328125,0.9401693067421129,1.0,0.4966091811656952,0.0,0.46272793412208557,0.0,0.11976766586303711,0.94016931951046,0.8825711995363235,0.94016931951046
196,0.7054443359375,0.7054443359375,0.9295603083924949,1.0,0.496143639087677,0.0,0.36501771211624146,0.0,0.10517769306898117,0.9295603215694427,0.7066462457180024,0.9295603215694427
197,0.720703125,0.720703125,0.9257632246310704,1.0,0.4891780912876129,0.0,0.4524267315864563,0.0,0.11752144247293472,0.9257632374763488,0.8632859259843827,0.9257632374763488
198,0.7198486328125,0.7198486328125,0.4158289404561793,1.0,0.22046396136283875,0.0,0.18993815779685974,0.0,0.05101723223924637,0.4158289462327957,0.3639350801706315,0.4158289462327957
199,0.6300048828125,0.6300048828125,0.35350650732875905,1.0,0.1876867711544037,0.0,0.15670324862003326,0.0,0.04270171746611595,0.35350651293992996,0.3008345246315003,0.35350651293992996
200,0.69140625,0.69140625,0.9288252159725006,1.0,0.49640917778015137,0.0,0.3528870940208435,0.0,0.1031724140048027,0.9288252294063568,0.6848376870155335,0.9288252294063568
201,0.6898193359375,0.6898193359375,0.6586429917699274,1.0,0.23462432622909546,0.0,0.3528780937194824,0.0,0.07052045315504074,0.4576115965843201,0.658643001317978,0.658643001317978
202,0.74609375,0.74609375,0.9556631377400467,1.0,0.4961133599281311,0.0,0.5033621191978455,0.0,0.12492786347866058,0.9433402597904206,0.9556631505489349,0.9556631505489349
203,0.6640625,0.6640625,0.9268760243552494,1.0,0.4960571527481079,0.0,0.3397316336631775,0.0,0.10088050365447998,0.926876038312912,0.6611226558685304,0.926876038312912
204,0.66796875,0.66796875,0.9269151846879045,1.0,0.4959156811237335,0.0,0.3426697254180908,0.0,0.1013791561126709,0.9269151985645295,0.6663970738649367,0.9269151985645295
205,0.7109375,0.7109375,0.9316208022921921,1.0,0.49366381764411926,0.0,0.43025943636894226,0.0,0.11494779586791992,0.931620815396309,0.823833367228508,0.931620815396309
206,0.74609375,0.74609375,0.9514169982705912,1.0,0.49516505002975464,0.0,0.5010558366775513,0.0,0.12452325969934464,0.9414026737213135,0.9514170110225678,0.9514170110225678
207,0.69921875,0.69921875,0.3931114349172076,1.0,0.20314213633537292,0.0,0.20710957050323486,0.0,0.051276665180921555,0.38636680245399474,0.39311144053936004,0.39311144053936004
208,0.6099853515625,0.6099853515625,0.9001509250652702,1.0,0.15706250071525574,0.0,0.4913581609725952,0.0,0.06179654598236084,0.33184831738471987,0.9001509398221971,0.9001509398221971
209,0.669677734375,0.669677734375,0.2820942516224298,1.0,0.15040206909179688,0.0,0.11370531469583511,0.0,0.03238209709525108,0.2820942558348179,0.2197097733616829,0.2820942558348179
210,0.9373779296875,0.9373779296875,0.9560448306135436,1.0,0.49722373485565186,0.0,0.36480602622032166,0.2456151843070984,0.18542274832725525,0.9560448408126831,0.5098810732364655,0.9560448408126831
211,0.74609375,0.74609375,0.9531608304777863,1.0,0.4965701997280121,0.0,0.5019465684890747,0.0,0.12481098622083664,0.9440210163593292,0.9531608432531358,0.9531608432531358
212,0.74212646484375,0.74212646484375,0.9472955605891564,1.0,0.4957738220691681,0.0,0.498732328414917,0.0,0.1243121549487114,0.9422661125659944,0.9472955733537674,0.9472955733537674
213,0.89752197265625,0.89752197265625,0.4597714641127438,1.0,0.15475602447986603,0.2111450433731079,0.23746417462825775,0.00531768798828125,0.1072225384414196,0.2805344447493553,0.4597714692354202,0.4597714692354202
214,0.89410400390625,0.89410400390625,0.8336001481760116,1.0,0.5005018711090088,0.13609331846237183,0.22881455719470978,0.18689990043640137,0.1926003322005272,0.8336001574993134,0.32600580155849457,0.8336001574993134
215,0.71148681640625,0.71148681640625,0.9373909997319281,1.0,0.4966253340244293,0.0,0.4346541166305542,0.0,0.115895576775074,0.9373910129070282,0.8320399433374406,0.9373910129070282
216,0.82098388671875,0.82098388671875,0.5785696525434494,1.0,0.2312861979007721,0.0734555721282959,0.3140736520290375,0.021546363830566406,0.10120511054992676,0.3911127001047135,0.5785696595907212,0.5785696595907212
217,0.69256591796875,0.69256591796875,0.5823057373725212,1.0,0.31176868081092834,0.0,0.21122120320796967,0.0,0.06300046294927597,0.582305745780468,0.4113750338554382,0.582305745780468
218,0.7000732421875,0.7000732421875,0.6810579351654558,1.0,0.19185534119606018,0.0,0.36770689487457275,0.0,0.06334833800792694,0.38211030364036563,0.681057944893837,0.681057944893837
219,0.69805908203125,0.69805908203125,0.9163919585796306,1.0,0.4931475818157196,0.0,0.28726324439048767,0.0,0.09098305553197861,0.9163919717073441,0.5663885980844497,0.9163919717073441
220,0.68505859375,0.68505859375,0.9276745571381287,1.0,0.49609375,0.0,0.3470582067966461,0.0,0.10215093940496445,0.9276745706796647,0.674314147233963,0.9276745706796647
221,0.69451904296875,0.69451904296875,0.8808987580063845,1.0,0.47072723507881165,0.0,0.3358974754810333,0.0,0.09804923832416534,0.8808987706899643,0.6516881793737412,0.8808987706899643
222,0.6805419921875,0.6805419921875,0.43310791511697094,1.0,0.22939790785312653,0.0,0.2019168734550476,0.0,0.0536959171295166,0.4331079214811325,0.3863901630043984,0.4331079214811325
223,0.74847412109375,0.74847412109375,0.3473436942483264,1.0,0.06563974171876907,0.0,0.1893220692873001,0.0,0.02509135752916336,0.13708374202251436,0.34734369888901717,0.34734369888901717
224,0.653564453125,0.653564453125,0.7835274218836972,1.0,0.4192412495613098,0.0,0.28893184661865234,0.0,0.08557348698377609,0.7835274338722229,0.5620014488697052,0.7835274338722229
225,0.64398193359375,0.64398193359375,0.27986992610021966,1.0,0.09295578300952911,0.0,0.15031908452510834,0.0,0.02876316010951996,0.18235231786966327,0.2798699304461479,0.2798699304461479
226,0.68585205078125,0.68585205078125,0.8454104181049406,1.0,0.3965182900428772,0.0,0.4476436674594879,0.0,0.10513391345739365,0.7584972888231277,0.8454104304313661,0.8454104304313661
227,0.93963623046875,0.93963623046875,0.8827195461029005,1.0,0.5032501816749573,0.07199752330780029,0.1414479911327362,0.20322448015213013,0.1477498635649681,0.8827195554971694,0.310170441865921,0.8827195554971694
228,0.676513671875,0.676513671875,0.6119892424779886,1.0,0.12468758970499039,0.0,0.3330669403076172,0.0,0.046387284994125366,0.2577443554997444,0.61198925152421,0.61198925152421
229,0.74609375,0.74609375,0.9537229886972185,1.0,0.49799251556396484,0.0,0.5021798610687256,0.0,0.1250193566083908,0.9466045141220093,0.9537230014801026,0.9537230014801026
230,0.69842529296875,0.69842529296875,0.9248799713152678,1.0,0.5039698481559753,0.0,0.17734257876873016,0.0,0.06743577122688293,0.9248799845576287,0.36961362659931185,0.9248799845576287
231,0.6767578125,0.6767578125,0.5719790165545409,1.0,0.2196127474308014,0.0,0.30556541681289673,0.0,0.0639117956161499,0.4258594870567322,0.5719790250062943,0.5719790250062943
232,0.74212646484375,0.74212646484375,0.9471791646404075,1.0,0.495865136384964,0.0,0.4986625909805298,0.0,0.12431497126817703,0.9424235045909881,0.94717917740345,0.94717917740345
233,0.6971435546875,0.6971435546875,0.9131416517643025,1.0,0.49441012740135193,0.0,0.2320343554019928,0.0,0.07964577525854111,0.9131416648626328,0.46710285246372224,0.9131416648626328
234,0.6666259765625,0.6666259765625,0.9075520140882204,1.0,0.48813319206237793,0.0,0.2891228199005127,0.0,0.09098374098539352,0.9075520277023316,0.5692343950271607,0.9075520277023316
235,0.67791748046875,0.67791748046875,0.6372253949820033,1.0,0.3375431299209595,0.0,0.29647770524024963,0.0,0.07892081886529922,0.637225404381752,0.5674141824245453,0.637225404381752
236,0.72601318359375,0.72601318359375,0.9081923568325408,1.0,0.4774111211299896,0.0,0.47802847623825073,0.0,0.11942989379167557,0.9071428656578064,0.9081923693418503,0.9081923693418503
237,0.71875,0.71875,0.9388754386213833,1.0,0.49644020199775696,0.0,0.45283088088035583,0.0,0.11840872466564178,0.9388754516839982,0.8647396057844161,0.9388754516839982
238,0.66748046875,0.66748046875,0.5108938170424769,1.0,0.23962220549583435,0.0,0.2705175578594208,0.0,0.06353400647640228,0.458371725678444,0.5108938246965409,0.5108938246965409
239,0.74609375,0.74609375,0.9544521770104659,1.0,0.4958333671092987,0.0,0.502704918384552,0.0,0.12481136620044708,0.9427705526351929,0.9544521898031234,0.9544521898031234
240,0.7022705078125,0.7022705078125,0.8624607648824719,1.0,0.46056249737739563,0.0,0.3344828188419342,0.0,0.09691207855939865,0.8624607771635056,0.6481253236532212,0.8624607771635056
241,0.74212646484375,0.74212646484375,0.9471309653450593,1.0,0.4958696961402893,0.0,0.49863556027412415,0.0,0.12431219965219498,0.9424290090799332,0.9471309781074524,0.9471309781074524
242,0.74212646484375,0.74212646484375,0.9484378061048471,1.0,0.49565955996513367,0.0,0.49937325716018677,0.0,0.12437736243009567,0.9421245336532593,0.9484378188848496,0.9484378188848496
243,0.657958984375,0.657958984375,0.7829341650224072,1.0,0.21949368715286255,0.0,0.42276933789253235,0.0,0.07260769605636597,0.43736557066440584,0.7829341769218445,0.7829341769218445
244,0.6875,0.6875,0.9314660354073204,1.0,0.4961630702018738,0.0,0.38372522592544556,0.0,0.10820446163415909,0.9314660489559173,0.7403217136859894,0.9314660489559173
245,0.68438720703125,0.68438720703125,0.5458011756063175,1.0,0.21730318665504456,0.0,0.2911504805088043,0.0,0.06222987174987793,0.42026078402996064,0.5458011835813522,0.5458011835813522
246,0.6473388671875,0.6473388671875,0.42437003940434065,1.0,0.22496706247329712,0.0,0.1942933350801468,0.0,0.05212777480483055,0.42437004595994954,0.3722247093915939,0.42437004595994954
247,0.60797119140625,0.60797119140625,0.5869382493514994,1.0,0.283551424741745,0.0,0.31032395362854004,0.0,0.07408371567726135,0.541424959897995,0.5869382590055465,0.5869382590055465
248,0.52392578125,0.52392578125,0.6062032703090215,1.0,0.20073235034942627,0.0,0.32562780380249023,0.0,0.06218939274549484,0.3938810110092163,0.6062032818794251,0.6062032818794251
249,0.71875,0.71875,0.8834686335193433,1.0,0.47565969824790955,0.0,0.2728118896484375,0.0,0.08692245930433273,0.883468645811081,0.5386273711919785,0.883468645811081
250,0.6973876953125,0.6973876953125,0.6880233800101658,1.0,0.12829305231571198,0.0,0.3751078248023987,0.0,0.04927840083837509,0.26843827664852143,0.6880233898758888,0.6880233898758888
251,0.74212646484375,0.74212646484375,0.9495105406847374,1.0,0.4959595501422882,0.0,0.4999525547027588,0.0,0.12448700517416,0.9427224457263946,0.9495105534791948,0.9495105534791948
252,0.66583251953125,0.66583251953125,0.9110298258331188,1.0,0.4872051179409027,0.0,0.3406062722206116,0.0,0.10028058290481567,0.9110298395156861,0.6618118017911911,0.9110298395156861
253,0.732177734375,0.732177734375,0.9155462855226117,1.0,0.4833264946937561,0.0,0.4555860757827759,0.0,0.11726167052984238,0.9155462980270386,0.8683875858783723,0.9155462980270386
254,0.67864990234375,0.67864990234375,0.9167173459156809,1.0,0.4917822480201721,0.0,0.31509312987327576,0.0,0.09613371640443802,0.9167173594236375,0.6163458585739136,0.9167173594236375
255,0.74609375,0.74609375,0.9537603727299206,1.0,0.4960038661956787,0.0,0.502311110496521,0.0,0.12478438764810562,0.9430380702018737,0.9537603855133058,0.9537603855133058
256,0.7425537109375,0.7425537109375,0.9412887386873817,1.0,0.4957731068134308,0.0,0.4889715909957886,0.0,0.12308721244335175,0.9412887513637542,0.9297261744737626,0.9412887513637542
257,0.68359375,0.68359375,0.9257590158458959,1.0,0.4947149455547333,0.0,0.35272127389907837,0.0,0.10299613326787949,0.9257590293884278,0.6843697875738144,0.9257590293884278
258,0.6053466796875,0.6053466796875,0.5651224937067028,1.0,0.21924054622650146,0.0,0.3017769157886505,0.0,0.06351281702518463,0.42481067478656775,0.565122503042221,0.565122503042221
259,0.8546142578125,0.8546142578125,0.49797849072457495,1.0,0.26151275634765625,0.0,0.10156677663326263,0.1709885597229004,0.08566658571362495,0.4979784965515137,0.2526772618293762,0.4979784965515137
260,0.74212646484375,0.74212646484375,0.9472786209493397,1.0,0.4958570897579193,0.0,0.4987182915210724,0.0,0.12432089447975159,0.9424145907163619,0.9472786337137223,0.9472786337137223
261,0.68695068359375,0.68695068359375,0.9260852798118964,1.0,0.49520766735076904,0.0,0.3471149206161499,0.0,0.10208451747894287,0.9260852932929993,0.6743276238441468,0.9260852932929993
262,0.74212646484375,0.74212646484375,0.949475993833091,1.0,0.4949006140232086,0.0,0.4999921917915344,0.0,0.12435835599899292,0.940820324420929,0.9494760066270829,0.9494760066270829
263,0.6904296875,0.6904296875,0.923907656997052,1.0,0.49364277720451355,0.0,0.3535067141056061,0.0,0.103034608066082,0.9239076703786849,0.6856763631105424,0.9239076703786849
264,0.74609375,0.74609375,0.9556735834539036,1.0,0.49797412753105164,0.0,0.5032645463943481,0.0,0.1251513510942459,0.9466798841953279,0.9556735962629318,0.9556735962629318
265,0.6094970703125,0.6094970703125,0.5845868729999484,1.0,0.245527982711792,0.0,0.3111300468444824,0.0,0.06862247735261917,0.47306337356567385,0.5845868825912476,0.5845868825912476
266,0.74212646484375,0.74212646484375,0.9487210861160216,1.0,0.4957795739173889,0.0,0.49952396750450134,0.0,0.12441117316484451,0.9423556298017502,0.9487210988998412,0.9487210988998412
267,0.72265625,0.72265625,0.9397684831513748,1.0,0.4964939057826996,0.0,0.4607946574687958,0.0,0.11949478089809418,0.9397684961557389,0.8790797740221024,0.9397684961557389
268,0.74609375,0.74609375,0.9531692257918905,1.0,0.4959385395050049,0.0,0.5019863247871399,0.0,0.12473602592945099,0.9428880035877228,0.9531692385673524,0.9531692385673524
269,0.6893310546875,0.6893310546875,0.9260687038069774,1.0,0.49625468254089355,0.0,0.32810288667678833,0.0,0.09884292632341385,0.9260687172412874,0.6402106642723083,0.9260687172412874
270,0.657958984375,0.657958984375,0.4648317415400219,1.0,0.24714232981204987,0.0,0.19975554943084717,0.0,0.05523763969540596,0.4648317486047745,0.3842742219567299,0.4648317486047745
271,0.65435791015625,0.65435791015625,0.2294739926555571,1.0,0.12242256850004196,0.0,0.0911337286233902,0.0,0.02612752839922905,0.22947399616241457,0.17628296837210655,0.22947399616241457
272,0.88702392578125,0.88702392578125,0.9201114789229419,1.0,0.5000223517417908,0.0,0.05309760570526123,0.1476149559020996,0.07775601744651794,0.9201114892959595,0.2732310712337494,0.9201114892959595
273,0.664306640625,0.664306640625,0.7135125231624115,1.0,0.3100165128707886,0.0,0.3791727125644684,0.0,0.08528553694486618,0.5959469944238662,0.713512533903122,0.713512533903122
274,0.65087890625,0.65087890625,0.8981352846917166,1.0,0.4838080108165741,0.0,0.2728087902069092,0.0,0.0874876007437706,0.8981352984905242,0.5394366234540939,0.8981352984905242
275,0.74212646484375,0.74212646484375,0.9473569205898936,1.0,0.4959067702293396,0.0,0.49875903129577637,0.0,0.12433220446109772,0.942508089542389,0.9473569333553314,0.9473569333553314
276,0.67352294921875,0.67352294921875,0.543308697024807,1.0,0.24372339248657227,0.0,0.28829798102378845,0.0,0.06603747606277466,0.4675319045782089,0.5433087050914764,0.5433087050914764
277,0.67840576171875,0.67840576171875,0.9140485748024303,1.0,0.4905017018318176,0.0,0.31145524978637695,0.0,0.09536652266979218,0.9140485882759094,0.6096696197986603,0.9140485882759094
278,0.74609375,0.74609375,0.9554552486627855,1.0,0.4959281086921692,0.0,0.5032569169998169,0.0,0.12489141523838043,0.9429962873458863,0.9554552614688874,0.9554552614688874
279,0.74609375,0.74609375,0.9507315925485765,1.0,0.49634796380996704,0.0,0.5006093382835388,0.0,0.12461738288402557,0.9434872686862946,0.9507316052913666,0.9507316052913666
280,0.72216796875,0.72216796875,0.9391094912188385,1.0,0.4966791570186615,0.0,0.45087021589279175,0.0,0.11816716194152832,0.9391095042228699,0.8612343043088914,0.9391095042228699
281,0.70703125,0.70703125,0.9361582087193769,1.0,0.4963327944278717,0.0,0.4275919198989868,0.0,0.11485304683446884,0.9361582219600677,0.8192987352609635,0.9361582219600677
282,0.74212646484375,0.74212646484375,0.9409000985199919,1.0,0.4923352003097534,0.0,0.4953703284263611,0.0,0.12346202880144119,0.9357403934001922,0.9409001111984253,0.9409001111984253
283,0.7225341796875,0.7225341796875,0.9244932046731134,1.0,0.4966655671596527,0.0,0.3049519658088684,0.0,0.09462609142065048,0.9244932174682617,0.5985800951719285,0.9244932174682617
284,0.68212890625,0.68212890625,0.9193040623601508,1.0,0.4954849183559418,0.0,0.27431222796440125,0.0,0.08858471363782883,0.9193040758371354,0.5433105021715164,0.9193040758371354
285,0.68438720703125,0.68438720703125,0.6722065723069803,1.0,0.1872626692056656,0.0,0.3630446195602417,0.0,0.06209537386894226,0.3733772665262222,0.6722065821290016,0.6722065821290016
286,0.716796875,0.716796875,0.9334225017741229,1.0,0.3204514682292938,0.0,0.5007652044296265,0.0,0.09781704843044281,0.6268891632556916,0.933422514796257,0.933422514796257
287,0.65667724609375,0.65667724609375,0.6963852895547731,1.0,0.25153160095214844,0.0,0.37290674448013306,0.0,0.0751594603061676,0.4900475561618805,0.6963853001594544,0.6963853001594544
288,0.74609375,0.74609375,0.9513097248125945,1.0,0.49602779746055603,0.0,0.5009483098983765,0.0,0.12461898475885391,0.9429448664188386,0.9513097375631333,0.9513097375631333
289,0.6678466796875,0.6678466796875,0.9222878586237883,1.0,0.4939151704311371,0.0,0.3324056565761566,0.0,0.09941672533750534,0.9222878724336624,0.6477216988801956,0.9222878724336624
290,0.74310302734375,0.74310302734375,0.9475553951304039,1.0,0.4959045350551605,0.0,0.4988694190979004,0.0,0.12434564530849457,0.942515105009079,0.9475554078817368,0.9475554078817368
291,0.60595703125,0.60595703125,0.6547627393135389,1.0,0.11838965862989426,0.0,0.3571798801422119,0.0,0.0459832027554512,0.24881937354803085,0.6547627501189708,0.6547627501189708
292,0.698486328125,0.698486328125,0.9278828458266373,1.0,0.4963226914405823,0.0,0.3450201451778412,0.0,0.1018199548125267,0.9278828591108322,0.6706685304641724,0.9278828591108322
293,0.74609375,0.74609375,0.9532105735334168,1.0,0.4959486126899719,0.0,0.5020087361335754,0.0,0.12474007159471512,0.9429083764553071,0.9532105863094329,0.9532105863094329
294,0.72601318359375,0.72601318359375,0.9297808757507675,1.0,0.496141642332077,0.0,0.36725932359695435,0.0,0.1055464968085289,0.9297808885574341,0.7106809467077255,0.9297808885574341
295,0.6856689453125,0.6856689453125,0.8656238250849112,1.0,0.257510781288147,0.0,0.46659597754478455,0.0,0.0832575336098671,0.510179004073143,0.8656238377094269,0.8656238377094269
296,0.703125,0.703125,0.9309984670791096,1.0,0.4941210448741913,0.0,0.41580599546432495,0.0,0.11290142685174942,0.9309984803199768,0.7978628963232042,0.9309984803199768
297,0.6796875,0.6796875,0.9304666769698982,1.0,0.4961601793766022,0.0,0.373783677816391,0.0,0.10661199688911438,0.9304666906595229,0.7224266380071641,0.9304666906595229
298,0.6787109375,0.6787109375,0.8254590590866102,1.0,0.45332029461860657,0.0,0.09482540935277939,0.0,0.04370395094156265,0.8254590712487697,0.21601776629686356,0.8254590712487697
299,0.7109375,0.7109375,0.9349051493033371,1.0,0.49648189544677734,0.0,0.4123775064945221,0.0,0.1126386895775795,0.9349051624536514,0.7919277012348175,0.9349051624536514
300,0.73095703125,0.73095703125,0.940306120167804,1.0,0.4959583580493927,0.0,0.4758108854293823,0.0,0.12141894549131393,0.9403061330318451,0.9060554295778276,0.9403061330318451
301,0.64410400390625,0.64410400390625,0.816255935274767,1.0,0.1731986701488495,0.0,0.44385337829589844,0.0,0.06349708139896393,0.35614294409751895,0.8162559479475021,0.8162559479475021
302,0.72314453125,0.72314453125,0.9207074187035877,1.0,0.4854910671710968,0.0,0.4682351052761078,0.0,0.11917675286531448,0.9207074314355851,0.8913722962141036,0.9207074314355851
303,0.69775390625,0.69775390625,0.7886929011560629,1.0,0.34022775292396545,0.0,0.4192611873149872,0.0,0.09391358494758606,0.6543360739946367,0.7886929124593735,0.7886929124593735
304,0.69476318359375,0.69476318359375,0.8285894006437862,1.0,0.43310871720314026,0.0,0.43626585602760315,0.0,0.10867039114236832,0.8232222765684128,0.8285894125699996,0.8285894125699996
305,0.91375732421875,0.91375732421875,0.4129610105858746,1.0,0.1710706353187561,0.0,0.2199188619852066,0.0,0.048116691410541534,0.32991902977228166,0.4129610151052475,0.4129610151052475
306,0.74212646484375,0.74212646484375,0.9473474464317343,1.0,0.4959000051021576,0.0,0.4987541437149048,0.0,0.12433075159788132,0.9424954235553741,0.9473474591970444,0.9473474591970444
307,0.63580322265625,0.63580322265625,0.5142317393009326,1.0,0.2711312174797058,0.0,0.2619555592536926,0.0,0.06661611050367355,0.5142317473888397,0.4986331284046173,0.5142317473888397
308,0.71380615234375,0.71380615234375,0.9287816185772573,1.0,0.4961751401424408,0.0,0.3566637933254242,0.0,0.1037892997264862,0.9287816315889359,0.6916123420000077,0.9287816315889359
309,0.67205810546875,0.67205810546875,0.511926869881326,1.0,0.2313612699508667,0.0,0.27155041694641113,0.0,0.06246378272771835,0.4436053276062012,0.5119268774986268,0.5119268774986268
310,0.68133544921875,0.68133544921875,0.9261845452747437,1.0,0.4939507246017456,0.0,0.37073254585266113,0.0,0.10591240972280502,0.9261845588684082,0.7167136549949646,0.9261845588684082
311,0.74212646484375,0.74212646484375,0.9472311965143629,1.0,0.49610114097595215,0.0,0.49867838621139526,0.0,0.12434660643339157,0.9428498923778534,0.9472312092781067,0.9472312092781067
312,0.72454833984375,0.72454833984375,0.932292171366447,1.0,0.5007243752479553,0.0,0.30988308787345886,0.0,0.09585727751255035,0.9322921842336656,0.6078619956970215,0.9322921842336656
313,0.74609375,0.74609375,0.9522504023235993,1.0,0.49458664655685425,0.0,0.5015509724617004,0.0,0.12451111525297165,0.9404110610485078,0.9522504150867461,0.9522504150867461
314,0.6806640625,0.6806640625,0.921471811704207,1.0,0.4935365319252014,0.0,0.3310606777667999,0.0,0.0991477444767952,0.9214718252420425,0.64526287317276,0.9214718252420425
315,0.6876220703125,0.6876220703125,0.9164052293543389,1.0,0.49334028363227844,0.0,0.283927321434021,0.0,0.09034480899572372,0.9164052426815033,0.5604032069444657,0.9164052426815033
316,0.71917724609375,0.71917724609375,0.9461081432872183,1.0,0.5048536658287048,0.0,0.3737155795097351,0.0,0.1074010580778122,0.9461081564426421,0.7231734097003938,0.9461081564426421
317,0.67047119140625,0.67047119140625,0.8967499509815009,1.0,0.4841058850288391,0.0,0.25359371304512024,0.0,0.08361007273197174,0.8967499643564224,0.5048792719841003,0.8967499643564224
318,0.7196044921875,0.7196044921875,0.9367751825806847,1.0,0.4956305921077728,0.0,0.44640129804611206,0.0,0.11743283271789551,0.9367751955986022,0.8530853956937791,0.9367751955986022
319,0.7386474609375,0.7386474609375,0.9409710756703145,1.0,0.495810329914093,0.0,0.48512494564056396,0.0,0.12260235846042633,0.9409710884094239,0.9228059351444244,0.9409710884094239
320,0.95355224609375,0.95355224609375,0.8452677638101509,1.0,0.5032145977020264,0.1771773099899292,0.41349247097969055,0.3987410068511963,0.3131539933383465,0.8452677726745605,0.4933328330516815,0.8452677726745605
321,0.66455078125,0.66455078125,0.6613558416387101,1.0,0.15102426707744598,0.0,0.3590296804904938,0.0,0.05391325801610947,0.30774664878845215,0.6613558515906335,0.6613558515906335
322,0.7254638671875,0.7254638671875,0.9215940020603185,1.0,0.49608829617500305,0.0,0.286350816488266,0.0,0.09101303666830063,0.9215940147638321,0.5650402992963791,0.9215940147638321
323,0.69183349609375,0.69183349609375,0.703670989236665,1.0,0.363226979970932,0.0,0.3707490563392639,0.0,0.09173735976219177,0.690883469581604,0.7036709994077683,0.7036709994077683
324,0.6737060546875,0.6737060546875,0.6824725437190969,1.0,0.24245372414588928,0.0,0.3656817674636841,0.0,0.07295725494623184,0.47298488020896917,0.6824725538492203,0.6824725538492203
325,0.72662353515625,0.72662353515625,0.9327046623614541,1.0,0.4918893873691559,0.0,0.4730377793312073,0.0,0.1205698698759079,0.9327046751976014,0.9006569415330887,0.9327046751976014
326,0.6453857421875,0.6453857421875,0.3292548814063122,1.0,0.17417046427726746,0.0,0.15748050808906555,0.0,0.04135151579976082,0.329254886507988,0.3008819609880447,0.329254886507988
327,0.672607421875,0.672607421875,0.9106536491424241,1.0,0.4878530502319336,0.0,0.3251817226409912,0.0,0.0976392850279808,0.9106536626815797,0.6341124057769775,0.9106536626815797
328,0.68682861328125,0.68682861328125,0.9273245646644657,1.0,0.49619239568710327,0.0,0.34178265929222107,0.0,0.10124874114990234,0.9273245781660081,0.6648280262947082,0.9273245781660081
329,0.675048828125,0.675048828125,0.6520871408542743,1.0,0.24464885890483856,0.0,0.3486790359020233,0.0,0.0719199925661087,0.47523584961891174,0.6520871505141259,0.6520871505141259
330,0.7255859375,0.7255859375,0.9240324042047532,1.0,0.49617263674736023,0.0,0.30921670794487,0.0,0.09538765251636505,0.9240324169397355,0.6062073379755021,0.9240324169397355
331,0.6600341796875,0.6524658203125,0.9098599076254308,2.0,0.4938449263572693,0.0,0.31493088603019714,0.0,0.09626510739326477,0.9204139560461044,0.6162600874900819,0.9204139560461044
332,0.68890380859375,0.68890380859375,0.915303374951579,1.0,0.4960770905017853,0.0,0.22364625334739685,0.0,0.07788620889186859,0.9153033882379532,0.45217096507549287,0.9153033882379532
333,0.6241455078125,0.6192626953125,0.5198977151173636,2.0,0.28340211510658264,0.0,0.13873247802257538,0.0,0.04689595475792885,0.5239970549941063,0.2780586719512939,0.5239970549941063
334,0.6661376953125,0.6661376953125,0.9189088504651416,1.0,0.2569957375526428,0.0,0.4962273836135864,0.0,0.08509115129709244,0.5122150659561158,0.9189088642597198,0.9189088642597198
335,0.74212646484375,0.74212646484375,0.9465509525545657,1.0,0.4960154891014099,0.0,0.49830523133277893,0.0,0.12428943812847137,0.9426584035158156,0.9465509653091432,0.9465509653091432
336,0.71136474609375,0.71136474609375,0.929062752776429,1.0,0.4952208995819092,0.0,0.37665146589279175,0.0,0.10698676109313965,0.9290627658367158,0.7274947285652161,0.9290627658367158
337,0.68798828125,0.68798828125,0.7317408008312221,1.0,0.390631765127182,0.0,0.28603634238243103,0.0,0.0825861319899559,0.7317408114671707,0.5539285928010941,0.7317408114671707
338,0.74212646484375,0.74212646484375,0.9483892372607062,1.0,0.4954785704612732,0.0,0.49935632944107056,0.0,0.12435247004032135,0.9417970597743989,0.9483892500400543,0.9483892500400543
339,0.69158935546875,0.69158935546875,0.3975033449274273,1.0,0.18289823830127716,0.0,0.21067418158054352,0.0,0.0489521287381649,0.3502842471003532,0.39750335067510606,0.39750335067510606
340,0.67596435546875,0.67596435546875,0.9195565072756444,1.0,0.21843425929546356,0.0,0.49872949719429016,0.0,0.07686300575733185,0.4430546164512634,0.9195565208792686,0.9195565208792686
341,0.7259521484375,0.7259521484375,0.9298465511266318,1.0,0.4932255148887634,0.0,0.42040637135505676,0.0,0.11348079144954681,0.9298465639352799,0.8060540199279785,0.9298465639352799
342,0.65679931640625,0.65679931640625,0.42409581939395596,1.0,0.2249133586883545,0.0,0.19251780211925507,0.0,0.05186557397246361,0.4240958258509636,0.3690233796834946,0.4240958258509636
343,0.64971923828125,0.64971923828125,0.44875086451306373,1.0,0.15930446982383728,0.0,0.24045579135417938,0.0,0.047951582819223404,0.31079362481832506,0.4487508714199066,0.4487508714199066
344,0.6995849609375,0.6995849609375,0.6765348844382544,1.0,0.31560346484184265,0.0,0.3583191931247711,0.0,0.08390257507562637,0.6039181560277939,0.6765348941087723,0.6765348941087723
345,0.69970703125,0.69970703125,0.9246720152072244,1.0,0.4944300055503845,0.0,0.34698018431663513,0.0,0.10199447721242905,0.9246720284223556,0.6740073323249817,0.9246720284223556
346,0.67462158203125,0.67462158203125,0.6877495008088974,1.0,0.25275105237960815,0.0,0.36804133653640747,0.0,0.07496729493141174,0.49175602793693546,0.6877495110034942,0.6877495110034942
347,0.6953125,0.6953125,0.9178041326131086,1.0,0.4927448034286499,0.0,0.30863499641418457,0.0,0.09501789510250092,0.9178041458129883,0.6048174738883972,0.9178041458129883
348,0.6717529296875,0.6717529296875,0.9212531310268921,1.0,0.4927610158920288,0.0,0.34283316135406494,0.0,0.10113909095525742,0.9212531447410583,0.6663757920265199,0.9212531447410583
349,0.74609375,0.74609375,0.9520672044701054,1.0,0.4961031377315521,0.0,0.5013649463653564,0.0,0.1246800497174263,0.9431221425533296,0.9520672172307968,0.9520672172307968
350,0.7430419921875,0.7430419921875,0.9480329743589597,1.0,0.4958040714263916,0.0,0.49914032220840454,0.0,0.1243666484951973,0.9423613607883454,0.9480329871177673,0.9480329871177673
351,0.681396484375,0.681396484375,0.7299935650981879,1.0,0.384668231010437,0.0,0.3759075999259949,0.0,0.0950593650341034,0.7299935758113862,0.7151005029678345,0.7299935758113862
352,0.72265625,0.72265625,0.939785246957486,1.0,0.49674540758132935,0.0,0.45643526315689087,0.0,0.11893468350172043,0.939785259962082,0.8712580144405365,0.939785259962082
353,0.906005859375,0.906005859375,0.823622122256963,1.0,0.4622519314289093,0.05143606662750244,0.12254942208528519,0.20462566614151,0.13257482647895813,0.8236221313476562,0.32165545821189884,0.8236221313476562
354,0.66650390625,0.66650390625,0.9183505099316291,1.0,0.4912818372249603,0.0,0.34043216705322266,0.0,0.10059874504804611,0.9183505237102508,0.6619060844182968,0.9183505237102508
355,0.70111083984375,0.70111083984375,0.6955474650001006,1.0,0.15303488075733185,0.0,0.37791332602500916,0.0,0.055373601615428925,0.31325411796569824,0.6955474749207498,0.6955474749207498
356,0.68743896484375,0.68743896484375,0.9288114651036227,1.0,0.2992953062057495,0.0,0.49937885999679565,0.0,0.09375382214784622,0.5886694371700286,0.9288114786148072,0.9288114786148072
357,0.87969970703125,0.87969970703125,0.16158673281567953,1.0,0.07812289893627167,0.0,0.11064792424440384,0.099007248878479,0.050374096259474754,0.16158673465251921,0.12777275443077088,0.16158673465251921
358,0.741455078125,0.741455078125,0.9405752442581702,1.0,0.4956056773662567,0.0,0.48485037684440613,0.0,0.12254226207733154,0.9405752569437027,0.9222912460565568,0.9405752569437027
359,0.7181396484375,0.7181396484375,0.549070609910836,1.0,0.24782440066337585,0.0,0.2912712097167969,0.0,0.06695068627595901,0.47521104216575627,0.5490706175565719,0.5490706175565719
360,0.6640625,0.6640625,0.9261196682465297,1.0,0.4962732493877411,0.0,0.3282783329486847,0.0,0.09887581318616867,0.9261196821928025,0.6405283242464065,0.9261196821928025
361,0.7020263671875,0.7020263671875,0.8016221885935164,1.0,0.4246225953102112,0.0,0.37301528453826904,0.0,0.09928823262453079,0.8016222000122071,0.7138897716999054,0.8016222000122071
362,0.9791259765625,0.9791259765625,0.8320561204807817,1.0,0.5019752979278564,0.20675331354141235,0.509459912776947,0.42957252264022827,0.35068825259804726,0.8320561289787293,0.644242686033249,0.8320561289787293
363,0.66064453125,0.66064453125,0.45227443412803964,1.0,0.08919104188680649,0.0,0.24630852043628693,0.0,0.03357395902276039,0.1851747274398804,0.4522744409739971,0.4522744409739971
364,0.66668701171875,0.66668701171875,0.20160557697807813,1.0,0.06531857699155807,0.0,0.10837429016828537,0.0,0.020416151732206345,0.1284108676016331,0.2016055800020695,0.2016055800020695
365,0.67120361328125,0.67120361328125,0.9233381431820992,1.0,0.49572107195854187,0.0,0.3104022741317749,0.0,0.09557382017374039,0.9233381569385529,0.608296200633049,0.9233381569385529
366,0.70819091796875,0.70819091796875,0.26757466266220253,1.0,0.07036067545413971,0.0,0.1447436660528183,0.0,0.023845035582780838,0.14112358242273332,0.2675746664404869,0.2675746664404869
367,0.74609375,0.74609375,0.9516413888935372,1.0,0.4955603778362274,0.0,0.5011585354804993,0.0,0.12458592653274536,0.9421245336532593,0.9516414016485214,0.9516414016485214
368,0.7421875,0.7421875,0.9493263086917355,1.0,0.4910230338573456,0.0,0.500124454498291,0.0,0.12388300150632858,0.9338539063930512,0.9493263214826584,0.9493263214826584
369,0.74609375,0.74609375,0.9497689566867307,1.0,0.4944173991680145,0.0,0.5001817941665649,0.0,0.12432073056697845,0.9399694979190827,0.9497689694166184,0.9497689694166184
370,0.67364501953125,0.67364501953125,0.5210826587810332,1.0,0.12206247448921204,0.0,0.28270912170410156,0.0,0.04317152127623558,0.24798336625099182,0.521082666516304,0.521082666516304
371,0.67425537109375,0.67425537109375,0.8484879457279606,1.0,0.4564918875694275,0.0,0.26802560687065125,0.0,0.08463092893362045,0.8484879583120346,0.5280952811241151,0.8484879583120346
372,0.65777587890625,0.65777587890625,0.6329994552461689,1.0,0.23967698216438293,0.0,0.33835098147392273,0.0,0.07017775624990463,0.46525366604328156,0.6329994648694992,0.6329994648694992
373,0.74609375,0.74609375,0.9553487411244639,1.0,0.4960721731185913,0.0,0.503189742565155,0.0,0.12490139901638031,0.9432488858699799,0.9553487539291382,0.9553487539291382
374,0.721923828125,0.721923828125,0.9316187401709316,1.0,0.4964633285999298,0.0,0.37984761595726013,0.0,0.10761591047048569,0.9316187530755997,0.7333720415830612,0.9316187530755997
375,0.74609375,0.74609375,0.9522848031438704,1.0,0.49586084485054016,0.0,0.5014992952346802,0.0,0.12466602772474289,0.9426994502544404,0.9522848159074784,0.9522848159074784
376,0.74212646484375,0.74212646484375,0.9483768484354567,1.0,0.4961453974246979,0.0,0.4993124008178711,0.0,0.12443095445632935,0.9429929554462433,0.9483768612146378,0.9483768612146378
377,0.73297119140625,0.73297119140625,0.5869372824224243,1.0,0.31075501441955566,0.0,0.27578264474868774,0.0,0.07305701822042465,0.5869372904300689,0.5274842619895935,0.5869372904300689
378,0.718017578125,0.718017578125,0.9182234338192755,1.0,0.48466214537620544,0.0,0.4583158493041992,0.0,0.11778028309345245,0.9182234466075897,0.8734347432851791,0.9182234466075897
379,0.71917724609375,0.71917724609375,0.9372021514991661,1.0,0.49644842743873596,0.0,0.4359499514102936,0.0,0.11606015264987946,0.9372021645307541,0.834354755282402,0.9372021645307541
380,0.6866455078125,0.6866455078125,0.9262683435487374,1.0,0.496018648147583,0.0,0.3343479037284851,0.0,0.09993307292461395,0.926268357038498,0.6514280915260315,0.926268357038498
381,0.72039794921875,0.72039794921875,0.5233555855224534,1.0,0.22615064680576324,0.0,0.27818918228149414,0.0,0.06237483024597168,0.43489008247852323,0.5233555927872657,0.5233555927872657
382,0.74609375,0.74609375,0.9498947105645924,1.0,0.49594852328300476,0.0,0.5001665949821472,0.0,0.12451215088367462,0.9427240014076234,0.9498947232961655,0.9498947232961655
383,0.7178955078125,0.7178955078125,0.6789804140521464,1.0,0.18978317081928253,0.0,0.36666783690452576,0.0,0.06285106390714645,0.3782764911651611,0.6789804235100746,0.6789804235100746
384,0.74609375,0.74609375,0.9527506283377078,1.0,0.4952104687690735,0.0,0.5017942190170288,0.0,0.12462015450000763,0.9415582656860352,0.9527506411075592,0.9527506411075592
385,0.7659912109375,0.7659912109375,0.6224938922320316,1.0,0.24146606028079987,0.0,0.3324151635169983,0.0,0.06995551288127899,0.46788042485713954,0.6224939003586769,0.6224939003586769
386,0.674072265625,0.674072265625,0.8206109953376837,1.0,0.18849004805088043,0.0,0.44542333483695984,0.0,0.06714486330747604,0.3838244199752807,0.8206110075116158,0.8206110075116158
387,0.6729736328125,0.66015625,0.9079889173634569,2.0,0.49595412611961365,0.0,0.32900726795196533,0.0,0.09898017346858978,0.9256181538105012,0.641808494925499,0.9256181538105012
388,0.6646728515625,0.6646728515625,0.5072133867128299,1.0,0.20777730643749237,0.0,0.27024203538894653,0.0,0.05874067172408104,0.401023355126381,0.507213394343853,0.507213394343853
389,0.703857421875,0.703857421875,0.9342667387311009,1.0,0.4961918890476227,0.0,0.4112135171890259,0.0,0.11243521422147751,0.9342667520046235,0.7898035198450089,0.9342667520046235
390,0.74609375,0.74609375,0.9545247873877581,1.0,0.4960659444332123,0.0,0.5027323365211487,0.0,0.12484421581029892,0.943191933631897,0.9545248001813889,0.9545248001813889
391,0.794189453125,0.794189453125,0.21934535525222978,1.0,0.10920381546020508,0.15741384029388428,0.10704644024372101,0.0,0.0646309144794941,0.20668650418519974,0.21934535801410676,0.21934535801410676
392,0.74212646484375,0.74212646484375,0.9451460293728893,1.0,0.4974530339241028,0.0,0.49730581045150757,0.0,0.1243448555469513,0.9451460421085358,0.944895762205124,0.9451460421085358
393,0.74212646484375,0.74212646484375,0.9470778814491376,1.0,0.49581682682037354,0.0,0.4986090064048767,0.0,0.12430224567651749,0.9423311889171601,0.9470778942108155,0.9470778942108155
394,0.724853515625,0.724853515625,0.9230447284194927,1.0,0.4961755573749542,0.0,0.2992873787879944,0.0,0.09351726621389389,0.9230447411537172,0.5883348375558852,0.9230447411537172
395,0.6822509765625,0.6822509765625,0.9234055622175681,1.0,0.495371550321579,0.0,0.3173678517341614,0.0,0.09683077782392502,0.9234055757522583,0.6207992881536484,0.9234055757522583
396,0.7301025390625,0.7301025390625,0.9210453652352447,1.0,0.4836147725582123,0.0,0.48482438921928406,0.0,0.12105470895767212,0.9189890295267106,0.9210453778505325,0.9210453778505325
397,0.69818115234375,0.69818115234375,0.9247312681548654,1.0,0.496001660823822,0.0,0.3192829191684723,0.0,0.09722993522882462,0.9247312813997269,0.6243094205856323,0.9247312813997269
398,0.73583984375,0.73583984375,0.9411070308343609,1.0,0.4960923492908478,0.0,0.48140814900398254,0.0,0.12215999513864517,0.9411070436239243,0.9161439031362534,0.9411070436239243
399,0.63275146484375,0.63275146484375,0.7738366958391375,1.0,0.4205658435821533,0.0,0.1681818962097168,0.0,0.06112561374902725,0.7738367080688476,0.3447839975357056,0.7738367080688476
400,0.69036865234375,0.69036865234375,0.7221148147888746,1.0,0.385232150554657,0.0,0.28696954250335693,0.0,0.08224848657846451,0.7221148252487183,0.5550683915615082,0.7221148252487183
401,0.66162109375,0.66162109375,0.6141834732447237,1.0,0.23952338099479675,0.0,0.32790619134902954,0.0,0.06922826170921326,0.4639327049255371,0.6141834825277329,0.6141834825277329
402,0.70458984375,0.70458984375,0.9277135449110946,1.0,0.4962277412414551,0.0,0.34503623843193054,0.0,0.1018146499991417,0.9277135580778122,0.6706880033016205,0.9277135580778122
403,0.714111328125,0.714111328125,0.9130241988894685,1.0,0.049075253307819366,0.0,0.5045092701911926,0.0,0.032234691083431244,0.13878638297319412,0.9130242116749288,0.9130242116749288
404,0.89910888671875,0.89910888671875,0.9555003864589502,1.0,0.5053695440292358,0.0,0.29826053977012634,0.16009163856506348,0.14812783151865005,0.9555003970861434,0.4593326151371002,0.9555003970861434
405,0.6348876953125,0.6348876953125,0.47993493069260484,1.0,0.22290803492069244,0.0,0.2542467415332794,0.0,0.05938761681318283,0.42665913701057434,0.4799349382519722,0.4799349382519722
406,0.7271728515625,0.7271728515625,0.9275078347925468,1.0,0.4961800277233124,0.0,0.3438379764556885,0.0,0.10160373896360397,0.9275078475475312,0.6685263603925704,0.9275078475475312
407,0.68145751953125,0.68145751953125,0.6504958504349279,1.0,0.3001921474933624,0.0,0.34470924735069275,0.0,0.08022946119308472,0.5748167902231217,0.6504958599805831,0.6504958599805831
408,0.736083984375,0.736083984375,0.9396953872334748,1.0,0.4959970712661743,0.0,0.4690067172050476,0.0,0.12053114920854568,0.9396953999996185,0.8938117980957032,0.9396953999996185
409,0.65655517578125,0.65655517578125,0.6273153388321168,1.0,0.28322285413742065,0.0,0.33277392387390137,0.0,0.0765029639005661,0.5430785298347474,0.6273153483867645,0.6273153483867645
410,0.7216796875,0.7216796875,0.7921780118846162,1.0,0.15371721982955933,0.0,0.4315590560436249,0.0,0.05820155888795853,0.31984690129756926,0.7921780228614808,0.7921780228614808
411,0.70703125,0.70703125,0.9357874886957431,1.0,0.4962964951992035,0.0,0.42453810572624207,0.0,0.11440744251012802,0.9357875019311905,0.813798239827156,0.9357875019311905
412,0.6796875,0.6796875,0.9275997204204727,1.0,0.49618420004844666,0.0,0.3446817398071289,0.0,0.10174980014562607,0.927599734067917,0.6700455516576767,0.927599734067917
413,0.647216796875,0.647216796875,0.5039203387125304,1.0,0.2433794140815735,0.0,0.2664346694946289,0.0,0.06359656155109406,0.4647264122962952,0.5039203464984894,0.5039203464984894
414,0.72174072265625,0.72174072265625,0.9170969031343663,1.0,0.4927445948123932,0.0,0.3015664517879486,0.0,0.0936947762966156,0.9170969158411026,0.5920940726995468,0.9170969158411026
415,0.720458984375,0.720458984375,0.9241639575237858,1.0,0.4959618151187897,0.0,0.31432703137397766,0.0,0.09631850570440292,0.9241639703512192,0.6153848379850387,0.9241639703512192
416,0.66015625,0.66015625,0.9210457274869304,1.0,0.4953962564468384,0.0,0.2933247983455658,0.0,0.09231825917959213,0.9210457414388656,0.5775242626667023,0.9210457414388656
417,0.72119140625,0.72119140625,0.9071653925755232,1.0,0.49046677350997925,0.0,0.24325212836265564,0.0,0.08183512091636658,0.9071654051542283,0.48690050840377813,0.9071654051542283
418,0.74212646484375,0.74212646484375,0.947256284109011,1.0,0.4959169626235962,0.0,0.4987025558948517,0.0,0.12432646006345749,0.9425207883119584,0.9472562968730927,0.9472562968730927
419,0.72943115234375,0.72943115234375,0.9373625328780869,1.0,0.4956691861152649,0.0,0.45158010721206665,0.0,0.11814992874860764,0.9373625457286834,0.8624111115932466,0.9373625457286834
420,0.66839599609375,0.66839599609375,0.607299229357455,1.0,0.2627182602882385,0.0,0.32279300689697266,0.0,0.07242244482040405,0.5051721692085267,0.6072992384433746,0.6072992384433746
421,0.5955810546875,0.5955810546875,0.4516682258407684,1.0,0.24453431367874146,0.0,0.11506468802690506,0.0,0.039458539336919785,0.45166823342442514,0.23156986981630326,0.45166823342442514
422,0.6796875,0.6796875,0.9272719276615853,1.0,0.496065229177475,0.0,0.3435452878475189,0.0,0.1015433818101883,0.9272719413042069,0.6679880410432816,0.9272719413042069
423,0.6962890625,0.6962890625,0.7164504872184936,1.0,0.3210015594959259,0.0,0.38019463419914246,0.0,0.08702711760997772,0.6158222705125809,0.716450497508049,0.716450497508049
424,0.730224609375,0.730224609375,0.9245234362832826,1.0,0.4926079511642456,0.0,0.37829136848449707,0.0,0.1070026159286499,0.9245234489440918,0.7301852583885193,0.9245234489440918
425,0.90972900390625,0.90972900390625,0.40596048683719604,1.0,0.2138095647096634,0.0,0.07575405389070511,0.13527870178222656,0.06697508692741394,0.40596049129962924,0.20427937656641004,0.40596049129962924
426,0.72064208984375,0.72064208984375,0.9199873856197838,1.0,0.4964413046836853,0.0,0.2639304995536804,0.0,0.08653983473777771,0.9199873983860016,0.5247190296649933,0.9199873983860016
427,0.69390869140625,0.69390869140625,0.5893795464933355,1.0,0.25415176153182983,0.0,0.3133135437965393,0.0,0.07016631215810776,0.48880452513694767,0.5893795549869537,0.5893795549869537
428,0.74609375,0.74609375,0.9539484641246849,1.0,0.4958023130893707,0.0,0.50242680311203,0.0,0.12477315217256546,0.9426868438720704,0.9539484769105911,0.9539484769105911
429,0.682861328125,0.682861328125,0.6868968311689113,1.0,0.20381365716457367,0.0,0.37028637528419495,0.0,0.06596281379461288,0.4038932204246521,0.6868968412280083,0.6868968412280083
430,0.68768310546875,0.68768310546875,0.8758132240969092,1.0,0.4648357331752777,0.0,0.39108917117118835,0.0,0.10619929432868958,0.8758132368326188,0.7504440814256668,0.8758132368326188
431,0.6669921875,0.6669921875,0.9176105987541934,1.0,0.49375492334365845,0.0,0.2885175049304962,0.0,0.09127024561166763,0.9176106125116349,0.5687070012092591,0.9176106125116349
432,0.74212646484375,0.74212646484375,0.948403369521792,1.0,0.49568963050842285,0.0,0.49935245513916016,0.0,0.12437857687473297,0.9421765804290773,0.9484033823013305,0.9484033823013305
433,0.718994140625,0.718994140625,0.9347704250739801,1.0,0.4965533912181854,0.0,0.4097433388233185,0.0,0.11225242167711258,0.9347704380750657,0.7871933490037918,0.9347704380750657
434,0.767578125,0.767578125,0.31347350814837394,1.0,0.1682957410812378,0.0,0.10364378988742828,0.0017679929733276367,0.03277257829904556,0.31347351223230363,0.20197400152683256,0.31347351223230363
435,0.6890869140625,0.6890869140625,0.6674615256484138,1.0,0.35369157791137695,0.0,0.3081669509410858,0.0,0.08234183490276337,0.6674615353345871,0.5900696694850922,0.6674615353345871
436,0.674072265625,0.674072265625,0.9222987425593078,1.0,0.4951813519001007,0.0,0.30972322821617126,0.0,0.09540636837482452,0.9222987562417985,0.6070199459791183,0.9222987562417985
437,0.72210693359375,0.72210693359375,0.7021836585913154,1.0,0.21112756431102753,0.0,0.3783727288246155,0.0,0.06797768920660019,0.41786688864231114,0.7021836683154107,0.7021836683154107
438,0.73358154296875,0.73358154296875,0.9245080792047027,1.0,0.3984265625476837,0.0,0.4914807975292206,0.0,0.1100287139415741,0.7663158923387527,0.9245080918073655,0.9245080918073655
439,0.73822021484375,0.73822021484375,0.9425955376494128,1.0,0.49645957350730896,0.0,0.4896831810474396,0.0,0.12326202541589737,0.9425955504179002,0.9310756832361221,0.9425955504179002
440,0.6912841796875,0.6912841796875,0.9260098919427849,1.0,0.4926617741584778,0.0,0.39218711853027344,0.0,0.10918907076120377,0.9260099053382874,0.75520299077034,0.9260099053382874
441,0.72149658203125,0.72149658203125,0.9314719458461717,1.0,0.4963229298591614,0.0,0.3809068500995636,0.0,0.10777173936367035,0.931471958756447,0.7352646231651305,0.931471958756447
442,0.71484375,0.71484375,0.9365398365376166,1.0,0.49573397636413574,0.0,0.4421869218349457,0.0,0.11685860902070999,0.936539849638939,0.8455098569393158,0.936539849638939
443,0.69964599609375,0.69964599609375,0.6413600025298939,1.0,0.2823347747325897,0.0,0.3406258523464203,0.0,0.07719124108552933,0.5422651797533035,0.6413600116968156,0.6413600116968156
444,0.69970703125,0.69970703125,0.9049623538859352,1.0,0.496662974357605,0.0,0.10969012975692749,0.0,0.049488432705402374,0.9049623668193818,0.24710853099823,0.9049623668193818
445,0.74609375,0.74609375,0.9551043591039281,1.0,0.49595221877098083,0.0,0.5030606389045715,0.0,0.12487027794122696,0.9430200576782226,0.9551043719053269,0.9551043719053269
446,0.71112060546875,0.71112060546875,0.931996633417448,1.0,0.33832672238349915,0.0,0.49897998571395874,0.0,0.10087871551513672,0.6588860988616944,0.9319966465234757,0.9319966465234757
447,0.69232177734375,0.69232177734375,0.9145071553221388,1.0,0.4926355481147766,0.0,0.27763181924819946,0.0,0.08905317634344101,0.9145071685314179,0.5490008294582367,0.9145071685314179
448,0.7427978515625,0.7427978515625,0.9392229877628233,1.0,0.4948330521583557,0.0,0.4852350652217865,0.0,0.12249676138162613,0.939223000407219,0.9229064226150513,0.939223000407219
449,0.6959228515625,0.6959228515625,0.8386771737225542,1.0,0.2777196168899536,0.0,0.4505029022693634,0.0,0.08603998273611069,0.5449456006288528,0.8386771857738495,0.8386771857738495
450,0.73602294921875,0.73602294921875,0.9410638115102031,1.0,0.4969366192817688,0.0,0.4657790958881378,0.0,0.12021348625421524,0.9410638242959977,0.888096034526825,0.9410638242959977
451,0.7265625,0.7265625,0.9357475658610136,1.0,0.49614256620407104,0.0,0.42690959572792053,0.0,0.11473424732685089,0.9357475787401199,0.8180515289306641,0.9357475787401199
452,0.65740966796875,0.65740966796875,0.4460141948566648,1.0,0.23123958706855774,0.0,0.23493902385234833,0.0,0.058268655091524124,0.4397251591086388,0.4460142016410828,0.4460142016410828
453,0.830078125,0.830078125,0.928258252882007,1.0,0.5014315843582153,0.0,0.16448022425174713,0.09233391284942627,0.09493096172809601,0.9282582640647888,0.27234043180942535,0.9282582640647888
454,0.71343994140625,0.71343994140625,0.9240728278574658,1.0,0.4952148199081421,0.0,0.3268616497516632,0.0,0.09853668510913849,0.9240728408098221,0.637872451543808,0.9240728408098221
455,0.677001953125,0.677001953125,0.6687056383063675,1.0,0.262134313583374,0.0,0.3569401204586029,0.0,0.07559027522802353,0.5075357764959335,0.6687056481838226,0.6687056481838226
456,0.7109375,0.7109375,0.9366402941325226,1.0,0.49631765484809875,0.0,0.4326852858066559,0.0,0.11558182537555695,0.9366403073072433,0.8284652799367905,0.9366403073072433
457,0.69244384765625,0.69244384765625,0.9168859021572944,1.0,0.49065443873405457,0.0,0.337079256772995,0.0,0.09996426105499268,0.9168859153985978,0.6558081060647964,0.9168859153985978
458,0.74212646484375,0.74212646484375,0.9474414936192259,1.0,0.4959017038345337,0.0,0.49880629777908325,0.0,0.12433744221925735,0.942503696680069,0.9474415063858033,0.9474415063858033
459,0.68609619140625,0.68609619140625,0.780585370011464,1.0,0.41446277499198914,0.0,0.345523864030838,0.0,0.09421983361244202,0.7805853813886642,0.6633892327547074,0.7805853813886642
460,0.79901123046875,0.79901123046875,0.9342081191444344,1.0,0.4981204867362976,0.02445971965789795,0.4062502682209015,0.16534000635147095,0.1794029101729393,0.9342081308364868,0.6512364983558655,0.9342081308364868
461,0.66015625,0.66015625,0.7660501751491993,1.0,0.4089720547199249,0.0,0.2990048825740814,0.0,0.08638717234134674,0.766050186753273,0.579105994105339,0.766050186753273
462,0.74212646484375,0.74212646484375,0.947518368708789,1.0,0.49595484137535095,0.0,0.49884605407714844,0.0,0.12434907257556915,0.9426033198833466,0.9475183814764023,0.9475183814764023
463,0.95062255859375,0.95062255859375,0.8184646997184714,1.0,0.5015618205070496,0.19547969102859497,0.40118208527565,0.31918978691101074,0.298261571675539,0.8184647083282471,0.5364800751209259,0.8184647083282471
464,0.86004638671875,0.86004638671875,0.9680293864705104,1.0,0.5001885890960693,0.0,0.4193294644355774,0.25756990909576416,0.19875235110521317,0.968029397726059,0.5987559676170349,0.968029397726059
465,0.94287109375,0.94287109375,0.9999999893940964,1.0,0.5027894377708435,0.0,0.7420571446418762,0.0778963565826416,0.17818540334701538,0.9870163381099701,1.0,1.0
466,0.6907958984375,0.6907958984375,0.9272568806886109,1.0,0.49582070112228394,0.0,0.34779632091522217,0.0,0.1022540032863617,0.9272568941116334,0.6756154477596282,0.9272568941116334
467,0.69854736328125,0.69854736328125,0.8455211071329549,1.0,0.4501676559448242,0.0,0.3521933853626251,0.0,0.09881068766117096,0.8455211192369461,0.6789648592472077,0.8455211192369461
468,0.70623779296875,0.70623779296875,0.904994224608644,1.0,0.4789028465747833,0.0,0.4296911358833313,0.0,0.11324156075716019,0.904994237422943,0.8213343292474747,0.904994237422943
469,0.69781494140625,0.69781494140625,0.9181685405522182,1.0,0.49153274297714233,0.0,0.33409616351127625,0.0,0.09951682388782501,0.9181685537099838,0.6505263686180115,0.9181685537099838
470,0.720458984375,0.720458984375,0.9307840814143277,1.0,0.49645134806632996,0.0,0.3717166781425476,0.0,0.10630348324775696,0.9307840943336486,0.7187351554632188,0.9307840943336486
471,0.65240478515625,0.65240478515625,0.7336609966356767,1.0,0.2481512427330017,0.0,0.39380326867103577,0.0,0.07621465623378754,0.48605256378650663,0.7336610078811645,0.7336610078811645
472,0.63287353515625,0.63287353515625,0.6475338908041381,1.0,0.16151393949985504,0.0,0.3507680594921112,0.0,0.055822327733039856,0.32580189704895024,0.6475339010357857,0.6475339010357857
473,0.74212646484375,0.74212646484375,0.9470599166094446,1.0,0.49578630924224854,0.0,0.49860072135925293,0.0,0.12429738789796829,0.9422754287719726,0.9470599293708802,0.9470599293708802
474,0.74609375,0.74609375,0.9505000761904431,1.0,0.4958781599998474,0.0,0.5005068182945251,0.0,0.12454543262720108,0.9426313698291778,0.95050008893013,0.95050008893013
475,0.70147705078125,0.70147705078125,0.687316655255233,1.0,0.23535862565040588,0.0,0.368767112493515,0.0,0.07191882282495499,0.4605222374200821,0.6873166650533676,0.6873166650533676
476,0.673828125,0.673828125,0.6317406828824832,1.0,0.295716792345047,0.0,0.3345383405685425,0.0,0.07848353683948517,0.5657440602779388,0.6317406922578812,0.6317406922578812
477,0.73046875,0.73046875,0.9410672655021024,1.0,0.4964844882488251,0.0,0.4739519953727722,0.0,0.12123917043209076,0.9410672783851624,0.9027620404958725,0.9410672783851624
478,0.74212646484375,0.74212646484375,0.9490472963720173,1.0,0.49573665857315063,0.0,0.49970757961273193,0.0,0.12442855536937714,0.9422967433929443,0.9490473091602326,0.9490473091602326
479,0.66082763671875,0.66082763671875,0.6544205648514317,1.0,0.3577113151550293,0.0,0.10540207475423813,0.0,0.0426994189620018,0.6544205747544766,0.22549486607313157,0.6544205747544766
480,0.7342529296875,0.7342529296875,0.9341678939192611,1.0,0.49202585220336914,0.0,0.4852137267589569,0.0,0.1221490204334259,0.9341679066419601,0.9225872933864594,0.9341679066419601
481,0.70703125,0.70703125,0.9265239673938865,1.0,0.49055543541908264,0.0,0.4352419674396515,0.0,0.11531230807304382,0.926523980498314,0.832491084933281,0.926523980498314
482,0.7091064453125,0.7091064453125,0.9207997132624349,1.0,0.4985412061214447,0.0,0.23425555229187012,0.0,0.0803731232881546,0.9207997262477875,0.4715141147375107,0.9207997262477875
483,0.70294189453125,0.70294189453125,0.6718409830123626,1.0,0.3443773090839386,0.0,0.3541129231452942,0.0,0.0872943252325058,0.6552904486656189,0.6718409925699234,0.6718409925699234
484,0.5654296875,0.5654296875,0.8349302844561721,1.0,0.16531090438365936,0.0,0.45466622710227966,0.0,0.0621381476521492,0.3430262506008148,0.8349302992224694,0.8349302992224694
485,0.65234375,0.65234375,0.922232014704763,1.0,0.4962339699268341,0.0,0.2901088297367096,0.0,0.09175620973110199,0.9222320288419724,0.5718192905187607,0.9222320288419724
486,0.70574951171875,0.70574951171875,0.889176359094575,1.0,0.47123727202415466,0.0,0.4094928205013275,0.0,0.10955150425434113,0.8891763716936112,0.784210804104805,0.8891763716936112
487,0.68133544921875,0.68133544921875,0.42846101042602575,1.0,0.16399280726909637,0.0,0.22892318665981293,0.0,0.04779108986258507,0.3180793717503548,0.42846101671457293,0.42846101671457293
488,0.65576171875,0.65576171875,0.5431525192283473,1.0,0.1419462412595749,0.0,0.29386550188064575,0.0,0.04821646958589554,0.2848897844552994,0.5431525275111199,0.5431525275111199
489,0.8692626953125,0.8692626953125,0.9209690598993447,1.0,0.5006117224693298,0.0,0.117935910820961,0.08074378967285156,0.07839009910821915,0.920969070494175,0.19775077998638155,0.920969070494175
490,0.68585205078125,0.68585205078125,0.8191266476885316,1.0,0.434688538312912,0.0,0.3668729066848755,0.0,0.09948054701089859,0.8191266596317291,0.7038400858640671,0.8191266596317291
491,0.74212646484375,0.74212646484375,0.9473001054432594,1.0,0.4957999587059021,0.0,0.49873340129852295,0.0,0.12431558966636658,0.9423132658004761,0.9473001182079316,0.9473001182079316
492,0.701416015625,0.701416015625,0.8464031098811793,1.0,0.4472500681877136,0.0,0.41352999210357666,0.0,0.107432521879673,0.8464031219482422,0.7890789926052094,0.8464031219482422
493,0.69049072265625,0.69049072265625,0.8382995960899556,1.0,0.4590204060077667,0.0,0.12062877416610718,0.0,0.05095329135656357,0.8382996082305909,0.2630338340997696,0.8382996082305909
494,0.74212646484375,0.74212646484375,0.9484287909024464,1.0,0.4963000416755676,0.0,0.4993326663970947,0.0,0.12445293366909027,0.9432733416557312,0.9484288036823274,0.9484288036823274
495,0.72479248046875,0.72479248046875,0.922779994392303,1.0,0.4947111904621124,0.0,0.32299864292144775,0.0,0.09780166298151016,0.9227800071239471,0.6308686763048172,0.9227800071239471
496,0.74609375,0.74609375,0.9531879863535819,1.0,0.49596306681632996,0.0,0.5019953846931458,0.0,0.12474024295806885,0.9429330587387086,0.9531879991292953,0.9531879991292953
497,0.72491455078125,0.72491455078125,0.91933562679479,1.0,0.4967195689678192,0.0,0.2524041533470154,0.0,0.08416036516427994,0.9193356394767761,0.5039994329214096,0.9193356394767761
498,0.65411376953125,0.65411376953125,0.6806170150893975,1.0,0.260690838098526,0.0,0.3636377453804016,0.0,0.07594727724790573,0.5056072831153869,0.6806170254945755,0.6806170254945755
499,0.68072509765625,0.68072509765625,0.9302615952924989,1.0,0.4962981343269348,0.0,0.3692496716976166,0.0,0.10588697344064713,0.9302616089582444,0.7142792224884033,0.9302616089582444
500,0.6861572265625,0.6861572265625,0.7820468058456121,1.0,0.24634121358394623,0.0,0.4207848310470581,0.0,0.07787159830331802,0.48549266755580905,0.7820468172430992,0.7820468172430992
501,0.7154541015625,0.7154541015625,0.71284328894854,1.0,0.3265992999076843,0.0,0.37787964940071106,0.0,0.08759450167417526,0.625666704773903,0.7128432989120483,0.7128432989120483
502,0.70703125,0.70703125,0.9364378707284754,1.0,0.4965648949146271,0.0,0.4262107312679291,0.0,0.11467839777469635,0.9364378839731216,0.8168358057737352,0.9364378839731216
503,0.7169189453125,0.7169189453125,0.9324651290050797,1.0,0.493497759103775,0.0,0.4416917562484741,0.0,0.11654049903154373,0.9324651420116425,0.8443949371576309,0.9324651420116425
504,0.7271728515625,0.7271728515625,0.8777772603917497,1.0,0.2176174521446228,0.0,0.475564181804657,0.0,0.07538171857595444,0.43926783204078673,0.8777772724628449,0.8777772724628449
505,0.94781494140625,0.94781494140625,0.9499766607192275,1.0,0.5015349388122559,0.045432090759277344,0.41873204708099365,0.41686248779296875,0.2573075294494629,0.949976670742035,0.4749243974685669,0.949976670742035
506,0.6510009765625,0.6510009765625,0.41599457966043424,1.0,0.22101238369941711,0.0,0.181722953915596,0.0,0.04986506327986717,0.41599458605051043,0.34920255541801454,0.41599458605051043
507,0.70654296875,0.70654296875,0.9324900077924481,1.0,0.49544328451156616,0.0,0.4069210886955261,0.0,0.11171521991491318,0.9324900209903717,0.7820022881031037,0.9324900209903717
508,0.72113037109375,0.72113037109375,0.34007813607932724,1.0,0.17978085577487946,0.0,0.16472600400447845,0.0,0.04298119992017746,0.3400781407952309,0.31448489278554914,0.3400781407952309
509,0.648193359375,0.648193359375,0.6159964347220293,1.0,0.2721219062805176,0.0,0.3271023631095886,0.0,0.07427509129047394,0.5225296676158905,0.6159964442253114,0.6159964442253114
510,0.7015380859375,0.7015380859375,0.9336111650900712,1.0,0.5013850331306458,0.0,0.3111811876296997,0.0,0.09615011513233185,0.9336111783981323,0.610264641046524,0.9336111783981323
511,0.6368408203125,0.6368408203125,0.4524829778549602,1.0,0.22281630337238312,0.0,0.23900075256824493,0.0,0.05765627697110176,0.4249694213271141,0.4524829849600792,0.4524829849600792
512,0.6976318359375,0.6976318359375,0.4392487641791043,1.0,0.20354750752449036,0.0,0.23271889984607697,0.0,0.05429002642631531,0.3896574035286904,0.4392487704753876,0.4392487704753876
513,0.805419921875,0.805419921875,0.9364078047837344,1.0,0.5012027025222778,0.0,0.342429518699646,0.0,0.10178276151418686,0.9364078164100648,0.6664934039115905,0.9364078164100648
514,0.6796875,0.6796875,0.9278325659618619,1.0,0.49604445695877075,0.0,0.3495255708694458,0.0,0.10256895422935486,0.9278325796127319,0.6787504732608796,0.9278325796127319
515,0.704345703125,0.704345703125,0.34508117543477573,1.0,0.14560797810554504,0.0,0.18362243473529816,0.0,0.04060874879360199,0.2804566040635109,0.3450811803340912,0.3450811803340912
516,0.68707275390625,0.68707275390625,0.9110026614396419,1.0,0.4874779284000397,0.0,0.3354240357875824,0.0,0.09940871596336365,0.9110026746988297,0.6525110572576522,0.9110026746988297
517,0.6832275390625,0.6832275390625,0.907562063761988,1.0,0.48307159543037415,0.0,0.3803320527076721,0.0,0.10640796273946762,0.9075620770454407,0.7329048544168473,0.9075620770454407
518,0.74609375,0.74609375,0.9522886685050324,1.0,0.4958769679069519,0.0,0.5015005469322205,0.0,0.12466822564601898,0.9427285969257355,0.952288681268692,0.952288681268692
519,0.71923828125,0.71923828125,0.93771488256843,1.0,0.4963597059249878,0.0,0.4426742494106293,0.0,0.11699622124433517,0.9377148956060409,0.8464496195316314,0.9377148956060409
520,0.69891357421875,0.69891357421875,0.9262381361519839,1.0,0.49541619420051575,0.0,0.3448899984359741,0.0,0.1017201617360115,0.9262381494045259,0.6703436166048049,0.9262381494045259
521,0.71612548828125,0.71612548828125,0.6405167311394976,1.0,0.2725335955619812,0.0,0.3407018780708313,0.0,0.07571300119161606,0.5246306598186493,0.6405167400836944,0.6405167400836944
522,0.73046875,0.73046875,0.9410107752007898,1.0,0.49663397669792175,0.0,0.4706963002681732,0.0,0.12082938104867935,0.9410107880830765,0.8969167381525041,0.9410107880830765
523,0.6549072265625,0.6549072265625,0.5957938952667304,1.0,0.16468675434589386,0.0,0.3218473494052887,0.0,0.054771460592746735,0.32862089276313783,0.5957939043641091,0.5957939043641091
524,0.68817138671875,0.68817138671875,0.412488105859626,1.0,0.18836307525634766,0.0,0.21869544684886932,0.0,0.0506005696952343,0.36092308014631275,0.4124881118535995,0.4124881118535995
525,0.74609375,0.74609375,0.9537966004325295,1.0,0.4963350296020508,0.0,0.5023128390312195,0.0,0.12482651323080063,0.9436343371868133,0.9537966132164002,0.9537966132164002
526,0.9141845703125,0.9141845703125,0.8898253820358673,1.0,0.501829981803894,0.10668635368347168,0.3627975285053253,0.35600757598876953,0.2606206312775612,0.8898253917694092,0.42908112406730653,0.8898253917694092
527,0.66143798828125,0.66143798828125,0.6244748155238308,1.0,0.15526796877384186,0.0,0.33830446004867554,0.0,0.05372665822505951,0.31331278979778293,0.6244748249650003,0.6244748249650003
528,0.7259521484375,0.7259521484375,0.9393710960689403,1.0,0.4965510368347168,0.0,0.4557924270629883,0.0,0.11882508546113968,0.9393711090087891,0.8700814723968506,0.9393711090087891
529,0.66094970703125,0.66094970703125,0.5441663540525162,1.0,0.25948935747146606,0.0,0.28789857029914856,0.0,0.06823944300413132,0.4958707004785538,0.544166362285614,0.544166362285614
530,0.6859130859375,0.6859130859375,0.6561218732306168,1.0,0.319420725107193,0.0,0.34676656126976013,0.0,0.08313322067260742,0.6096339613199234,0.6561218827962876,0.6561218827962876
531,0.65814208984375,0.65814208984375,0.9110248963691889,1.0,0.4936824142932892,0.0,0.22396564483642578,0.0,0.07782206684350967,0.9110249102115631,0.45250640213489535,0.9110249102115631
532,0.65460205078125,0.65460205078125,0.4239722604356664,1.0,0.2184237539768219,0.0,0.22340549528598785,0.0,0.055221639573574066,0.4155033066868782,0.42397226691246037,0.42397226691246037
533,0.6610107421875,0.6610107421875,0.9215476909935805,1.0,0.49617883563041687,0.0,0.28425800800323486,0.0,0.09060873091220856,0.921547704935074,0.5612822979688644,0.921547704935074
534,0.74609375,0.74609375,0.9523981145523019,1.0,0.495638906955719,0.0,0.5015745759010315,0.0,0.12464726716279984,0.9423074901103974,0.9523981273174286,0.9523981273174286
535,0.60260009765625,0.60260009765625,0.6157701390124034,1.0,0.329520046710968,0.0,0.226340651512146,0.0,0.06712843477725983,0.615770149230957,0.44036517739295966,0.615770149230957
536,0.658203125,0.658203125,0.8618754911609252,1.0,0.4576762020587921,0.0,0.38058340549468994,0.0,0.10389990359544754,0.8618755042552948,0.7308177500963211,0.8618755042552948
537,0.71875,0.71875,0.9351082671716828,1.0,0.49451348185539246,0.0,0.44984012842178345,0.0,0.11778032779693604,0.9351082801818849,0.8591635793447494,0.9351082801818849
538,0.721923828125,0.721923828125,0.9095176839012975,1.0,0.4791790544986725,0.0,0.4699539840221405,0.0,0.11863042414188385,0.9095176964998245,0.8938350766897203,0.9095176964998245
539,0.710693359375,0.710693359375,0.9287970740044397,1.0,0.49128949642181396,0.0,0.44475993514060974,0.0,0.11671742796897888,0.9287970870733261,0.849696832895279,0.9287970870733261
540,0.56903076171875,0.5576171875,0.6394196428786213,2.0,0.2510168254375458,0.0,0.34855884313583374,0.0,0.07298894971609116,0.4866861701011658,0.6525076001882554,0.6525076001882554
541,0.72210693359375,0.72210693359375,0.9368847598032357,1.0,0.4962159991264343,0.0,0.43695974349975586,0.0,0.11617756634950638,0.9368847727775574,0.836149138212204,0.9368847727775574
542,0.671875,0.671875,0.9269206117714085,1.0,0.49613505601882935,0.0,0.33877524733543396,0.0,0.10072008520364761,0.9269206255674363,0.6594089508056641,0.9269206255674363
543,0.694580078125,0.694580078125,0.9238326297314817,1.0,0.49489909410476685,0.0,0.3301427364349365,0.0,0.09909649193286896,0.9238326430320739,0.6437468349933625,0.9238326430320739
544,0.74212646484375,0.74212646484375,0.9482288411637769,1.0,0.4958701729774475,0.0,0.49924546480178833,0.0,0.12438802421092987,0.9424908578395844,0.9482288539409637,0.9482288539409637
545,0.6849365234375,0.6849365234375,0.9099527568883367,1.0,0.4961898922920227,0.0,0.16810964047908783,0.0,0.06478884071111679,0.9099527701735497,0.3522163420915604,0.9099527701735497
546,0.74609375,0.74609375,0.9537486127336638,1.0,0.49595385789871216,0.0,0.5023073554039001,0.0,0.12477760016918182,0.9429476797580719,0.9537486255168914,0.9537486255168914
547,0.845947265625,0.845947265625,0.8481260229227386,1.0,0.5019310712814331,0.13028520345687866,0.3398604691028595,0.14892220497131348,0.2042430266737938,0.848126032948494,0.5558327078819275,0.848126032948494
548,0.72857666015625,0.72857666015625,0.8834895817372468,1.0,0.20009854435920715,0.0,0.47971096634864807,0.0,0.0716458335518837,0.4081484764814377,0.8834895938634874,0.8834895938634874
549,0.6978759765625,0.6978759765625,0.9223474817433356,1.0,0.490215003490448,0.0,0.3996048867702484,0.0,0.1100800409913063,0.9223474949598313,0.768310296535492,0.9223474949598313
550,0.73052978515625,0.73052978515625,0.9395620694292699,1.0,0.49609827995300293,0.0,0.4658517837524414,0.0,0.1201249361038208,0.9395620822906494,0.8881430387496949,0.9395620822906494
551,0.71282958984375,0.71282958984375,0.9287447709685483,1.0,0.4961676299571991,0.0,0.3564305007457733,0.0,0.10374942421913147,0.9287447839975357,0.6911916643381119,0.9287447839975357
552,0.7318115234375,0.7318115234375,0.938298269205661,1.0,0.49572592973709106,0.0,0.4599160850048065,0.0,0.11928762495517731,0.9382982820272446,0.8774215459823608,0.9382982820272446
553,0.74212646484375,0.74212646484375,0.94692261135159,1.0,0.49573397636413574,0.0,0.4985273480415344,0.0,0.12428168207406998,0.9421738922595978,0.9469226241111756,0.9469226241111756
554,0.73052978515625,0.73052978515625,0.938176863464116,1.0,0.4962196946144104,0.0,0.4498142600059509,0.0,0.1179700493812561,0.9381768763065338,0.8592876374721528,0.9381768763065338
555,0.64312744140625,0.64312744140625,0.9214912926919028,1.0,0.4962041974067688,0.0,0.2832375168800354,0.0,0.09040956199169159,0.9214913070201873,0.5594479501247406,0.9214913070201873
556,0.68975830078125,0.68975830078125,0.7150278136778744,1.0,0.3622530996799469,0.0,0.3771125078201294,0.0,0.09238336980342865,0.6897668302059174,0.7150278240442276,0.7150278240442276
557,0.7340087890625,0.7340087890625,0.9378858259694415,1.0,0.49583184719085693,0.0,0.45388513803482056,0.0,0.11848326772451401,0.9378858387470246,0.8665764331817627,0.9378858387470246
558,0.74609375,0.74609375,0.9508762172567212,1.0,0.49564093351364136,0.0,0.500728964805603,0.0,0.12454298883676529,0.9422265768051148,0.9508762300014496,0.9508762300014496
559,0.6392822265625,0.6392822265625,0.8502572224652715,1.0,0.45899638533592224,0.0,0.2406374216079712,0.0,0.0793142095208168,0.8502572357654571,0.47904699742794044,0.8502572357654571
560,0.74212646484375,0.74212646484375,0.9471964350859984,1.0,0.49576854705810547,0.0,0.4986775517463684,0.0,0.12430469691753387,0.9422511398792267,0.9471964478492737,0.9471964478492737
561,0.711181640625,0.711181640625,0.930853559399001,1.0,0.492880254983902,0.0,0.43669113516807556,0.0,0.11577264964580536,0.9308535724878312,0.8353320688009261,0.9308535724878312
562,0.676025390625,0.676025390625,0.7321627985415443,1.0,0.27043426036834717,0.0,0.39173299074172974,0.0,0.08003850281238556,0.5259549677371979,0.7321628093719482,0.7321628093719482
563,0.67181396484375,0.67181396484375,0.9254458855920027,1.0,0.49631258845329285,0.0,0.32083240151405334,0.0,0.09753650426864624,0.9254458993673325,0.6271295815706254,0.9254458993673325
564,0.70819091796875,0.70819091796875,0.6147407057503714,1.0,0.2718839943408966,0.0,0.3264179527759552,0.0,0.07416897267103195,0.5220329850912094,0.6147407144308091,0.6147407144308091
565,0.67559814453125,0.67559814453125,0.5808056641082632,1.0,0.3093176484107971,0.0,0.24033905565738678,0.0,0.06763342022895813,0.5808056727051735,0.46354206502437595,0.5808056727051735
566,0.62054443359375,0.62054443359375,0.8113269123820868,1.0,0.22370432317256927,0.0,0.4383091628551483,0.0,0.07447003573179245,0.4464986979961395,0.8113269254565239,0.8113269254565239
567,0.67578125,0.67578125,0.5144834278388192,1.0,0.247829869389534,0.0,0.27205580472946167,0.0,0.06484474986791611,0.4732993453741074,0.5144834354519844,0.5144834354519844
568,0.74609375,0.74609375,0.9538229784677211,1.0,0.4979645907878876,0.0,0.5022369623184204,0.0,0.12502291798591614,0.9465599596500398,0.9538229912519455,0.9538229912519455
569,0.74609375,0.74609375,0.9501251212565801,1.0,0.4964255094528198,0.0,0.5002681016921997,0.0,0.12458484619855881,0.9435927271842957,0.9501251339912415,0.9501251339912415
570,0.74212646484375,0.74212646484375,0.946529816747813,1.0,0.4957365393638611,0.0,0.4983089864253998,0.0,0.12425485253334045,0.9421566694974899,0.9465298295021057,0.9465298295021057
571,0.71307373046875,0.71307373046875,0.43456112282015996,1.0,0.18862773478031158,0.0,0.23094353079795837,0.0,0.05191562697291374,0.3626242756843567,0.4345611289143562,0.4345611289143562
572,0.67578125,0.67578125,0.9293607514663443,1.0,0.4961065948009491,0.0,0.36368894577026367,0.0,0.10495477169752121,0.9293607652187348,0.7042507618665695,0.9293607652187348
573,0.72119140625,0.72119140625,0.9438798982157338,1.0,0.5036592483520508,0.0,0.37293264269828796,0.0,0.10716358572244644,0.9438799113035202,0.7216446816921234,0.9438799113035202
574,0.67340087890625,0.67340087890625,0.8803097176956083,1.0,0.38829684257507324,0.0,0.4674889147281647,0.0,0.10606107860803604,0.7456832081079483,0.8803097307682037,0.8803097307682037
575,0.66326904296875,0.66326904296875,0.9261079112138413,1.0,0.4963565766811371,0.0,0.3266608715057373,0.0,0.09859276562929153,0.9261079251766204,0.6376252263784409,0.9261079251766204
576,0.94720458984375,0.94720458984375,0.9205779514875437,1.0,0.5006859302520752,0.0,0.13992524147033691,0.05350762605667114,0.07584451884031296,0.9205779612064362,0.25912792682647706,0.9205779612064362
577,0.724853515625,0.724853515625,0.9363407721088951,1.0,0.49478158354759216,0.0,0.457339346408844,0.0,0.11883119493722916,0.9363407850265503,0.8726889818906785,0.9363407850265503
578,0.68115234375,0.68115234375,0.7601133175360709,1.0,0.3336353898048401,0.0,0.40374988317489624,0.0,0.09134353697299957,0.6409186899662018,0.7601133286952972,0.7601133286952972
579,0.6875,0.6875,0.9205330774402771,1.0,0.49147918820381165,0.0,0.3587055206298828,0.0,0.10371202975511551,0.9205330908298492,0.6948178559541702,0.9205330908298492
580,0.67669677734375,0.67669677734375,0.6168513579407454,1.0,0.2170952707529068,0.0,0.33063435554504395,0.0,0.06558488309383392,0.4238349229097367,0.6168513670563698,0.6168513670563698
581,0.7205810546875,0.7205810546875,0.720225744385157,1.0,0.3588871657848358,0.0,0.3801872432231903,0.0,0.09230759739875793,0.6840156227350235,0.7202257543802262,0.7202257543802262
582,0.6175537109375,0.6175537109375,0.6771966109290436,1.0,0.2708929181098938,0.0,0.3611707389354706,0.0,0.07741226255893707,0.5237243264913559,0.6771966218948365,0.6771966218948365
583,0.68621826171875,0.68621826171875,0.9099060939275526,1.0,0.4913097023963928,0.0,0.2554864287376404,0.0,0.08446388691663742,0.909906107187271,0.509006541967392,0.909906107187271
584,0.7430419921875,0.7430419921875,0.9460995666014717,1.0,0.49582481384277344,0.0,0.4980650544166565,0.0,0.124235600233078,0.9422911703586578,0.946099579334259,0.946099579334259
585,0.67578125,0.67578125,0.9277336609171106,1.0,0.4950713515281677,0.0,0.36605241894721985,0.0,0.10525070130825043,0.9277336746454239,0.7084014892578125,0.9277336746454239
586,0.7108154296875,0.7108154296875,0.32762674228376154,1.0,0.15074455738067627,0.0,0.1736401617527008,0.0,0.04034658893942833,0.28870421946048735,0.32762674689292914,0.32762674689292914
587,0.67486572265625,0.67486572265625,0.45661846020724084,1.0,0.22808924317359924,0.0,0.2410053014755249,0.0,0.058592382818460464,0.4346611678600311,0.45661846697330477,0.45661846697330477
588,0.7369384765625,0.7369384765625,0.9391898385395461,1.0,0.495916485786438,0.0,0.4654017686843872,0.0,0.12004376947879791,0.9391898512840271,0.8873148322105409,0.9391898512840271
589,0.70556640625,0.70556640625,0.8191377642883316,1.0,0.4347130060195923,0.0,0.36654365062713623,0.0,0.09943471848964691,0.8191377758979796,0.7032498717308046,0.8191377758979796
590,0.619140625,0.619140625,0.9187912256139373,1.0,0.49613887071609497,0.0,0.25741273164749146,0.0,0.0851723775267601,0.9187912404537201,0.5129568040370941,0.9187912404537201
591,0.7144775390625,0.7144775390625,0.9295799617003159,1.0,0.5027510523796082,0.0,0.24628080427646637,0.0,0.08322951197624207,0.9295799747109413,0.49358055293560027,0.9295799747109413
592,0.921875,0.921875,0.9812599135291796,1.0,0.5036807060241699,0.0,0.4444735646247864,0.30187296867370605,0.21512344479560852,0.9812599241733551,0.6089221119880677,0.9812599241733551
593,0.73333740234375,0.73333740234375,0.2517572346272018,1.0,0.10766524821519852,0.0,0.13388372957706451,0.0,0.02983996644616127,0.20718581974506378,0.251757238060236,0.251757238060236
594,0.74212646484375,0.74212646484375,0.9462802133604826,1.0,0.49628427624702454,0.0,0.498139888048172,0.0,0.12430258840322495,0.9431256860494615,0.946280226111412,0.946280226111412
595,0.69189453125,0.69189453125,0.9260734245445494,1.0,0.49575507640838623,0.0,0.3371430039405823,0.0,0.10040270537137985,0.9260734379291534,0.6564329147338868,0.9260734379291534
596,0.7109375,0.7109375,0.937229956914527,1.0,0.49655479192733765,0.0,0.43431344628334045,0.0,0.11583948135375977,0.9372299700975419,0.8314196825027466,0.9372299700975419
597,0.6875,0.6875,0.7515706891770676,1.0,0.4109647870063782,0.0,0.11834083497524261,0.0,0.04834148287773132,0.751570700109005,0.2541099816560745,0.751570700109005
598,0.686767578125,0.686767578125,0.4041110128926465,1.0,0.07722020149230957,0.0,0.22021611034870148,0.0,0.029400061815977097,0.16101797372102739,0.4041110187768936,0.4041110187768936
599,0.73297119140625,0.73297119140625,0.9396463891816903,1.0,0.49640464782714844,0.0,0.46118035912513733,0.0,0.11953626573085785,0.9396464020013809,0.8797651112079621,0.9396464020013809
600,0.679443359375,0.679443359375,0.5338393043387683,1.0,0.14667072892189026,0.0,0.28842902183532715,0.0,0.04889189451932907,0.29285021424293517,0.533839312195778,0.533839312195778
601,0.70391845703125,0.70391845703125,0.555639151785897,1.0,0.23282039165496826,0.0,0.29575395584106445,0.0,0.0651417076587677,0.4486521005630493,0.5556391596794129,0.5556391596794129
602,0.66900634765625,0.66900634765625,0.7380366453478665,1.0,0.3930056393146515,0.0,0.30626505613327026,0.0,0.08607407659292221,0.7380366563796997,0.5905776649713517,0.7380366563796997
603,0.74322509765625,0.74322509765625,0.9480103305578574,1.0,0.49583888053894043,0.0,0.49912580847740173,0.0,0.12436923384666443,0.942422565817833,0.9480103433132171,0.9480103433132171
604,0.79913330078125,0.79913330078125,0.9411717714314406,1.0,0.505888819694519,0.0,0.3057190775871277,0.0,0.09545698016881943,0.9411717832088471,0.6008832216262817,0.9411717832088471
605,0.74212646484375,0.74212646484375,0.9488642207080566,1.0,0.4953612685203552,0.0,0.4996267259120941,0.0,0.12437120825052261,0.9416129559278489,0.948864233493805,0.948864233493805
606,0.711669921875,0.711669921875,0.811271608397204,1.0,0.2789122462272644,0.0,0.43521133065223694,0.0,0.0850871279835701,0.5455631762742996,0.811271619796753,0.811271619796753
607,0.65191650390625,0.65191650390625,0.6253742494618028,1.0,0.20477546751499176,0.0,0.336053729057312,0.0,0.06373131275177002,0.4022012144327164,0.6253742590546608,0.6253742590546608
608,0.74212646484375,0.74212646484375,0.947913234573944,1.0,0.49587053060531616,0.0,0.49907010793685913,0.0,0.12436629831790924,0.942473965883255,0.9479132473468781,0.9479132473468781
609,0.658203125,0.658203125,0.29277675899105676,1.0,0.13644394278526306,0.0,0.15507353842258453,0.0,0.036291174590587616,0.261106450855732,0.29277676343917847,0.29277676343917847
610,0.74609375,0.74609375,0.9520912787858077,1.0,0.49589434266090393,0.0,0.5013899207115173,0.0,0.12465675175189972,0.9427488088607787,0.9520912915468217,0.9520912915468217
611,0.65325927734375,0.65325927734375,0.2662120361107924,1.0,0.13974958658218384,0.0,0.14013171195983887,0.0,0.034985095262527466,0.2655624270439148,0.26621204018592837,0.26621204018592837
612,0.69561767578125,0.69561767578125,0.3277301800821173,1.0,0.0837685763835907,0.0,0.177418515086174,0.0,0.02869090437889099,0.16852528899908065,0.32773018479347227,0.32773018479347227
613,0.67755126953125,0.67755126953125,0.9257052493560959,1.0,0.2699642479419708,0.0,0.49928268790245056,0.0,0.08795996010303497,0.5358639150857926,0.9257052630186081,0.9257052630186081
614,0.68463134765625,0.68463134765625,0.8055415721296202,1.0,0.42722147703170776,0.0,0.36542925238609314,0.0,0.09848101437091827,0.8055415838956834,0.7004948019981384,0.8055415838956834
615,0.69561767578125,0.69561767578125,0.9230339841472247,1.0,0.49336540699005127,0.0,0.3497626483440399,0.0,0.102376788854599,0.9230339974164963,0.6789093077182771,0.9230339974164963
616,0.74212646484375,0.74212646484375,0.9477181604951518,1.0,0.49596738815307617,0.0,0.4989563524723053,0.0,0.12436433881521225,0.9426369339227677,0.9477181732654572,0.9477181732654572
617,0.74609375,0.74609375,0.9520206323815343,1.0,0.49548614025115967,0.0,0.5013733506202698,0.0,0.12460309267044067,0.9420123875141144,0.9520206451416016,0.9520206451416016
618,0.7054443359375,0.7054443359375,0.8614962515303387,1.0,0.3517225384712219,0.0,0.4590688943862915,0.0,0.09958769381046295,0.6790074586868287,0.8614962637424469,0.8614962637424469
619,0.646240234375,0.646240234375,0.41619273972219745,1.0,0.22285552322864532,0.0,0.15052804350852966,0.0,0.044953323900699615,0.4161927461624146,0.29323603063821796,0.4161927461624146
620,0.61431884765625,0.61431884765625,0.4863094101659994,1.0,0.18616333603858948,0.0,0.25982949137687683,0.0,0.05424834415316582,0.36107695400714873,0.48630941808223727,0.48630941808223727
621,0.74078369140625,0.74078369140625,0.9405891351089505,1.0,0.4957525432109833,0.0,0.48234570026397705,0.0,0.12223932147026062,0.9405891478061676,0.917797514796257,0.9405891478061676
622,0.74609375,0.74609375,0.9537516287286492,1.0,0.49575120210647583,0.0,0.5023202896118164,0.0,0.12475352734327316,0.9425841927528381,0.9537516415119172,0.9537516415119172
623,0.74609375,0.74609375,0.9553373566374646,1.0,0.4960184097290039,0.0,0.5031864047050476,0.0,0.12489417940378189,0.9431517779827118,0.9553373694419862,0.9553373694419862
624,0.70086669921875,0.70086669921875,0.9196783292203617,1.0,0.49393466114997864,0.0,0.3059595227241516,0.0,0.09460959583520889,0.9196783423423768,0.6001206070184707,0.9196783423423768
625,0.74212646484375,0.74212646484375,0.9424170337288529,1.0,0.4960339665412903,0.0,0.49555906653404236,0.0,0.1239490956068039,0.9424170464277267,0.9416097164154053,0.9424170464277267
626,0.6851806640625,0.6851806640625,0.7928801450643974,1.0,0.4282589256763458,0.0,0.22014090418815613,0.0,0.07309078425168991,0.7928801566362381,0.4390795201063156,0.7928801566362381
627,0.6805419921875,0.6805419921875,0.9304000091928855,1.0,0.4967433214187622,0.0,0.36262044310569763,0.0,0.10483498126268387,0.9304000228643418,0.7023911297321319,0.9304000228643418
628,0.695556640625,0.695556640625,0.7086206572697594,1.0,0.20497798919677734,0.0,0.38229048252105713,0.0,0.06699664890766144,0.40718942880630493,0.7086206674575806,0.7086206674575806
629,0.67376708984375,0.67376708984375,0.635211801041862,1.0,0.2537243068218231,0.0,0.3387996554374695,0.0,0.07255400717258453,0.49058371782302856,0.6352118104696274,0.6352118104696274
630,0.71270751953125,0.71270751953125,0.33915007979653394,1.0,0.1789442002773285,0.0,0.17050524055957794,0.0,0.04365571588277817,0.3391500845551491,0.3248038530349731,0.3391500845551491
631,0.909423828125,0.909423828125,0.8483367051778616,1.0,0.4994829297065735,0.12903368473052979,0.221731498837471,0.30321240425109863,0.22007451951503754,0.8483367145061493,0.4312487900257111,0.8483367145061493
632,0.74609375,0.74609375,0.9538235715339288,1.0,0.4961358904838562,0.0,0.5023388862609863,0.0,0.1248045340180397,0.9432784914970398,0.953823584318161,0.953823584318161
633,0.59130859375,0.59130859375,0.9109982157660848,1.0,0.4954800605773926,0.0,0.19134122133255005,0.0,0.07040715217590332,0.9109982311725617,0.39396220445632935,0.9109982311725617
634,0.68511962890625,0.68511962890625,0.9037194984374691,1.0,0.4796600639820099,0.0,0.4033139646053314,0.0,0.10954965651035309,0.903719511628151,0.7739311426877976,0.903719511628151
635,0.72479248046875,0.72479248046875,0.8539036275352055,1.0,0.36641204357147217,0.0,0.454034686088562,0.0,0.10139268636703491,0.7049451470375061,0.8539036393165589,0.8539036393165589
636,0.613037109375,0.613037109375,0.780745574017193,1.0,0.27431467175483704,0.0,0.418507844209671,0.0,0.08292946219444275,0.5356171935796737,0.7807455867528915,0.7807455867528915
637,0.6717529296875,0.6717529296875,0.9177583826057489,1.0,0.4900973439216614,0.0,0.3558317720890045,0.0,0.10311006009578705,0.9177583962678909,0.6895069241523742,0.9177583962678909
638,0.670654296875,0.670654296875,0.9080495996976243,1.0,0.4895023703575134,0.0,0.2694534659385681,0.0,0.08720412850379944,0.9080496132373811,0.533966475725174,0.9080496132373811
639,0.74456787109375,0.74456787109375,0.9296066546758042,1.0,0.4986579716205597,0.0,0.3202231824398041,0.0,0.0976102203130722,0.9296066671609878,0.6262675255537034,0.9296066671609878
640,0.6573486328125,0.65576171875,0.8501217926445279,2.0,0.45565932989120483,0.0,0.31992268562316895,0.0,0.09402243793010712,0.8521790623664856,0.6214267671108247,0.8521790623664856
641,0.73046875,0.73046875,0.9407199075185001,1.0,0.49649637937545776,0.0,0.47026437520980835,0.0,0.12075615674257278,0.9407199203968049,0.8961255133152009,0.9407199203968049
642,0.647705078125,0.647705078125,0.8067689264432336,1.0,0.4261772036552429,0.0,0.39649972319602966,0.0,0.10270087420940399,0.8067689388990403,0.7563172221183776,0.8067689388990403
643,0.735107421875,0.735107421875,0.9409773638989053,1.0,0.49629393219947815,0.0,0.47648298740386963,0.0,0.1215466856956482,0.9409773766994477,0.9072987705469132,0.9409773766994477
644,0.92626953125,0.92626953125,0.9028371594233554,1.0,0.5003165602684021,0.09164649248123169,0.40004295110702515,0.35580259561538696,0.26145438849925995,0.9028371691703797,0.4946315407752991,0.9028371691703797
645,0.74212646484375,0.74212646484375,0.9481844297435533,1.0,0.4959576725959778,0.0,0.4992159307003021,0.0,0.12439535558223724,0.9426454037427902,0.9481844425201417,0.9481844425201417
646,0.6201171875,0.6201171875,0.7429893820872828,1.0,0.28279557824134827,0.0,0.3970610201358795,0.0,0.08261444419622421,0.5487381428480148,0.742989394068718,0.742989394068718
647,0.89788818359375,0.89788818359375,0.8587020241945894,1.0,0.44745293259620667,0.0,0.40889617800712585,0.12397140264511108,0.1506998986005783,0.8587020337581636,0.6815812915563583,0.8587020337581636
648,0.67437744140625,0.67437744140625,0.9231624376973456,1.0,0.4960898160934448,0.0,0.3020078241825104,0.0,0.09402740746736526,0.9231624513864518,0.5932230651378632,0.9231624513864518
649,0.6917724609375,0.6917724609375,0.9218194232246687,1.0,0.49333655834198,0.0,0.33813631534576416,0.0,0.10037393122911453,0.9218194365501403,0.6579790234565736,0.9218194365501403
650,0.7109375,0.7109375,0.937326126027287,1.0,0.4964722692966461,0.0,0.4367605447769165,0.0,0.11617749184370041,0.9373261392116546,0.8358162075281144,0.9373261392116546
651,0.71405029296875,0.71405029296875,0.9354065942894401,1.0,0.49626362323760986,0.0,0.4213208556175232,0.0,0.11393548548221588,0.9354066073894501,0.8080039024353027,0.9354066073894501
652,0.74212646484375,0.74212646484375,0.948008742075213,1.0,0.4963444173336029,0.0,0.4990968406200409,0.0,0.12442920356988907,0.9433296352624894,0.9480087548494339,0.9480087548494339
653,0.5997314453125,0.5997314453125,0.9150429796588936,1.0,0.5001444220542908,0.0,0.14783035218715668,0.0,0.059820301830768585,0.9150429949164391,0.3161090761423111,0.9150429949164391
654,0.6829833984375,0.6829833984375,0.9286054236824373,1.0,0.30372315645217896,0.0,0.4990184009075165,0.0,0.09456969797611237,0.5966035217046737,0.9286054372787477,0.9286054372787477
655,0.7264404296875,0.7264404296875,0.9303454598865368,1.0,0.49124789237976074,0.0,0.4609926640987396,0.0,0.11890997737646103,0.9303454726934434,0.8789115846157074,0.9303454726934434
656,0.7275390625,0.7275390625,0.8141746051460199,1.0,0.43990272283554077,0.0,0.2234971523284912,0.0,0.07452619075775146,0.8141746163368225,0.44628514647483825,0.8141746163368225
657,0.74212646484375,0.74212646484375,0.9467674008586862,1.0,0.4958711266517639,0.0,0.49843350052833557,0.0,0.12428726255893707,0.9424113780260087,0.9467674136161803,0.9467674136161803
658,0.74609375,0.74609375,0.9547157815286842,1.0,0.495841920375824,0.0,0.5028508901596069,0.0,0.1248304471373558,0.942800545692444,0.9547157943248749,0.9547157943248749
659,0.7030029296875,0.7030029296875,0.9282861756362815,1.0,0.4925095736980438,0.0,0.41768956184387207,0.0,0.11300868541002274,0.9282861888408662,0.8010921686887741,0.9282861888408662
660,0.8160400390625,0.8138427734375,0.39395964364593555,2.0,0.19294750690460205,0.0,0.26518046855926514,0.12699538469314575,0.09749244898557663,0.3865230977535248,0.39502328634262085,0.39502328634262085
661,0.74212646484375,0.74212646484375,0.9494452378368013,1.0,0.4958794414997101,0.0,0.49992072582244873,0.0,0.1244729608297348,0.942575067281723,0.9494452506303788,0.9494452506303788
662,0.74224853515625,0.74224853515625,0.9410583369308948,1.0,0.49594488739967346,0.0,0.4835755228996277,0.0,0.122420534491539,0.9410583496093751,0.9200304299592972,0.9410583496093751
663,0.6776123046875,0.6776123046875,0.7409836540542559,1.0,0.25171977281570435,0.0,0.3976731598377228,0.0,0.07717232406139374,0.49286290705204006,0.7409836649894714,0.7409836649894714
664,0.7171630859375,0.7171630859375,0.395672713663391,1.0,0.2033439427614212,0.0,0.2085212916135788,0.0,0.05147501826286316,0.38687122613191605,0.395672719180584,0.395672719180584
665,0.7431640625,0.7431640625,0.943333797874376,1.0,0.49591028690338135,0.0,0.49652376770973206,0.0,0.1240542009472847,0.9422908931970596,0.9433338105678558,0.9433338105678558
666,0.740234375,0.740234375,0.9310379081358149,1.0,0.49790170788764954,0.0,0.3481484651565552,0.0,0.10249325633049011,0.9310379207134247,0.6764574080705643,0.9310379207134247
667,0.698486328125,0.698486328125,0.9303900615290388,1.0,0.49639999866485596,0.0,0.36870077252388,0.0,0.10580646991729736,0.9303900748491287,0.7133013904094696,0.9303900748491287
668,0.6973876953125,0.6973876953125,0.6939212669767002,1.0,0.36543285846710205,0.0,0.3614213168621063,0.0,0.09085401147603989,0.6939212769269943,0.6871016561985016,0.6939212769269943
669,0.619384765625,0.619384765625,0.7928435093309423,1.0,0.1473790556192398,0.0,0.43228089809417725,0.0,0.05667314678430557,0.3085103899240494,0.792843522131443,0.792843522131443
670,0.74609375,0.74609375,0.9525416902187126,1.0,0.4958344101905823,0.0,0.5016434788703918,0.0,0.12468050420284271,0.9426662862300873,0.9525417029857636,0.9525417029857636
671,0.717041015625,0.717041015625,0.9298723389166529,1.0,0.4967241585254669,0.0,0.35768866539001465,0.0,0.10400998592376709,0.929872351884842,0.693512013554573,0.929872351884842
672,0.7320556640625,0.7320556640625,0.940128793391093,1.0,0.49627137184143066,0.0,0.4684033691883087,0.0,0.12048374116420746,0.9401288062334061,0.8927532017230988,0.9401288062334061
673,0.684326171875,0.684326171875,0.9289954764988261,1.0,0.49632740020751953,0.0,0.3560616970062256,0.0,0.10370147973299026,0.9289954900741578,0.6905437946319579,0.9289954900741578
674,0.74609375,0.74609375,0.9560876837376981,1.0,0.4980950355529785,0.0,0.5034878849983215,0.0,0.1251942217350006,0.9469198524951935,0.9560876965522767,0.9560876965522767
675,0.68695068359375,0.68695068359375,0.9182552531800825,1.0,0.2949468791484833,0.0,0.49375587701797485,0.0,0.092510886490345,0.5802799701690674,0.918255266547203,0.918255266547203
676,0.8565673828125,0.8565673828125,0.35932089862950833,1.0,0.19128689169883728,0.0,0.1500449776649475,0.0,0.042048078030347824,0.3593209028244019,0.28920964896678925,0.3593209028244019
677,0.685546875,0.685546875,0.9286920590831953,1.0,0.4950103163719177,0.0,0.37673503160476685,0.0,0.10698040574789047,0.9286920726299286,0.7276240885257721,0.9286920726299286
678,0.6912841796875,0.6912841796875,0.9155209945324885,1.0,0.37133336067199707,0.0,0.48799315094947815,0.0,0.10545404255390167,0.7171993643045426,0.9155210077762603,0.9155210077762603
679,0.716552734375,0.716552734375,0.9361019719137574,1.0,0.496911883354187,0.0,0.41660594940185547,0.0,0.11331066489219666,0.9361019849777222,0.7995818972587586,0.9361019849777222
680,0.74212646484375,0.74212646484375,0.9491350105660868,1.0,0.495547354221344,0.0,0.49976682662963867,0.0,0.12441203743219376,0.941961920261383,0.949135023355484,0.949135023355484
681,0.6856689453125,0.6856689453125,0.6969371992034125,1.0,0.3636888861656189,0.0,0.3669824004173279,0.0,0.09133205562829971,0.6913382351398469,0.696937209367752,0.696937209367752
682,0.6776123046875,0.6776123046875,0.9038729087237874,1.0,0.49370285868644714,0.0,0.15207776427268982,0.0,0.060632213950157166,0.903872922062874,0.3231102615594864,0.903872922062874
683,0.74212646484375,0.74212646484375,0.94721095477727,1.0,0.49582093954086304,0.0,0.4986827075481415,0.0,0.1243119165301323,0.9423459619283676,0.947210967540741,0.947210967540741
684,0.701171875,0.701171875,0.4259873031420909,1.0,0.1295461356639862,0.0,0.2294626086950302,0.0,0.04152520000934601,0.2561293050646782,0.425987309217453,0.425987309217453
685,0.689453125,0.689453125,0.4426350454860198,1.0,0.17233000695705414,0.0,0.23633447289466858,0.0,0.04984502121806145,0.33382745981216433,0.44263505190610886,0.44263505190610886
686,0.7266845703125,0.7266845703125,0.8779407141987571,1.0,0.2960629463195801,0.0,0.47129690647125244,0.0,0.09104197472333908,0.5800429940223694,0.8779407262802124,0.8779407262802124
687,0.74609375,0.74609375,0.9547189018317964,1.0,0.4951510727405548,0.0,0.5028910040855408,0.0,0.12474776059389114,0.9415610313415527,0.9547189146280289,0.9547189146280289
688,0.72998046875,0.72998046875,0.9358349671909864,1.0,0.4952162206172943,0.0,0.4444578289985657,0.0,0.1171170175075531,0.9358349800109864,0.8495457142591476,0.9358349800109864
689,0.64190673828125,0.63690185546875,0.48431474026578136,2.0,0.20009441673755646,0.0,0.26006174087524414,0.0,0.05655080825090408,0.3861761242151261,0.48812057524919505,0.48812057524919505
690,0.703125,0.703125,0.9284485804118836,1.0,0.49205055832862854,0.0,0.42757588624954224,0.0,0.11438965797424316,0.9284485936164857,0.8188416510820389,0.9284485936164857
691,0.7117919921875,0.7117919921875,0.9329150486056965,1.0,0.4979797303676605,0.0,0.36551547050476074,0.0,0.10542602837085724,0.932915061712265,0.7077258199453355,0.932915061712265
692,0.74609375,0.74609375,0.9500176272614007,1.0,0.4952218234539032,0.0,0.5002752542495728,0.0,0.12443393468856812,0.941426807641983,0.9500176399946213,0.9500176399946213
693,0.70172119140625,0.70172119140625,0.43012199682972296,1.0,0.2284405678510666,0.0,0.18928980827331543,0.0,0.05175963416695595,0.4301220029592514,0.36356571167707447,0.4301220029592514
694,0.6534423828125,0.6534423828125,0.9094830314212488,1.0,0.4882171154022217,0.0,0.30692237615585327,0.0,0.09435320645570755,0.9094830453395844,0.6012819886207581,0.9094830453395844
695,0.71661376953125,0.71661376953125,0.9213739504986884,1.0,0.4906908869743347,0.0,0.38130366802215576,0.0,0.10729734599590302,0.9213739633560182,0.7354156911373138,0.9213739633560182
696,0.65673828125,0.65673828125,0.9243472524800133,1.0,0.4959827661514282,0.0,0.3157828748226166,0.0,0.09658797830343246,0.9243472665548325,0.6180074512958527,0.9243472665548325
697,0.7095947265625,0.7095947265625,0.9082853487283388,1.0,0.4801139235496521,0.0,0.44080299139022827,0.0,0.11490504443645477,0.9082853615283966,0.8414567768573762,0.9082853615283966
698,0.70306396484375,0.70306396484375,0.9249041366154026,1.0,0.4944036602973938,0.0,0.34977561235427856,0.0,0.102469302713871,0.9249041497707368,0.6790364682674408,0.9249041497707368
699,0.673095703125,0.673095703125,0.692409114683502,1.0,0.21827688813209534,0.0,0.3725452423095703,0.0,0.06897851824760437,0.4301529228687287,0.6924091249704362,0.6924091249704362
700,0.7080078125,0.7080078125,0.619853888637848,1.0,0.1949542909860611,0.0,0.3335324823856354,0.0,0.06166491657495499,0.38427097201347354,0.6198538973927498,0.6198538973927498
701,0.9521484375,0.9521484375,0.999999989497436,1.0,0.5019435286521912,0.11797851324081421,0.6746235489845276,0.2086315155029297,0.2640957832336426,0.8974410474300384,1.0,1.0
702,0.6595458984375,0.6595458984375,0.5152103778090016,1.0,0.1863747388124466,0.0,0.2758738398551941,0.0,0.05565414950251579,0.3630619138479233,0.5152103856205941,0.5152103856205941
703,0.66424560546875,0.66424560546875,0.7233392740668194,1.0,0.20328868925571442,0.0,0.3905613422393799,0.0,0.06718366593122482,0.4049757748842239,0.7233392849564553,0.7233392849564553
704,0.69696044921875,0.69696044921875,0.9271109269157689,1.0,0.4960259199142456,0.0,0.3426428437232971,0.0,0.10138384997844696,0.9271109402179718,0.6663597106933594,0.9271109402179718
705,0.66058349609375,0.66058349609375,0.9233411440547573,1.0,0.4960693418979645,0.0,0.3041634261608124,0.0,0.09443295001983643,0.9233411580324173,0.5971011012792588,0.9233411580324173
706,0.5511474609375,0.5511474609375,0.7878102055303137,1.0,0.20397283136844635,0.0,0.4263405203819275,0.0,0.06952741742134094,0.4097851485013962,0.7878102198243142,0.7878102198243142
707,0.70623779296875,0.70623779296875,0.4716743804782726,1.0,0.25010916590690613,0.0,0.21477888524532318,0.0,0.05777633935213089,0.47167438715696336,0.41161291003227235,0.47167438715696336
708,0.72845458984375,0.72845458984375,0.9208455525587681,1.0,0.4928950369358063,0.0,0.33634498715400696,0.0,0.1000242531299591,0.920845565199852,0.6547104805707932,0.920845565199852
709,0.6173095703125,0.60888671875,0.8849388254467826,2.0,0.48514223098754883,0.0,0.23924359679222107,0.0,0.08065470308065414,0.8971803754568101,0.47915269732475285,0.8971803754568101
710,0.7152099609375,0.7152099609375,0.4938065042593543,1.0,0.2647918462753296,0.0,0.17181187868118286,0.0,0.05215403437614441,0.49380651116371155,0.3357405662536621,0.49380651116371155
711,0.944091796875,0.944091796875,0.9569660025799273,1.0,0.5009833574295044,0.04188716411590576,0.6069284677505493,0.280128538608551,0.24896927177906036,0.9569660127162933,0.922655463218689,0.9569660127162933
712,0.71807861328125,0.71807861328125,0.5259653912254122,1.0,0.1443268060684204,0.0,0.28418484330177307,0.0,0.04813336953520775,0.288206735253334,0.5259653985500335,0.5259653985500335
713,0.6822509765625,0.6822509765625,0.678782102947287,1.0,0.24667294323444366,0.0,0.36339712142944336,0.0,0.07351646572351456,0.48035100996494295,0.6787821128964425,0.6787821128964425
714,0.68145751953125,0.68145751953125,0.6351844143045006,1.0,0.18064938485622406,0.0,0.342844158411026,0.0,0.05943068861961365,0.3594533085823059,0.6351844236254692,0.6351844236254692
715,0.6175537109375,0.6175537109375,0.886015438097373,1.0,0.23363657295703888,0.0,0.4792509973049164,0.0,0.07909590750932693,0.4684709310531616,0.8860154524445534,0.8860154524445534
716,0.67108154296875,0.67108154296875,0.9224879634008152,1.0,0.4958513677120209,0.0,0.2995551526546478,0.0,0.09354434162378311,0.9224879771471024,0.5887844115495682,0.9224879771471024
717,0.64776611328125,0.64776611328125,0.4191242391733137,1.0,0.18607917428016663,0.0,0.22250907123088837,0.0,0.050669115036726,0.3571934208273888,0.4191242456436157,0.4191242456436157
718,0.6734619140625,0.6734619140625,0.7144776774650832,1.0,0.22153568267822266,0.0,0.38462451100349426,0.0,0.0704704225063324,0.43722667992115016,0.7144776880741119,0.7144776880741119
719,0.72174072265625,0.72174072265625,0.9384808797744233,1.0,0.4964984953403473,0.0,0.4478360116481781,0.0,0.11772877722978592,0.938480892777443,0.8557546705007553,0.938480892777443
720,0.70709228515625,0.70709228515625,0.40709466880014133,1.0,0.09434577077627182,0.0,0.22092227637767792,0.0,0.033499181270599365,0.19191461503505708,0.4070946745574474,0.4070946745574474
721,0.71453857421875,0.71453857421875,0.31436366743970334,1.0,0.13553501665592194,0.0,0.16711676120758057,0.0,0.03742174059152603,0.2606747061014176,0.31436367183923725,0.31436367183923725
722,0.73046875,0.73046875,0.9409517069986261,1.0,0.4965347945690155,0.0,0.4718908965587616,0.0,0.12097484618425369,0.9409517198801041,0.8990570932626725,0.9409517198801041
723,0.6781005859375,0.6781005859375,0.4246147659387587,1.0,0.1608145534992218,0.0,0.22696295380592346,0.0,0.047081656754016876,0.31216249167919163,0.4246147722005844,0.4246147722005844
724,0.70928955078125,0.70928955078125,0.9262416738814687,1.0,0.49351558089256287,0.0,0.37913641333580017,0.0,0.10722335427999496,0.9262416869401932,0.7317971020936966,0.9262416869401932
725,0.72869873046875,0.72869873046875,0.9189983450421187,1.0,0.4933595359325409,0.0,0.3095119297504425,0.0,0.09522775560617447,0.9189983576536179,0.6064574271440506,0.9189983576536179
726,0.705078125,0.705078125,0.4368780193356041,1.0,0.22792991995811462,0.0,0.23004724085330963,0.0,0.057245925068855286,0.43327858000993724,0.43687802553176885,0.43687802553176885
727,0.7156982421875,0.7156982421875,0.9244340499220207,1.0,0.4957200288772583,0.0,0.3213801085948944,0.0,0.09758906811475754,0.9244340628385544,0.6280561983585358,0.9244340628385544
728,0.676025390625,0.676025390625,0.9245378566118133,1.0,0.4956607520580292,0.0,0.3234851658344269,0.0,0.097965307533741,0.9245378702878952,0.6318393737077713,0.9245378702878952
729,0.74609375,0.74609375,0.9553817233542082,1.0,0.49813148379325867,0.0,0.5030936598777771,0.0,0.12515005469322205,0.9469460368156434,0.9553817361593246,0.9553817361593246
730,0.71429443359375,0.71429443359375,0.906481891100836,1.0,0.4804793894290924,0.0,0.4161900281906128,0.0,0.11150896549224854,0.9064819037914276,0.7971899896860123,0.9064819037914276
731,0.68975830078125,0.68975830078125,0.4776511242282009,1.0,0.25143110752105713,0.0,0.2507513761520386,0.0,0.06277269124984741,0.4776511311531067,0.47649558782577517,0.4776511311531067
732,0.74212646484375,0.74212646484375,0.947827028377367,1.0,0.49602288007736206,0.0,0.499013751745224,0.0,0.12437844276428223,0.9427425593137742,0.9478270411491394,0.9478270411491394
733,0.74609375,0.74609375,0.9510536960446255,1.0,0.49554139375686646,0.0,0.5008330941200256,0.0,0.12454330176115036,0.9420578181743622,0.9510537087917328,0.9510537087917328
734,0.7198486328125,0.7198486328125,0.9266573032157298,1.0,0.29944363236427307,0.0,0.49817386269569397,0.0,0.09369389712810516,0.588815924525261,0.9266573160886765,0.9266573160886765
735,0.6868896484375,0.6868896484375,0.873242566687543,1.0,0.14574776589870453,0.0,0.4770376682281494,0.0,0.05827911198139191,0.31004974544048314,0.8732425794005394,0.8732425794005394
736,0.7232666015625,0.7232666015625,0.9325361599734268,1.0,0.4928593337535858,0.0,0.4538937211036682,0.0,0.11814383417367935,0.9325361728668213,0.8662946313619614,0.9325361728668213
737,0.7261962890625,0.7261962890625,0.9200068525941398,1.0,0.4954565763473511,0.0,0.28185027837753296,0.0,0.09008381515741348,0.9200068652629854,0.5568761587142944,0.9200068652629854
738,0.72076416015625,0.72076416015625,0.929337920765767,1.0,0.4948827922344208,0.0,0.3854890763759613,0.0,0.10836026817560196,0.9293379336595535,0.7433686167001725,0.9293379336595535
739,0.6768798828125,0.6768798828125,0.9076489791291457,1.0,0.4935253858566284,0.0,0.19303297996520996,0.0,0.07071002572774887,0.9076489925384522,0.3968119025230408,0.9076489925384522
740,0.6796875,0.6796875,0.9250677449499884,1.0,0.4949656128883362,0.0,0.34129655361175537,0.0,0.10106071829795837,0.9250677585601806,0.6638303577899933,0.9250677585601806
741,0.7315673828125,0.7315673828125,0.9333016238190905,1.0,0.5005791783332825,0.0,0.3225911557674408,0.0,0.09819314628839493,0.9333016365766525,0.6307219982147216,0.9333016365766525
742,0.6605224609375,0.6605224609375,0.43482544508902404,1.0,0.23298463225364685,0.0,0.15453113615512848,0.0,0.04649318754673004,0.4348254516720772,0.3014545083045959,0.4348254516720772
743,0.66253662109375,0.66253662109375,0.464651529928308,1.0,0.23579296469688416,0.0,0.2450401335954666,0.0,0.06008191406726837,0.4489313498139381,0.46465153694152833,0.46465153694152833
744,0.7213134765625,0.7213134765625,0.9382452119452432,1.0,0.4962850511074066,0.0,0.44932132959365845,0.0,0.11790959537029266,0.9382452249526977,0.8584068983793259,0.9382452249526977
745,0.709716796875,0.709716796875,0.46453057320047453,1.0,0.24714472889900208,0.0,0.19670067727565765,0.0,0.05476860702037811,0.4645305797457695,0.378775691986084,0.4645305797457695
746,0.74212646484375,0.74212646484375,0.9475155672905223,1.0,0.49637261033058167,0.0,0.49882128834724426,0.0,0.12439847737550735,0.9433528274297714,0.9475155800580979,0.9475155800580979
747,0.7158203125,0.7158203125,0.9380846816381261,1.0,0.49653181433677673,0.0,0.44327428936958313,0.0,0.11709911376237869,0.9380846947431564,0.8475469022989274,0.9380846947431564
748,0.6793212890625,0.6793212890625,0.720316053754291,1.0,0.21560221910476685,0.0,0.3881976902484894,0.0,0.06954122334718704,0.4269037634134293,0.7203160643577575,0.7203160643577575
749,0.72088623046875,0.72088623046875,0.9392795670867601,1.0,0.4966686964035034,0.0,0.4527592658996582,0.0,0.1184249296784401,0.939279580116272,0.8646335482597352,0.939279580116272
750,0.74609375,0.74609375,0.9516063294419503,1.0,0.4957558810710907,0.0,0.5011281967163086,0.0,0.1246068924665451,0.9424734055995941,0.9516063421964646,0.9516063421964646
751,0.71295166015625,0.71295166015625,0.46246929712125545,1.0,0.22858625650405884,0.0,0.24422815442085266,0.0,0.05903715267777443,0.4358780771493912,0.4624693036079407,0.4624693036079407
752,0.69854736328125,0.69854736328125,0.7420595182047723,1.0,0.20729678869247437,0.0,0.40073880553245544,0.0,0.06866595149040222,0.41320810019969945,0.7420595288276672,0.7420595288276672
753,0.66796875,0.66796875,0.9090779257815486,1.0,0.49625641107559204,0.0,0.15816399455070496,0.0,0.06229499727487564,0.9090779393911362,0.33432083129882817,0.9090779393911362
754,0.68359375,0.68359375,0.926915226728335,1.0,0.496378630399704,0.0,0.334337055683136,0.0,0.09996085613965988,0.9269152402877807,0.6514445632696152,0.9269152402877807
755,0.666015625,0.666015625,0.6425197028009034,1.0,0.26930320262908936,0.0,0.34199410676956177,0.0,0.07533921301364899,0.5189451754093171,0.6425197124481201,0.6425197124481201
756,0.7393798828125,0.7393798828125,0.9420888743538431,1.0,0.4961356520652771,0.0,0.49044713377952576,0.0,0.12331873923540115,0.9420888870954514,0.9324184060096741,0.9420888870954514
757,0.66015625,0.66015625,0.9263943740466871,1.0,0.4964059293270111,0.0,0.32863715291023254,0.0,0.09895070642232895,0.9263943880796434,0.6411874681711196,0.9263943880796434
758,0.6505126953125,0.6505126953125,0.633299209872921,1.0,0.26520025730133057,0.0,0.337099552154541,0.0,0.0742221400141716,0.511070418357849,0.6332992196083069,0.6332992196083069
759,0.74609375,0.74609375,0.953371154404754,1.0,0.4981616735458374,0.0,0.5019749999046326,0.0,0.1250152587890625,0.9468885123729707,0.9533711671829224,0.9533711671829224
760,0.88580322265625,0.88580322265625,0.9711771378551675,1.0,0.49967649579048157,0.0,0.4783812165260315,0.23921334743499756,0.20267163217067719,0.9711771488189698,0.7196831613779069,0.9711771488189698
761,0.7178955078125,0.7178955078125,0.9464571642168157,1.0,0.5020145773887634,0.0,0.4283093810081482,0.0,0.11556285619735718,0.9464571774005891,0.821158343553543,0.9464571774005891
762,0.74212646484375,0.74212646484375,0.9471582016871225,1.0,0.4962101876735687,0.0,0.4986317753791809,0.0,0.12435450404882431,0.9430415153503419,0.9471582144498826,0.9471582144498826
763,0.660400390625,0.660400390625,0.9155959556935069,1.0,0.49616700410842896,0.0,0.22495362162590027,0.0,0.07818274199962616,0.9155959695577622,0.4545332193374634,0.9155959695577622
764,0.67694091796875,0.67694091796875,0.7622167504485361,1.0,0.3710741102695465,0.0,0.4028385281562805,0.0,0.0965762510895729,0.7082172513008118,0.7622167617082596,0.7622167617082596
765,0.69140625,0.69140625,0.9296959444526439,1.0,0.49623918533325195,0.0,0.3646542429924011,0.0,0.10512633621692657,0.9296959578990938,0.7060015559196472,0.9296959578990938
766,0.68212890625,0.68212890625,0.6076506555405882,1.0,0.2572927176952362,0.0,0.3232896625995636,0.0,0.07164101302623749,0.49545585811138154,0.6076506644487382,0.6076506644487382
767,0.66485595703125,0.66485595703125,0.7308590093596213,1.0,0.2644908130168915,0.0,0.39133885502815247,0.0,0.07896721363067627,0.5152173489332199,0.7308590203523635,0.7308590203523635
768,0.689453125,0.689453125,0.9182108894921371,1.0,0.49466726183891296,0.0,0.27809831500053406,0.0,0.08928556740283966,0.9182109028100969,0.5500436931848526,0.9182109028100969
769,0.6953125,0.6953125,0.9332133784785668,1.0,0.49624425172805786,0.0,0.3997373878955841,0.0,0.11070581525564194,0.9332133919000627,0.7691517233848572,0.9332133919000627
770,0.67608642578125,0.67608642578125,0.7153870327755999,1.0,0.33033016324043274,0.0,0.37908557057380676,0.0,0.08825910091400146,0.6325028508901597,0.7153870433568955,0.7153870433568955
771,0.8907470703125,0.8907470703125,0.8486439788435671,1.0,0.503851592540741,0.15646874904632568,0.34142935276031494,0.327431857585907,0.27082712203264236,0.8486439883708955,0.418659383058548,0.8486439883708955
772,0.74609375,0.74609375,0.9545876583662246,1.0,0.4980261027812958,0.0,0.5026583671569824,0.0,0.12508288025856018,0.9467128217220306,0.954587671160698,0.954587671160698
773,0.74609375,0.74609375,0.9503658495124403,1.0,0.4959510266780853,0.0,0.5004281997680664,0.0,0.1245448961853981,0.9427546679973602,0.9503658622503282,0.9503658622503282
774,0.65625,0.65625,0.9259686537548009,1.0,0.49647632241249084,0.0,0.3231128752231598,0.0,0.09796302020549774,0.9259686678647995,0.6312508076429368,0.9259686678647995
775,0.690185546875,0.690185546875,0.9228027925302157,1.0,0.49497929215431213,0.0,0.3184008002281189,0.0,0.09698867797851562,0.9228028059005738,0.6226193696260451,0.9228028059005738
776,0.64508056640625,0.64508056640625,0.28724817039326855,1.0,0.1539071947336197,0.0,0.10215224325656891,0.0,0.03072550892829895,0.2872481748461724,0.199264757335186,0.2872481748461724
777,0.65167236328125,0.65167236328125,0.5931046871725326,1.0,0.26066291332244873,0.0,0.3150213360786438,0.0,0.0713217705488205,0.5006953775882721,0.5931046962738038,0.5931046962738038
778,0.6754150390625,0.6754150390625,0.7507437952468563,1.0,0.4066309630870819,0.0,0.18808072805404663,0.0,0.06489896774291992,0.7507438063621521,0.37920840680599216,0.7507438063621521
779,0.6456298828125,0.6456298828125,0.8625186831276135,1.0,0.23752401769161224,0.0,0.46598127484321594,0.0,0.07910781353712082,0.47414135932922363,0.86251869648695,0.86251869648695
780,0.7265625,0.7265625,0.9329729577639784,1.0,0.49631601572036743,0.0,0.3960414230823517,0.0,0.11014498025178909,0.9329729706048966,0.7625061631202698,0.9329729706048966
781,0.7266845703125,0.7266845703125,0.9310444912342168,1.0,0.496675580739975,0.0,0.3702845871448517,0.0,0.1060907244682312,0.9310445040464401,0.7161798149347306,0.9310445040464401
782,0.69140625,0.69140625,0.9262072250397538,1.0,0.49493324756622314,0.0,0.3532739281654358,0.0,0.103108711540699,0.9262072384357454,0.6853863954544067,0.9262072384357454
783,0.704345703125,0.704345703125,0.6570326682029726,1.0,0.2818072736263275,0.0,0.34936219453811646,0.0,0.07799748331308365,0.5421893119812011,0.6570326775312424,0.6570326775312424
784,0.6561279296875,0.6561279296875,0.8420213094171781,1.0,0.3468279242515564,0.0,0.4485214054584503,0.0,0.0978064313530922,0.6691424041986467,0.8420213222503662,0.8420213222503662
785,0.68377685546875,0.68377685546875,0.6452914352220691,1.0,0.20531955361366272,0.0,0.34708860516548157,0.0,0.0646437481045723,0.40428405702114106,0.6452914446592332,0.6452914446592332
786,0.70947265625,0.70947265625,0.9216573406488646,1.0,0.4965539574623108,0.0,0.2786023020744324,0.0,0.0895153060555458,0.9216573536396027,0.5511395394802094,0.9216573536396027
787,0.75006103515625,0.75006103515625,0.9682166715521349,1.0,0.49760404229164124,0.0,0.5102534890174866,0.0,0.12596236169338226,0.946712625026703,0.96821668446064,0.96821668446064
788,0.74212646484375,0.74212646484375,0.9470964602166637,1.0,0.4958212971687317,0.0,0.49861907958984375,0.0,0.12430406361818314,0.9423402428627015,0.9470964729785919,0.9470964729785919
789,0.68878173828125,0.68878173828125,0.6957727092817421,1.0,0.3667496144771576,0.0,0.3562341332435608,0.0,0.0903538390994072,0.6957727193832397,0.6778964012861253,0.6957727193832397
790,0.72412109375,0.72412109375,0.939443396469334,1.0,0.4966180622577667,0.0,0.4553089737892151,0.0,0.11876702308654785,0.9394434094429016,0.8692179590463639,0.9394434094429016
791,0.71978759765625,0.71978759765625,0.9149975619749545,1.0,0.48229727149009705,0.0,0.46862486004829407,0.0,0.11884070187807083,0.9149975746870042,0.8917544752359391,0.9149975746870042
792,0.74609375,0.74609375,0.952504821766181,1.0,0.4957983195781708,0.0,0.5016250014305115,0.0,0.12467365711927414,0.9425994753837585,0.9525048345327378,0.9525048345327378
793,0.67340087890625,0.67340087890625,0.9253830772309659,1.0,0.4963180124759674,0.0,0.3201066851615906,0.0,0.09740491956472397,0.9253830909729005,0.6258238345384597,0.9253830909729005
794,0.6492919921875,0.6492919921875,0.714860136227937,1.0,0.2616865038871765,0.0,0.3826063871383667,0.0,0.0777481272816658,0.5092963457107544,0.7148601472377777,0.7148601472377777
795,0.89874267578125,0.89874267578125,0.2197374438631932,1.0,0.15634335577487946,0.1122930645942688,0.09580982476472855,0.1497342586517334,0.11590231023728848,0.21613799631595612,0.219737446308136,0.219737446308136
796,0.72308349609375,0.72308349609375,0.9226986995883273,1.0,0.4867154061794281,0.0,0.4661098122596741,0.0,0.11904745548963547,0.9226987123489381,0.8876692026853561,0.9226987123489381
797,0.7305908203125,0.7305908203125,0.9326339951652791,1.0,0.4994032382965088,0.0,0.33708178997039795,0.0,0.10069474577903748,0.9326340079307557,0.6566875457763671,0.9326340079307557
798,0.7147216796875,0.7147216796875,0.651281660623527,1.0,0.29733750224113464,0.0,0.345304399728775,0.0,0.07988394796848297,0.5697379440069199,0.6512816697359085,0.6512816697359085
799,0.72650146484375,0.72650146484375,0.9400517393894391,1.0,0.4962621033191681,0.0,0.46779966354370117,0.0,0.12040271610021591,0.9400517523288726,0.891665604710579,0.9400517523288726
800,0.65966796875,0.65966796875,0.9253244736590326,1.0,0.4963286817073822,0.0,0.3193286061286926,0.0,0.09726397693157196,0.9253244876861573,0.6244243592023849,0.9253244876861573
801,0.7325439453125,0.7325439453125,0.9320310495221589,1.0,0.49245578050613403,0.0,0.456106573343277,0.0,0.11839631199836731,0.932031062245369,0.870237410068512,0.932031062245369
802,0.67889404296875,0.67889404296875,0.7864015716707686,1.0,0.17158253490924835,0.0,0.42735740542411804,0.0,0.06227333843708038,0.3515843033790589,0.7864015832543373,0.7864015832543373
803,0.6490478515625,0.6490478515625,0.4480661934125138,1.0,0.23813869059085846,0.0,0.19416557252407074,0.0,0.05348179116845131,0.44806620031595235,0.3733118996024132,0.44806620031595235
804,0.70184326171875,0.70184326171875,0.8592485931277796,1.0,0.3067309558391571,0.0,0.46031972765922546,0.0,0.0921112671494484,0.5981476932764053,0.8592486053705216,0.8592486053705216
805,0.71875,0.71875,0.899636735916428,1.0,0.4699806869029999,0.0,0.47368815541267395,0.0,0.11795678734779358,0.8933340519666672,0.8996367484331131,0.8996367484331131
806,0.68505859375,0.68505859375,0.9143952415026936,1.0,0.48707515001296997,0.0,0.37659984827041626,0.0,0.10620719194412231,0.9143952548503875,0.7265872418880464,0.9143952548503875
807,0.69085693359375,0.69085693359375,0.6777983030914712,1.0,0.2395327091217041,0.0,0.36324724555015564,0.0,0.0722377747297287,0.4674836009740829,0.6777983129024505,0.6777983129024505
808,0.76666259765625,0.76666259765625,0.6341189957399929,1.0,0.23951536417007446,0.0,0.3389819264411926,0.0,0.07020507752895355,0.46502584815025333,0.6341190040111542,0.6341190040111542
809,0.73370361328125,0.73370361328125,0.9306793384067078,1.0,0.5010532140731812,0.0,0.28783565759658813,0.0,0.09165314584970474,0.9306793510913849,0.5682095050811768,0.9306793510913849
810,0.7022705078125,0.7022705078125,0.6979928572922807,1.0,0.36878013610839844,0.0,0.3418862223625183,0.0,0.08870616555213928,0.697992867231369,0.6522732138633728,0.697992867231369
811,0.72894287109375,0.72894287109375,0.4955739921891447,1.0,0.14494384825229645,0.0,0.2672664523124695,0.0,0.047172822058200836,0.2876255720853806,0.4955739989876747,0.4955739989876747
812,0.62860107421875,0.62860107421875,0.7919365488668669,1.0,0.24627640843391418,0.0,0.42628273367881775,0.0,0.07824919372797012,0.4859258085489273,0.7919365614652634,0.7919365614652634
813,0.7637939453125,0.7637939453125,0.5266266202523195,1.0,0.2817685008049011,0.0,0.19443325698375702,0.0,0.05755564942955971,0.5266266271471978,0.3781567126512527,0.5266266271471978
814,0.74212646484375,0.74212646484375,0.9470648816762873,1.0,0.4956825375556946,0.0,0.4986092448234558,0.0,0.12428539246320724,0.9420894920825958,0.94706489443779,0.94706489443779
815,0.72216796875,0.72216796875,0.9314117511282489,1.0,0.49610641598701477,0.0,0.38420215249061584,0.0,0.10827455669641495,0.9314117640256883,0.74117451608181,0.9314117640256883
816,0.74212646484375,0.74212646484375,0.9489771357455976,1.0,0.49613261222839355,0.0,0.4996466040611267,0.0,0.12447085976600647,0.943003362417221,0.9489771485328674,0.9489771485328674
817,0.730712890625,0.730712890625,0.9233573548791733,1.0,0.49620601534843445,0.0,0.3018653988838196,0.0,0.09400906413793564,0.923357367515564,0.5929783195257188,0.923357367515564
818,0.6953125,0.6953125,0.9161833124717388,1.0,0.48997849225997925,0.0,0.34222039580345154,0.0,0.10079564154148102,0.9161833256483078,0.6649945616722107,0.9161833256483078
819,0.7176513671875,0.7176513671875,0.9223320176826538,1.0,0.49599671363830566,0.0,0.2953794598579407,0.0,0.0927569642663002,0.9223320305347442,0.5812826991081238,0.9223320305347442
820,0.636962890625,0.636962890625,0.4573500695548514,1.0,0.24597403407096863,0.0,0.14596815407276154,0.0,0.045900728553533554,0.45735007673501965,0.28734008073806766,0.45735007673501965
821,0.66864013671875,0.66864013671875,0.712093738992492,1.0,0.27654144167900085,0.0,0.3802442252635956,0.0,0.08007634431123734,0.5357990175485611,0.7120937496423723,0.7120937496423723
822,0.65838623046875,0.65838623046875,0.4453552044339843,1.0,0.18282385170459747,0.0,0.23726268112659454,0.0,0.051636260002851486,0.3528092011809349,0.44535521119833,0.44535521119833
823,0.6953125,0.6953125,0.9251434669954691,1.0,0.4913245439529419,0.0,0.4075930118560791,0.0,0.11139396578073502,0.9251434803009033,0.7827998757362367,0.9251434803009033
824,0.66217041015625,0.66217041015625,0.6858024851226957,1.0,0.26720762252807617,0.0,0.36615651845932007,0.0,0.07726122438907623,0.5175893723964691,0.6858024954795838,0.6858024954795838
825,0.740234375,0.740234375,0.9412449083727201,1.0,0.4958130717277527,0.0,0.48781391978263855,0.0,0.12294523417949677,0.9412449210882187,0.9276463627815248,0.9412449210882187
826,0.6597900390625,0.6597900390625,0.6974944664621541,1.0,0.2654573917388916,0.0,0.37274929881095886,0.0,0.07755216956138611,0.5150982350111009,0.6974944770336151,0.6974944770336151
827,0.74609375,0.74609375,0.9500118843539536,1.0,0.4961632490158081,0.0,0.5002197623252869,0.0,0.12454581260681152,0.9431158244609833,0.9500118970870972,0.9500118970870972
828,0.70172119140625,0.70172119140625,0.7298300043050884,1.0,0.3862360417842865,0.0,0.3460513949394226,0.0,0.09126069396734238,0.729830014705658,0.6615161150693893,0.729830014705658
829,0.662841796875,0.662841796875,0.9074489784428605,1.0,0.48692795634269714,0.0,0.30978670716285706,0.0,0.09478216618299484,0.9074489921331406,0.6063088685274125,0.9074489921331406
830,0.72265625,0.72265625,0.9391716141677824,1.0,0.4963710904121399,0.0,0.4570366442203522,0.0,0.11897329241037369,0.939171627163887,0.8723030686378479,0.939171627163887
831,0.7264404296875,0.7264404296875,0.9332412770072802,1.0,0.49333852529525757,0.0,0.4523194432258606,0.0,0.11798504739999771,0.9332412898540497,0.8635088503360748,0.9332412898540497
832,0.74078369140625,0.74078369140625,0.9402697674660906,1.0,0.49568459391593933,0.0,0.48037511110305786,0.0,0.12197744101285934,0.9402697801589965,0.9142436593770982,0.9402697801589965
833,0.74212646484375,0.74212646484375,0.9487511089751904,1.0,0.4957992434501648,0.0,0.4995395541191101,0.0,0.12441559135913849,0.9423925936222077,0.9487511217594147,0.9487511217594147
834,0.7001953125,0.7001953125,0.9265656011097302,1.0,0.4952774941921234,0.0,0.3506612479686737,0.0,0.10269588977098465,0.9265656143426895,0.6807179957628251,0.9265656143426895
835,0.7196044921875,0.7196044921875,0.939008154337107,1.0,0.49669426679611206,0.0,0.44958487153053284,0.0,0.117992103099823,0.9390081673860551,0.8589221954345703,0.9390081673860551
836,0.669189453125,0.669189453125,0.9202098023471028,1.0,0.49535757303237915,0.0,0.28566184639930725,0.0,0.09082666784524918,0.9202098160982133,0.563727080821991,0.9202098160982133
837,0.79296875,0.79296875,0.9619899807254801,1.0,0.5018107295036316,0.0,0.40602463483810425,0.1812821626663208,0.17449486255645752,0.9619899928569795,0.6359996855258941,0.9619899928569795
838,0.72076416015625,0.72076416015625,0.8534085185141703,1.0,0.45470741391181946,0.0,0.3493518531322479,0.0,0.09879638254642487,0.8534085303544999,0.6743040770292281,0.8534085303544999
839,0.6689453125,0.6689453125,0.92334660699509,1.0,0.49624860286712646,0.0,0.30099135637283325,0.0,0.09384655207395554,0.9233466207981109,0.5914093017578125,0.9233466207981109
840,0.6845703125,0.6845703125,0.9298816813294747,1.0,0.4963040351867676,0.0,0.3653443157672882,0.0,0.10524609684944153,0.9298816949129105,0.7072501718997956,0.9298816949129105
841,0.74609375,0.74609375,0.9509768239352892,1.0,0.4950988292694092,0.0,0.5008149743080139,0.0,0.12448512762784958,0.9412593901157379,0.950976836681366,0.950976836681366
842,0.66094970703125,0.66094970703125,0.6521935036450904,1.0,0.2695782482624054,0.0,0.34735316038131714,0.0,0.07590041309595108,0.5199761629104614,0.6521935135126113,0.6521935135126113
843,0.71551513671875,0.71551513671875,0.9190673461258076,1.0,0.48632872104644775,0.0,0.43675661087036133,0.0,0.11505337804555893,0.9190673589706422,0.8347947716712951,0.9190673589706422
844,0.71435546875,0.71435546875,0.933713569087375,1.0,0.4965510964393616,0.0,0.39921608567237854,0.0,0.11065655201673508,0.9337135821580886,0.7682440638542176,0.9337135821580886
845,0.74609375,0.74609375,0.9549507072724533,1.0,0.4959713816642761,0.0,0.5029742121696472,0.0,0.12486205995082855,0.9430459082126617,0.9549507200717927,0.9549507200717927
846,0.74609375,0.74609375,0.9497345797083171,1.0,0.49488258361816406,0.0,0.5001368522644043,0.0,0.12437396496534348,0.9408023357391359,0.949734592437744,0.949734592437744
847,0.68701171875,0.68701171875,0.7509828085664353,1.0,0.2340218871831894,0.0,0.40421146154403687,0.0,0.07429488748311996,0.46166054308414456,0.7509828194975853,0.7509828194975853
848,0.695068359375,0.695068359375,0.9335806771908354,1.0,0.3243013024330139,0.0,0.5006392002105713,0.0,0.09850883483886719,0.6338062644004822,0.9335806906223298,0.9335806906223298
849,0.70703125,0.70703125,0.9101441388744698,1.0,0.4962061941623688,0.0,0.1697300225496292,0.0,0.06519205868244171,0.9101441517472267,0.3551346600055695,0.9101441517472267
850,0.68707275390625,0.68707275390625,0.5977883251923124,1.0,0.23430931568145752,0.0,0.3190874457359314,0.0,0.06756975501775742,0.4536655128002167,0.5977883338928223,0.5977883338928223
851,0.65338134765625,0.65338134765625,0.3792739407784842,1.0,0.16240818798542023,0.0,0.2016850709915161,0.0,0.04498507082462311,0.3125032454729081,0.379273946583271,0.379273946583271
852,0.68536376953125,0.68536376953125,0.7623366423478979,1.0,0.37402772903442383,0.0,0.40274104475975037,0.0,0.09696352481842041,0.7135240167379379,0.7623366534709931,0.7623366534709931
853,0.69390869140625,0.69390869140625,0.2996616812079111,1.0,0.14713643491268158,0.0,0.15830446779727936,0.0,0.03812910616397858,0.2806760296225548,0.29966168552637096,0.29966168552637096
854,0.71466064453125,0.71466064453125,0.9243485231996758,1.0,0.49472981691360474,0.0,0.3383486568927765,0.0,0.10052789747714996,0.9243485361337661,0.6585005640983582,0.9243485361337661
855,0.74609375,0.74609375,0.9496920905378586,1.0,0.4963373839855194,0.0,0.5000324249267578,0.0,0.12454451620578766,0.9434105336666108,0.949692103266716,0.949692103266716
856,0.68890380859375,0.68890380859375,0.7750523782520086,1.0,0.40892550349235535,0.0,0.38986483216285706,0.0,0.09979195147752762,0.7750523895025253,0.7426492482423782,0.7750523895025253
857,0.70977783203125,0.70977783203125,0.5921717843429272,1.0,0.1457846611738205,0.0,0.32088518142700195,0.0,0.050629936158657074,0.29450090825557707,0.5921717926859855,0.5921717926859855
858,0.67572021484375,0.67572021484375,0.9121457322553749,1.0,0.487097829580307,0.0,0.3536965250968933,0.0,0.10248607397079468,0.912145745754242,0.6853635281324387,0.912145745754242
859,0.6541748046875,0.6541748046875,0.8174220377421875,1.0,0.4363151788711548,0.0,0.32054728269577026,0.0,0.09241966158151627,0.8174220502376556,0.620616626739502,0.8174220502376556
860,0.877685546875,0.877685546875,0.7026930490540365,1.0,0.3588758409023285,0.0,0.3328876495361328,0.23427778482437134,0.16075368970632553,0.7026930570602417,0.44766312539577485,0.7026930570602417
861,0.68463134765625,0.68463134765625,0.4960433053041836,1.0,0.2617754638195038,0.0,0.24847477674484253,0.0,0.06373795121908188,0.4960433125495911,0.4734321445226669,0.4960433125495911
862,0.70758056640625,0.70758056640625,0.6920262119719912,1.0,0.29025405645370483,0.0,0.3683337867259979,0.0,0.08117438852787018,0.5592906802892685,0.6920262217521668,0.6920262217521668
863,0.7265625,0.7265625,0.9346813460690173,1.0,0.49658289551734924,0.0,0.40832147002220154,0.0,0.11204201728105545,0.9346813589334488,0.7846369355916977,0.9346813589334488
864,0.703857421875,0.703857421875,0.8633867766977705,1.0,0.4579589366912842,0.0,0.3906070291996002,0.0,0.10540460050106049,0.8633867889642716,0.7488885462284088,0.8633867889642716
865,0.642333984375,0.642333984375,0.8969008708439552,1.0,0.48487588763237,0.0,0.24124287068843842,0.0,0.08106493949890137,0.8969008848071098,0.48272475600242615,0.8969008848071098
866,0.74609375,0.74609375,0.9509059897763874,1.0,0.4958024024963379,0.0,0.5007365345954895,0.0,0.12456431239843369,0.9425179779529571,0.9509060025215149,0.9509060025215149
867,0.88568115234375,0.88568115234375,0.9289408578892513,1.0,0.4999118149280548,0.0,0.16167734563350677,0.12931865453720093,0.10539909452199936,0.9289408683776856,0.23755548000335694,0.9289408683776856
868,0.694580078125,0.694580078125,0.9175852017618494,1.0,0.49395379424095154,0.0,0.28468385338783264,0.0,0.09053625911474228,0.9175852149724961,0.5618263155221939,0.9175852149724961
869,0.9337158203125,0.9337158203125,0.9673452571740881,1.0,0.534503698348999,0.07917666435241699,0.41676801443099976,0.2690314054489136,0.23976903408765793,0.967345267534256,0.5963253378868103,0.967345267534256
870,0.69140625,0.69140625,0.9101529064266797,1.0,0.496674507856369,0.0,0.16138805449008942,0.0,0.06312836706638336,0.9101529195904732,0.3401659488677979,0.9101529195904732
871,0.6495361328125,0.6495361328125,0.3959486691789807,1.0,0.21077993512153625,0.0,0.1654479205608368,0.0,0.04635060578584671,0.39594867527484895,0.31888425052165986,0.39594867527484895
872,0.70416259765625,0.70416259765625,0.5022887814239162,1.0,0.25397443771362305,0.0,0.26493963599205017,0.0,0.0648353099822998,0.4836479514837265,0.5022887885570526,0.5022887885570526
873,0.6805419921875,0.6805419921875,0.9185509308309642,1.0,0.4922325909137726,0.0,0.32532280683517456,0.0,0.09802019596099854,0.9185509443283081,0.6348043113946915,0.9185509443283081
874,0.74212646484375,0.74212646484375,0.9488515100177296,1.0,0.4961563050746918,0.0,0.49957549571990967,0.0,0.12446501851081848,0.9430388987064361,0.9488515228033066,0.9488515228033066
875,0.68359375,0.68359375,0.9232160761009528,1.0,0.4924415647983551,0.0,0.3682127296924591,0.0,0.10536322742700577,0.9232160896062851,0.712027069926262,0.9232160896062851
876,0.7349853515625,0.7349853515625,0.9360994122219287,1.0,0.4953066110610962,0.0,0.4454752504825592,0.0,0.11726825684309006,0.9360994249582291,0.8513861119747163,0.9360994249582291
877,0.7137451171875,0.7137451171875,0.9363289850895117,1.0,0.49647143483161926,0.0,0.42680415511131287,0.0,0.11475420743227005,0.936328998208046,0.8178946226835251,0.936328998208046
878,0.68701171875,0.68701171875,0.7115911797419425,1.0,0.3827565908432007,0.0,0.22629326581954956,0.0,0.07126253098249435,0.7115911900997162,0.4456035375595093,0.7115911900997162
879,0.60235595703125,0.60235595703125,0.5469840912610517,1.0,0.26084035634994507,0.0,0.2893889248371124,0.0,0.06859376281499863,0.49845153391361235,0.5469841003417969,0.5469841003417969
880,0.701171875,0.701171875,0.4458593722175043,1.0,0.1607660949230194,0.0,0.23876820504665375,0.0,0.0480731725692749,0.3132557913661003,0.44585937857627866,0.44585937857627866
881,0.74609375,0.74609375,0.9513293496416237,1.0,0.49604809284210205,0.0,0.5009580850601196,0.0,0.12462274730205536,0.9429823756217957,0.9513293623924256,0.9513293623924256
882,0.7060546875,0.7060546875,0.4540182094047397,1.0,0.1845131665468216,0.0,0.2419816106557846,0.0,0.05235252529382706,0.3563218608498574,0.45401821583509444,0.45401821583509444
883,0.69140625,0.69140625,0.9327473714152317,1.0,0.4961509108543396,0.0,0.39675745368003845,0.0,0.11023901402950287,0.9327473849058152,0.7637785077095032,0.9327473849058152
884,0.69989013671875,0.69989013671875,0.8869479142062557,1.0,0.473869264125824,0.0,0.33983251452445984,0.0,0.09898928552865982,0.8869479268789292,0.6590854525566101,0.8869479268789292
885,0.74212646484375,0.74212646484375,0.9489214024232514,1.0,0.496006578207016,0.0,0.499622642993927,0.0,0.12445200234651566,0.9427741050720215,0.9489214152097702,0.9489214152097702
886,0.95916748046875,0.95916748046875,0.9474914630812492,1.0,0.5047421455383301,0.06522655487060547,0.45785582065582275,0.4535127282142639,0.28168654441833496,0.9474914729595185,0.5183271646499634,0.9474914729595185
887,0.74212646484375,0.74212646484375,0.9474075785768057,1.0,0.4958200454711914,0.0,0.49879199266433716,0.0,0.12432539463043213,0.9423552811145782,0.9474075913429261,0.9474075913429261
888,0.6678466796875,0.6678466796875,0.9186321150795895,1.0,0.49167200922966003,0.0,0.33622512221336365,0.0,0.09990092366933823,0.9186321288347244,0.6543724209070205,0.9186321288347244
889,0.91180419921875,0.91180419921875,0.5624255833931908,1.0,0.27194148302078247,0.0,0.3006691634654999,0.007466316223144531,0.07418159395456314,0.520308217406273,0.5624255895614624,0.5624255895614624
890,0.6763916015625,0.6763916015625,0.6714241375601272,1.0,0.35736486315727234,0.0,0.28167393803596497,0.0,0.07876694947481155,0.6714241474866867,0.5427495747804642,0.6714241474866867
891,0.68359375,0.68359375,0.9236244275163353,1.0,0.49520596861839294,0.0,0.32253697514533997,0.0,0.0977577194571495,0.9236244410276413,0.6300871521234512,0.9236244410276413
892,0.7225341796875,0.7225341796875,0.9450620311830615,1.0,0.4995556175708771,0.0,0.4586193263530731,0.0,0.11955344676971436,0.9450620442628861,0.8754703491926193,0.9450620442628861
893,0.86309814453125,0.86309814453125,0.940383977723404,1.0,0.5001940727233887,0.0,0.2843209505081177,0.11602562665939331,0.131010539829731,0.9403839886188506,0.46897661685943604,0.9403839886188506
894,0.74609375,0.74609375,0.9501826546391784,1.0,0.49624231457710266,0.0,0.5003102421760559,0.0,0.12456700205802917,0.9432671904563905,0.9501826673746109,0.9501826673746109
895,0.6690673828125,0.6690673828125,0.9156760123604196,1.0,0.4949103593826294,0.0,0.24837379157543182,0.0,0.0831967368721962,0.9156760260462761,0.4965638607740402,0.9156760260462761
896,0.7376708984375,0.7376708984375,0.940921922683802,1.0,0.4959944784641266,0.0,0.48131874203681946,0.0,0.12213660776615143,0.9409219354391097,0.9159731835126877,0.9409219354391097
897,0.7601318359375,0.7601318359375,0.17230448049127417,1.0,0.08973882347345352,0.0,0.07936203479766846,0.028383970260620117,0.030988171696662903,0.1723044827580452,0.1291183687746525,0.1723044827580452
898,0.629150390625,0.629150390625,0.6149113736167479,1.0,0.25049203634262085,0.0,0.327701210975647,0.0,0.07099667936563492,0.48365578651428226,0.6149113833904266,0.6149113833904266
899,0.6856689453125,0.6856689453125,0.9149470523671612,1.0,0.4938148260116577,0.0,0.26080378890037537,0.0,0.08572586625814438,0.9149470657110215,0.5188283026218414,0.9149470657110215
900,0.7138671875,0.7138671875,0.8441043377888006,1.0,0.27149027585983276,0.0,0.45386406779289246,0.0,0.08510811626911163,0.5340689033269883,0.8441043496131897,0.8441043496131897
901,0.74212646484375,0.74212646484375,0.9490277430685623,1.0,0.49597296118736267,0.0,0.49968358874320984,0.0,0.12445534020662308,0.9427196890115738,0.9490277558565141,0.9490277558565141
902,0.69732666015625,0.69732666015625,0.9205999063557255,1.0,0.49400651454925537,0.0,0.31388193368911743,0.0,0.09608497470617294,0.9205999195575714,0.6143881320953369,0.9205999195575714
903,0.74609375,0.74609375,0.95565422386554,1.0,0.4980691373348236,0.0,0.5032485127449036,0.0,0.12516134977340698,0.9468492984771729,0.9556542366743087,0.9556542366743087
904,0.714599609375,0.714599609375,0.8133392965224951,1.0,0.3373599946498871,0.0,0.4331129491329193,0.0,0.09483292698860168,0.6505592852830886,0.8133393079042436,0.8133393079042436
905,0.71533203125,0.71533203125,0.937637757068206,1.0,0.4964665174484253,0.0,0.4399803876876831,0.0,0.11663073301315308,0.9376377701759339,0.8416113495826721,0.9376377701759339
906,0.69708251953125,0.69708251953125,0.9288741216922276,1.0,0.4962801933288574,0.0,0.3556978702545166,0.0,0.10363605618476868,0.928874135017395,0.6898841857910156,0.928874135017395
907,0.662109375,0.662109375,0.6665654618202871,1.0,0.26431024074554443,0.0,0.3556302487850189,0.0,0.07582894712686539,0.5113214582204819,0.6665654718875885,0.6665654718875885
908,0.6806640625,0.6806640625,0.9337366712003785,1.0,0.3463570773601532,0.0,0.4995005428791046,0.0,0.10232137143611908,0.6733927935361862,0.9337366849184037,0.9337366849184037
909,0.74212646484375,0.74212646484375,0.9472276738799043,1.0,0.49586743116378784,0.0,0.4986894130706787,0.0,0.12431860715150833,0.942430317401886,0.9472276866436005,0.9472276866436005
910,0.67852783203125,0.67852783203125,0.9151836319990483,1.0,0.49002811312675476,0.0,0.33133041858673096,0.0,0.09890599548816681,0.9151836454868316,0.6453975647687913,0.9151836454868316
911,0.703857421875,0.703857421875,0.6250643686061519,1.0,0.21029029786586761,0.0,0.3355751931667328,0.0,0.06472881138324738,0.41208005547523496,0.6250643774867057,0.6250643774867057
912,0.66796875,0.66796875,0.9265475730467556,1.0,0.4959172010421753,0.0,0.3389662504196167,0.0,0.10073521733283997,0.9265475869178772,0.6597309708595276,0.9265475869178772
913,0.7021484375,0.7021484375,0.8053834621644462,1.0,0.32563257217407227,0.0,0.4293445646762848,0.0,0.09260775148868561,0.6290730863809586,0.8053834736347198,0.8053834736347198
914,0.726318359375,0.726318359375,0.9204774640428458,1.0,0.4961898922920227,0.0,0.27335670590400696,0.0,0.08844021707773209,0.9204774767160415,0.5416610598564148,0.9204774767160415
915,0.74609375,0.74609375,0.9531473419468544,1.0,0.4960404932498932,0.0,0.501968502998352,0.0,0.12474671751260757,0.943069738149643,0.9531473547220229,0.9531473547220229
916,0.67657470703125,0.67657470703125,0.6674176177083582,1.0,0.281532347202301,0.0,0.3551468849182129,0.0,0.07852798700332642,0.5422729134559631,0.6674176275730134,0.6674176275730134
917,0.949951171875,0.949951171875,0.9839900926480399,1.0,0.5055696368217468,0.0,0.4238118529319763,0.31583571434020996,0.21534601598978043,0.9839901030063629,0.560749727487564,0.9839901030063629
918,0.6937255859375,0.6937255859375,0.901391515553322,1.0,0.4886031150817871,0.0,0.21905921399593353,0.0,0.07644063234329224,0.9013915285468102,0.44316689670085907,0.9013915285468102
919,0.7178955078125,0.7178955078125,0.4968937901482543,1.0,0.12461850792169571,0.0,0.26912885904312134,0.0,0.04298366606235504,0.2512262001633644,0.496893797069788,0.496893797069788
920,0.7314453125,0.7314453125,0.9396162977504433,1.0,0.4962293207645416,0.0,0.4640353322029114,0.0,0.1198982521891594,0.939616310596466,0.8848865300416947,0.939616310596466
921,0.68609619140625,0.68609619140625,0.9135597066048285,1.0,0.489473819732666,0.0,0.3250684440135956,0.0,0.09775110334157944,0.9135597199201584,0.6340705811977387,0.9135597199201584
922,0.7037353515625,0.7037353515625,0.8405079006922807,1.0,0.4439774751663208,0.0,0.4134845733642578,0.0,0.10704729706048965,0.8405079126358033,0.7886699795722961,0.8405079126358033
923,0.68988037109375,0.68988037109375,0.8509451027547401,1.0,0.45200684666633606,0.0,0.37332791090011597,0.0,0.10223352164030075,0.8509451150894165,0.7171909242868424,0.8509451150894165
924,0.69964599609375,0.69964599609375,0.9001549264279987,1.0,0.4763706922531128,0.0,0.4268769323825836,0.0,0.11256744712591171,0.9001549392938614,0.8160155475139618,0.9001549392938614
925,0.70233154296875,0.70233154296875,0.7256642387303205,1.0,0.20786049962043762,0.0,0.39159899950027466,0.0,0.068195641040802,0.4133087992668152,0.7256642490625382,0.7256642490625382
926,0.70184326171875,0.70184326171875,0.9308812783645054,1.0,0.4962173104286194,0.0,0.3769013285636902,0.0,0.10712037235498428,0.9308812916278839,0.7280441224575043,0.9308812916278839
927,0.74609375,0.74609375,0.9548594555427574,1.0,0.4960019290447235,0.0,0.5029218196868896,0.0,0.12485948204994202,0.9430956542491913,0.9548594683408738,0.9548594683408738
928,0.6875,0.6875,0.9143677012243753,1.0,0.4882313907146454,0.0,0.3555121123790741,0.0,0.10288988053798676,0.9143677145242691,0.6887449413537979,0.9143677145242691
929,0.69610595703125,0.69610595703125,0.9083212364364098,1.0,0.495739609003067,0.0,0.1598995327949524,0.0,0.06271074712276459,0.9083212494850159,0.337393119931221,0.9083212494850159
930,0.6578369140625,0.6578369140625,0.5290202462721312,1.0,0.2378273457288742,0.0,0.28068751096725464,0.0,0.06437301635742188,0.456157973408699,0.5290202543139457,0.5290202543139457
931,0.69061279296875,0.69061279296875,0.6981220263483289,1.0,0.26432740688323975,0.0,0.373160719871521,0.0,0.07739637792110443,0.5131054043769837,0.6981220364570618,0.6981220364570618
932,0.74212646484375,0.74212646484375,0.9472006342331662,1.0,0.49570807814598083,0.0,0.49868324398994446,0.0,0.12429780513048172,0.9421428650617599,0.9472006469964981,0.9472006469964981
933,0.65692138671875,0.65692138671875,0.9063325386363472,1.0,0.4861488938331604,0.0,0.31264543533325195,0.0,0.09524469822645187,0.9063325524330139,0.6113766729831696,0.9063325524330139
934,0.7274169921875,0.7274169921875,0.9226286493065378,1.0,0.48641353845596313,0.0,0.4708429276943207,0.0,0.11962539702653885,0.9226286619901657,0.8961586236953736,0.9226286619901657
935,0.6409912109375,0.6409912109375,0.7043946111579372,1.0,0.2304384857416153,0.0,0.3785282075405121,0.0,0.07174502313137054,0.45264209508895875,0.7043946221470834,0.7043946221470834
936,0.69140625,0.69140625,0.9260976419019191,1.0,0.4940538704395294,0.0,0.3680068850517273,0.0,0.1054779589176178,0.9260976552963257,0.7118177801370621,0.9260976552963257
937,0.7142333984375,0.7142333984375,0.9367873537510818,1.0,0.4964238405227661,0.0,0.43224453926086426,0.0,0.11553044617176056,0.9367873668670654,0.8276825547218323,0.9367873668670654
938,0.70703125,0.70703125,0.9368292318403032,1.0,0.4966004192829132,0.0,0.42948490381240845,0.0,0.11515425890684128,0.9368292450904846,0.8227328687906266,0.9368292450904846
939,0.71221923828125,0.71221923828125,0.9343890982802479,1.0,0.49740684032440186,0.0,0.39056798815727234,0.0,0.10940150171518326,0.9343891113996506,0.7527630627155304,0.9343891113996506
940,0.74609375,0.74609375,0.953750290604392,1.0,0.4980166256427765,0.0,0.5021936893463135,0.0,0.12502411007881165,0.946649295091629,0.953750303387642,0.953750303387642
941,0.71368408203125,0.71368408203125,0.9369232880919566,1.0,0.4962572753429413,0.0,0.43660205602645874,0.0,0.11613152176141739,0.9369233012199402,0.83550942838192,0.9369233012199402
942,0.6751708984375,0.6751708984375,0.9258988481715228,1.0,0.49601221084594727,0.0,0.3307688236236572,0.0,0.09929867833852768,0.9258988618850708,0.6449851036071778,0.9258988618850708
943,0.74188232421875,0.74188232421875,0.29582085359704013,1.0,0.09997959434986115,0.0,0.1587904989719391,0.0,0.03071656823158264,0.195842319726944,0.29582085758447646,0.29582085758447646
944,0.6953125,0.6953125,0.932998551420957,1.0,0.4960639476776123,0.0,0.4008345901966095,0.0,0.11085546761751175,0.9329985648393632,0.7711086571216583,0.9329985648393632
945,0.6961669921875,0.6961669921875,0.6620203787360772,1.0,0.2813720405101776,0.0,0.352157324552536,0.0,0.07820864766836166,0.5416854053735732,0.6620203882455826,0.6620203882455826
946,0.74212646484375,0.74212646484375,0.9472769818216303,1.0,0.4958058297634125,0.0,0.4987202286720276,0.0,0.12431468069553375,0.9423225164413451,0.947276994585991,0.947276994585991
947,0.67364501953125,0.67364501953125,0.7398325899686659,1.0,0.3899327516555786,0.0,0.3795364797115326,0.0,0.09616610407829285,0.7398326009511949,0.7221589386463165,0.7398326009511949
948,0.72296142578125,0.72296142578125,0.9245820841455022,1.0,0.48842912912368774,0.0,0.45409664511680603,0.0,0.11765949428081512,0.9245820969343186,0.8662168741226196,0.9245820969343186
949,0.661865234375,0.661865234375,0.7272177318133138,1.0,0.2424943745136261,0.0,0.39053794741630554,0.0,0.07491356879472733,0.47554366886615757,0.7272177428007127,0.7272177428007127
950,0.6783447265625,0.6783447265625,0.9216631038218096,1.0,0.4944216012954712,0.0,0.31704235076904297,0.0,0.09669686108827591,0.9216631174087525,0.6201183915138245,0.9216631174087525
951,0.74212646484375,0.74212646484375,0.9474735519769864,1.0,0.49603989720344543,0.0,0.49881643056869507,0.0,0.12435608357191086,0.9427534580230713,0.9474735647439957,0.9474735647439957
952,0.628662109375,0.628662109375,0.43587149731386954,1.0,0.22989524900913239,0.0,0.22060056030750275,0.0,0.05628800764679909,0.4358715042471886,0.42007053345441814,0.4358715042471886
953,0.63592529296875,0.63592529296875,0.917396115241597,1.0,0.4960634708404541,0.0,0.2448188215494156,0.0,0.08251085132360458,0.9173961296677589,0.49028022587299347,0.9173961296677589
954,0.711669921875,0.711669921875,0.9368915187795831,1.0,0.4966053068637848,0.0,0.4300197958946228,0.0,0.11523158848285675,0.936891531944275,0.8236961632966995,0.936891531944275
955,0.72137451171875,0.72137451171875,0.936012591857245,1.0,0.4958219826221466,0.0,0.4353303611278534,0.0,0.11590385437011719,0.9360126048326493,0.8331768482923507,0.9360126048326493
956,0.7144775390625,0.7144775390625,0.9093570403138775,1.0,0.4967748820781708,0.0,0.15162265300750732,0.0,0.060650549829006195,0.9093570530414582,0.32259826362133026,0.9093570530414582
957,0.7152099609375,0.7152099609375,0.9277004797686543,1.0,0.4949999749660492,0.0,0.3670053780078888,0.0,0.10540064424276352,0.9277004927396774,0.7101096779108048,0.9277004927396774
958,0.78485107421875,0.78485107421875,0.9440108447197294,1.0,0.4999045431613922,0.0,0.34661921858787537,0.0952075719833374,0.13624884188175201,0.9440108567476272,0.597738990187645,0.9440108567476272
959,0.59698486328125,0.59698486328125,0.8067887022057855,1.0,0.1534731686115265,0.0,0.43968966603279114,0.0,0.05852697044610977,0.32022067010402677,0.8067887157201767,0.8067887157201767
960,0.72601318359375,0.72601318359375,0.9082499945232447,1.0,0.4769628942012787,0.0,0.47808539867401123,0.0,0.119380883872509,0.9063417494297028,0.9082500070333481,0.9082500070333481
961,0.6611328125,0.6611328125,0.8570104558778411,1.0,0.45642393827438354,0.0,0.3544737994670868,0.0,0.09977246820926666,0.8570104688405991,0.6836952328681947,0.8570104688405991
962,0.74609375,0.74609375,0.9503873340063616,1.0,0.49637937545776367,0.0,0.5004163384437561,0.0,0.12459741532802582,0.9435245096683502,0.9503873467445374,0.9503873467445374
963,0.68353271484375,0.68353271484375,0.9221424116886509,1.0,0.4961467981338501,0.0,0.2907818853855133,0.0,0.09188061207532883,0.9221424251794816,0.5730220735073089,0.9221424251794816
964,0.65985107421875,0.65985107421875,0.6259155461702469,1.0,0.2068394273519516,0.0,0.3362397849559784,0.0,0.06413444876670837,0.40593494772911076,0.6259155556559562,0.6259155556559562
965,0.703125,0.703125,0.9284232812207684,1.0,0.49572038650512695,0.0,0.36126598715782166,0.0,0.10451812297105789,0.9284232944250107,0.6998508155345917,0.9284232944250107
966,0.74884033203125,0.74884033203125,0.9310265833980054,1.0,0.49874821305274963,0.0,0.3327981233596802,0.0,0.09988280385732651,0.9310265958309173,0.6489114433526993,0.9310265958309173
967,0.82421875,0.82421875,0.9575139167961606,1.0,0.49844759702682495,0.0,0.32429954409599304,0.27878302335739136,0.18594050407409668,0.9575139284133911,0.4105575203895569,0.9575139284133911
968,0.695556640625,0.695556640625,0.5273286475423201,1.0,0.25537344813346863,0.0,0.2787729501724243,0.0,0.06664029508829117,0.487549501657486,0.5273286551237106,0.5273286551237106
969,0.6810302734375,0.6810302734375,0.48779079495862043,1.0,0.24691805243492126,0.0,0.2572772204875946,0.0,0.06299781054258347,0.4701802164316177,0.48779080212116244,0.48779080212116244
970,0.661376953125,0.661376953125,0.4847916544689185,1.0,0.2028568536043167,0.0,0.2580588757991791,0.0,0.05679389834403992,0.390948224067688,0.484791661798954,0.484791661798954
971,0.695556640625,0.695556640625,0.925452511118392,1.0,0.49402886629104614,0.0,0.36200565099716187,0.0,0.10448870062828064,0.9254525244235992,0.7010130584239961,0.9254525244235992
972,0.63525390625,0.63525390625,0.4445853267660077,1.0,0.23896798491477966,0.0,0.14442960917949677,0.0,0.04509435594081879,0.44458533376455306,0.28387009501457217,0.44458533376455306
973,0.7100830078125,0.7100830078125,0.9366021739666394,1.0,0.49652376770973206,0.0,0.42859405279159546,0.0,0.11501791328191757,0.9366021871566772,0.821121671795845,0.9366021871566772
974,0.60931396484375,0.60931396484375,0.637689724529665,1.0,0.1077970415353775,0.0,0.3482833504676819,0.0,0.04290435463190079,0.22886300981044772,0.6376897349953652,0.6376897349953652
975,0.6812744140625,0.6812744140625,0.8130472659931876,1.0,0.4452574849128723,0.0,0.11583805084228516,0.0,0.049112752079963684,0.8130472779273987,0.2530342400074005,0.8130472779273987
976,0.68218994140625,0.68218994140625,0.6183442397671653,1.0,0.2103223353624344,0.0,0.33184000849723816,0.0,0.06444722414016724,0.4117642045021057,0.618344248831272,0.618344248831272
977,0.7410888671875,0.7410888671875,0.9417415372611808,1.0,0.4958494305610657,0.0,0.4921257495880127,0.0,0.12349514663219452,0.9417415499687195,0.9354112923145295,0.9417415499687195
978,0.72247314453125,0.72247314453125,0.9359712083726812,1.0,0.49584659934043884,0.0,0.4344734251499176,0.0,0.11578500270843506,0.9359712213277817,0.8316368252038957,0.9359712213277817
979,0.6932373046875,0.6932373046875,0.4574000516118661,1.0,0.17564423382282257,0.0,0.24435313045978546,0.0,0.05111294239759445,0.3405949339270592,0.4574000582098961,0.4574000582098961
980,0.71533203125,0.71533203125,0.9217250337493985,1.0,0.48906978964805603,0.0,0.4139942526817322,0.0,0.11210550367832184,0.9217250466346741,0.7940966337919235,0.9217250466346741
981,0.71820068359375,0.71820068359375,0.8670026151816612,1.0,0.27610036730766296,0.0,0.4663292169570923,0.0,0.08689888566732407,0.5436135828495026,0.8670026272535325,0.8670026272535325
982,0.722900390625,0.722900390625,0.8843971577136127,1.0,0.3759288489818573,0.0,0.4704468250274658,0.0,0.10448569804430008,0.7237166106700899,0.8843971699476242,0.8843971699476242
983,0.6654052734375,0.6654052734375,0.6298810223451112,1.0,0.2010125070810318,0.0,0.33876654505729675,0.0,0.06321243196725845,0.39569916725158694,0.6298810318112374,0.6298810318112374
984,0.73675537109375,0.73675537109375,0.9015904468114372,1.0,0.49228793382644653,0.0,0.15472178161144257,0.0,0.06124408543109894,0.901590459048748,0.3277280002832412,0.901590459048748
985,0.7109375,0.7109375,0.9369052486957514,1.0,0.49640077352523804,0.0,0.43383869528770447,0.0,0.11575516313314438,0.936905261874199,0.8305497288703919,0.936905261874199
986,0.72332763671875,0.72332763671875,0.9319161018041854,1.0,0.49968963861465454,0.0,0.32474765181541443,0.0,0.09851443022489548,0.9319161146879197,0.6345147371292114,0.9319161146879197
987,0.74212646484375,0.74212646484375,0.9489063164878621,1.0,0.49570176005363464,0.0,0.49963119626045227,0.0,0.12441468238830566,0.9422262877225877,0.9489063292741776,0.9489063292741776
988,0.714111328125,0.714111328125,0.8449925274538292,1.0,0.4364939033985138,0.0,0.4451906383037567,0.0,0.11019984632730484,0.8302080899477005,0.8449925392866136,0.8449925392866136
989,0.6893310546875,0.6893310546875,0.9309624685894617,1.0,0.49592211842536926,0.0,0.38302668929100037,0.0,0.1080707237124443,0.9309624820947647,0.7390402525663375,0.9309624820947647
990,0.722900390625,0.722900390625,0.8689821093276086,1.0,0.4690401256084442,0.0,0.24709895253181458,0.0,0.08129700273275375,0.868982121348381,0.49168212711811066,0.868982121348381
991,0.7196044921875,0.7196044921875,0.6850107425626037,1.0,0.3613834083080292,0.0,0.3452061712741852,0.0,0.0882774144411087,0.685010752081871,0.6575094491243363,0.685010752081871
992,0.73443603515625,0.73443603515625,0.9363040975400068,1.0,0.4939463436603546,0.0,0.4720069169998169,0.0,0.12068187445402145,0.93630411028862,0.8990070849657059,0.93630411028862
993,0.74609375,0.74609375,0.9535250148524826,1.0,0.4979568421840668,0.0,0.5020718574523926,0.0,0.1250014752149582,0.9465295016765596,0.9535250276327133,0.9535250276327133
994,0.689453125,0.689453125,0.6714244715341895,1.0,0.3536587059497833,0.0,0.34838810563087463,0.0,0.08775090426206589,0.6714244812726975,0.6624644607305527,0.6714244812726975
995,0.67474365234375,0.67474365234375,0.46721900605129996,1.0,0.08143168687820435,0.0,0.2550421357154846,0.0,0.0320524238049984,0.1720812499523163,0.46721901297569274,0.46721901297569274
996,0.69842529296875,0.69842529296875,0.9237166719501908,1.0,0.4959047734737396,0.0,0.3108809292316437,0.0,0.09567675739526749,0.9237166851758957,0.6091761499643326,0.9237166851758957
997,0.68359375,0.68359375,0.9230226530710218,1.0,0.49561870098114014,0.0,0.3090900480747223,0.0,0.09532187879085541,0.9230226665735246,0.6059239566326141,0.9230226665735246
998,0.72412109375,0.72412109375,0.6884934181262519,1.0,0.2276856005191803,0.0,0.3698471486568451,0.0,0.07057713717222214,0.44681879580020906,0.6884934276342393,0.6884934276342393
999,0.6953125,0.6953125,0.7325425668504587,1.0,0.38692328333854675,0.0,0.3608066737651825,0.0,0.0933522880077362,0.7325425773859024,0.6881443411111832,0.7325425773859024
1000,0.674560546875,0.674560546875,0.9083931564730744,1.0,0.49133893847465515,0.0,0.23983080685138702,0.0,0.0811556875705719,0.908393169939518,0.48082934617996215,0.908393169939518
1001,0.5435791015625,0.5435791015625,0.3680650390028426,1.0,0.19787223637104034,0.0,0.11895020306110382,0.0,0.03721717372536659,0.368065045773983,0.2338975891470909,0.368065045773983
1002,0.67669677734375,0.67669677734375,0.6055225342436991,1.0,0.23312169313430786,0.0,0.3234502077102661,0.0,0.06776253134012222,0.4519640684127808,0.6055225431919098,0.6055225431919098
1003,0.7310791015625,0.7310791015625,0.9095841462173159,1.0,0.43574613332748413,0.0,0.4811164140701294,0.0,0.11432752013206482,0.8324546813964845,0.9095841586589812,0.9095841586589812
1004,0.92425537109375,0.92425537109375,0.2515620070300164,1.0,0.10131923854351044,0.0,0.18170544505119324,0.10704964399337769,0.06520895659923553,0.21125013828277586,0.2515620097517967,0.2515620097517967
1005,0.6734619140625,0.6734619140625,0.9090744658429787,1.0,0.49195995926856995,0.0,0.23546552658081055,0.0,0.08024999499320984,0.909074479341507,0.473033943772316,0.909074479341507
1006,0.6796875,0.6796875,0.918963397930005,1.0,0.5028955340385437,0.0,0.13751450181007385,0.0,0.0572425052523613,0.9189634114503862,0.29781565666198734,0.9189634114503862
1007,0.74212646484375,0.74212646484375,0.9473980269326091,1.0,0.4958505928516388,0.0,0.49878498911857605,0.0,0.1243283674120903,0.9424095660448074,0.9473980396986008,0.9473980396986008
1008,0.69390869140625,0.69390869140625,0.8444249418876324,1.0,0.4503108263015747,0.0,0.33865466713905334,0.0,0.09666484594345093,0.8444249540567399,0.6546094834804534,0.8444249540567399
1009,0.684814453125,0.684814453125,0.8147942692270389,1.0,0.3050992786884308,0.0,0.435713529586792,0.0,0.08976639062166214,0.5927500545978546,0.8147942811250687,0.8147942811250687
1010,0.6854248046875,0.6854248046875,0.4329588394775512,1.0,0.13241977989673615,0.0,0.23317603766918182,0.0,0.04235115274786949,0.26167320758104323,0.43295884579420096,0.43295884579420096
1011,0.703125,0.703125,0.9264777051766997,1.0,0.49542832374572754,0.0,0.34706735610961914,0.0,0.1020953431725502,0.9264777183532715,0.6742640733718872,0.9264777183532715
1012,0.6710205078125,0.6710205078125,0.9063759877313969,1.0,0.4852783977985382,0.0,0.3287488520145416,0.0,0.09805811196565628,0.906376001238823,0.6402757734060288,0.906376001238823
1013,0.9090576171875,0.9090576171875,0.9365085737205504,1.0,0.5031039118766785,0.05575704574584961,0.3675241768360138,0.3877476453781128,0.24565210938453674,0.936508584022522,0.4598125159740448,0.936508584022522
1014,0.6973876953125,0.6973876953125,0.6331773056194235,1.0,0.23205111920833588,0.0,0.3388734459877014,0.0,0.06890947371721268,0.45157935917377473,0.6331773146986962,0.6331773146986962
1015,0.7149658203125,0.7149658203125,0.9365493136782401,1.0,0.4964692294597626,0.0,0.4290471374988556,0.0,0.11507721990346909,0.9365493267774582,0.8219317704439163,0.9365493267774582
1016,0.74212646484375,0.74212646484375,0.949226244414383,1.0,0.4964275062084198,0.0,0.49976861476898193,0.0,0.12452312558889389,0.9435463726520538,0.9492262572050095,0.9492262572050095
1017,0.71484375,0.71484375,0.9316386181918734,1.0,0.4932708740234375,0.0,0.43751057982444763,0.0,0.11593088507652283,0.9316386312246323,0.8368461310863495,0.9316386312246323
1018,0.74212646484375,0.74212646484375,0.9481421491893517,1.0,0.49635830521583557,0.0,0.499170184135437,0.0,0.12444005906581879,0.9433619678020477,0.9481421619653703,0.9481421619653703
1019,0.62890625,0.62890625,0.9176992568485177,1.0,0.4963681697845459,0.0,0.24236565828323364,0.0,0.08200356364250183,0.917699271440506,0.48589500188827517,0.917699271440506
1020,0.6861572265625,0.6861572265625,0.9284018262026705,1.0,0.4963659346103668,0.0,0.349431574344635,0.0,0.1025807112455368,0.9284018397331238,0.6786134272813796,0.9284018397331238
1021,0.74609375,0.74609375,0.9539353660041712,1.0,0.4960007071495056,0.0,0.502408504486084,0.0,0.12479601055383682,0.9430421233177185,0.9539353787899018,0.9539353787899018
1022,0.68536376953125,0.68536376953125,0.9224591686838016,1.0,0.4947766661643982,0.0,0.31861183047294617,0.0,0.09701120108366013,0.9224591821432113,0.622978961467743,0.9224591821432113
1023,0.6695556640625,0.6695556640625,0.43293627449978145,1.0,0.22845937311649323,0.0,0.21709409356117249,0.0,0.05565796047449112,0.4329362809658051,0.41361530572175975,0.4329362809658051
1024,0.63385009765625,0.63385009765625,0.9166470040306478,1.0,0.49577826261520386,0.0,0.2424614578485489,0.0,0.08198856562376022,0.9166470184922217,0.4860084503889084,0.9166470184922217
1025,0.74609375,0.74609375,0.9528690001804129,1.0,0.4958942234516144,0.0,0.5018219947814941,0.0,0.12471011281013489,0.9427918016910554,0.9528690129518509,0.9528690129518509
1026,0.85064697265625,0.85064697265625,0.40656545876345307,1.0,0.07111665606498718,0.0,0.22191877663135529,0.0,0.027955662459135056,0.15020185858011248,0.40656546354293827,0.40656546354293827
1027,0.677001953125,0.677001953125,0.35730130666225496,1.0,0.12041010707616806,0.0,0.19181127846240997,0.0,0.037037353962659836,0.23591932058334353,0.3573013119399548,0.3573013119399548
1028,0.68511962890625,0.68511962890625,0.5554154821628214,1.0,0.14043304324150085,0.0,0.3007623255252838,0.0,0.04829275608062744,0.28285571038722995,0.555415490269661,0.555415490269661
1029,0.7099609375,0.7099609375,0.9237897921620343,1.0,0.48929518461227417,0.0,0.43058472871780396,0.0,0.11451754719018936,0.923789805173874,0.8239820301532745,0.923789805173874
1030,0.7142333984375,0.7142333984375,0.9134019783403571,1.0,0.49155348539352417,0.0,0.28605717420578003,0.0,0.09063491225242615,0.9134019911289215,0.5640582621097565,0.9134019911289215
1031,0.6610107421875,0.6610107421875,0.6917948141345076,1.0,0.3119361996650696,0.0,0.36700066924095154,0.0,0.08431068062782288,0.5981852263212204,0.6917948246002198,0.6917948246002198
1032,0.65460205078125,0.65460205078125,0.5803967983273494,1.0,0.2385769486427307,0.0,0.3091883957386017,0.0,0.06734217703342438,0.4603573471307754,0.5803968071937561,0.5803968071937561
1033,0.6722412109375,0.6722412109375,0.9097265465830743,1.0,0.48657503724098206,0.0,0.3389149308204651,0.0,0.09993584454059601,0.9097265601158143,0.6587043792009353,0.9097265601158143
1034,0.67413330078125,0.67413330078125,0.9318762760211892,1.0,0.4984777569770813,0.0,0.346163272857666,0.0,0.10220083594322205,0.9318762898445129,0.672941666841507,0.9318762898445129
1035,0.68035888671875,0.68035888671875,0.6874096665077902,1.0,0.2395438700914383,0.0,0.3685862720012665,0.0,0.07266727089881897,0.4680375933647156,0.6874096766114235,0.6874096766114235
1036,0.66534423828125,0.66534423828125,0.6927404031348029,1.0,0.28852322697639465,0.0,0.3688267171382904,0.0,0.0809514969587326,0.5562244802713394,0.6927404135465622,0.6927404135465622
1037,0.74212646484375,0.74212646484375,0.9430912516591448,1.0,0.4963892996311188,0.0,0.4959052503108978,0.0,0.12403678894042969,0.9430912643671036,0.9422683805227281,0.9430912643671036
1038,0.66650390625,0.66650390625,0.805671545696056,1.0,0.4295460283756256,0.0,0.32488706707954407,0.0,0.09250641614198685,0.8056715577840805,0.6277513235807419,0.8056715577840805
1039,0.9248046875,0.9248046875,0.9355928677481841,1.0,0.5015882849693298,0.0,0.17343240976333618,0.15390723943710327,0.11586163192987442,0.9355928778648377,0.2392113745212555,0.9355928778648377
1040,0.6788330078125,0.6788330078125,0.806102901743254,1.0,0.42582958936691284,0.0,0.39609652757644653,0.0,0.102606400847435,0.8061029136180877,0.7555567085742951,0.8061029136180877
1041,0.6636962890625,0.6636962890625,0.9093896818232744,1.0,0.48832404613494873,0.0,0.3040641248226166,0.0,0.09383007884025574,0.9093896955251694,0.5961478292942047,0.9093896955251694
1042,0.70849609375,0.70849609375,0.8854047352275729,1.0,0.46996214985847473,0.0,0.39472877979278564,0.0,0.1072712168097496,0.885404747724533,0.7575080186128617,0.885404747724533
1043,0.711669921875,0.711669921875,0.9311916905925764,1.0,0.4960990846157074,0.0,0.38213351368904114,0.0,0.1079457625746727,0.9311917036771774,0.7374502331018448,0.9311917036771774
1044,0.74609375,0.74609375,0.9520318469952986,1.0,0.4925212562084198,0.0,0.5015442967414856,0.0,0.1242479458451271,0.9366926908493042,0.9520318597555162,0.9520318597555162
1045,0.71368408203125,0.71368408203125,0.9294910837111557,1.0,0.4960523247718811,0.0,0.36596912145614624,0.0,0.10532622784376144,0.9294910967350007,0.7083496510982513,0.9294910967350007
1046,0.70489501953125,0.70489501953125,0.47969374870228915,1.0,0.13779029250144958,0.0,0.25884151458740234,0.0,0.045158013701438904,0.2739066779613495,0.4796937555074692,0.4796937555074692
1047,0.7266845703125,0.7266845703125,0.9349296321958057,1.0,0.49639958143234253,0.0,0.41410398483276367,0.0,0.1128869354724884,0.9349296450614929,0.795027130842209,0.9349296450614929
1048,0.617431640625,0.6171875,0.49959727575863255,2.0,0.18397828936576843,0.0,0.26744282245635986,0.0,0.05453053116798401,0.3579052031040192,0.4997949093580246,0.4997949093580246
1049,0.6962890625,0.6962890625,0.9253490732333302,1.0,0.4952488839626312,0.0,0.33901095390319824,0.0,0.10068698972463608,0.925349086523056,0.65974460542202,0.925349086523056
1050,0.6875,0.6875,0.9270025505889354,1.0,0.49346983432769775,0.0,0.3875686228275299,0.0,0.10854995995759964,0.927002564072609,0.7469705045223236,0.927002564072609
1051,0.74212646484375,0.74212646484375,0.9483762017250695,1.0,0.49566203355789185,0.0,0.49933889508247375,0.0,0.1243734210729599,0.9421255499124527,0.9483762145042419,0.9483762145042419
1052,0.689208984375,0.689208984375,0.41408895398375495,1.0,0.22012248635292053,0.0,0.17868484556674957,0.0,0.04931560158729553,0.4140889599919319,0.3436449706554413,0.4140889599919319
1053,0.670654296875,0.670654296875,0.7370421582830027,1.0,0.3965907096862793,0.0,0.23178891837596893,0.0,0.07331877201795578,0.7370421692728997,0.456879124045372,0.7370421692728997
1054,0.7005615234375,0.7005615234375,0.927914486991215,1.0,0.4946928024291992,0.0,0.37467455863952637,0.0,0.10661918669939041,0.9279145002365112,0.7238834857940675,0.9279145002365112
1055,0.6966552734375,0.6966552734375,0.9263951675236629,1.0,0.496004581451416,0.0,0.33586934208869934,0.0,0.100199855864048,0.9263951808214188,0.6541652739048004,0.9263951808214188
1056,0.727294921875,0.727294921875,0.4208164276436687,1.0,0.20276126265525818,0.0,0.22252239286899567,0.0,0.05304580554366112,0.38722251206636427,0.42081643342971803,0.42081643342971803
1057,0.69525146484375,0.69525146484375,0.9341500207530782,1.0,0.49641746282577515,0.0,0.4059860110282898,0.0,0.1116732731461525,0.9341500341892243,0.7804165661334992,0.9341500341892243
1058,0.7210693359375,0.7210693359375,0.9326246549490084,1.0,0.4933217465877533,0.0,0.4464552402496338,0.0,0.11718033999204636,0.9326246678829193,0.8529516071081162,0.9326246678829193
1059,0.68994140625,0.68994140625,0.6328157094787967,1.0,0.24498116970062256,0.0,0.33795422315597534,0.0,0.07103636860847473,0.4747615277767181,0.6328157186508179,0.6328157186508179
1060,0.66729736328125,0.66729736328125,0.6470828555411207,1.0,0.24874639511108398,0.0,0.34567123651504517,0.0,0.07235223799943924,0.48231063485145564,0.6470828652381897,0.6470828652381897
1061,0.673583984375,0.673583984375,0.9091736300914655,1.0,0.48535096645355225,0.0,0.3554190397262573,0.0,0.10261557996273041,0.9091736435890198,0.6882893681526185,0.9091736435890198
1062,0.7178955078125,0.7178955078125,0.918914949014759,1.0,0.4853622019290924,0.0,0.4526299834251404,0.0,0.11710634082555771,0.9189149618148803,0.863270190358162,0.9189149618148803
1063,0.67919921875,0.67919921875,0.6033447906950115,1.0,0.2107187658548355,0.0,0.32348495721817017,0.0,0.06386344879865646,0.41164227426052097,0.60334479957819,0.60334479957819
1064,0.63836669921875,0.63836669921875,0.6129298412151944,1.0,0.2745174169540405,0.0,0.3252656161785126,0.0,0.07443806529045105,0.5266579121351243,0.6129298508167267,0.6129298508167267
1065,0.83984375,0.83984375,0.9465931153835628,1.0,0.5004919767379761,0.0,0.3401746451854706,0.11690104007720947,0.14236006885766983,0.946593126654625,0.568842726945877,0.946593126654625
1066,0.69610595703125,0.69610595703125,0.9332103774000439,1.0,0.4959881603717804,0.0,0.4043170213699341,0.0,0.11137735843658447,0.9332103908061982,0.7773694545030594,0.9332103908061982
1067,0.69683837890625,0.69683837890625,0.8399415908917207,1.0,0.44784441590309143,0.0,0.33821654319763184,0.0,0.09636469185352325,0.8399416029453277,0.6535742193460465,0.8399416029453277
1068,0.6796875,0.6796875,0.9272480530214718,1.0,0.49615782499313354,0.0,0.34163981676101685,0.0,0.10122102499008179,0.9272480666637422,0.6645674526691436,0.9272480666637422
1069,0.7340087890625,0.7340087890625,0.9391647270521766,1.0,0.49639472365379333,0.0,0.45654237270355225,0.0,0.11890900135040283,0.9391647398471832,0.8714157432317734,0.9391647398471832
1070,0.71875,0.71875,0.9387880611935905,1.0,0.49640101194381714,0.0,0.45266252756118774,0.0,0.11838123947381973,0.9387880742549897,0.8644326508045197,0.9387880742549897
1071,0.6912841796875,0.6912841796875,0.6906964738589807,1.0,0.3648940622806549,0.0,0.33887171745300293,0.0,0.08785052597522736,0.6906964838504791,0.6464584976434707,0.6906964838504791
1072,0.74212646484375,0.74212646484375,0.9478712609836588,1.0,0.49561870098114014,0.0,0.4990607798099518,0.0,0.12433343380689621,0.9420197397470476,0.9478712737560272,0.9478712737560272
1073,0.62457275390625,0.62457275390625,0.664232423697382,1.0,0.21790321171283722,0.0,0.3569122850894928,0.0,0.06776600331068039,0.4279170095920563,0.6642324343323709,0.6642324343323709
1074,0.68408203125,0.671875,0.9114338738178758,2.0,0.4956374168395996,0.0,0.3584601879119873,0.0,0.10404282063245773,0.9279933691024781,0.694792079925537,0.9279933691024781
1075,0.69232177734375,0.69232177734375,0.9097060563891253,1.0,0.49622562527656555,0.0,0.16499944031238556,0.0,0.06401459872722626,0.9097060695290566,0.3466215550899506,0.9097060695290566
1076,0.67584228515625,0.67584228515625,0.6702995528938637,1.0,0.3594466745853424,0.0,0.23295548558235168,0.0,0.07074782252311707,0.6702995628118515,0.45526454150676726,0.6702995628118515
1077,0.74212646484375,0.74212646484375,0.9471355310607875,1.0,0.4957989454269409,0.0,0.4986420273780823,0.0,0.12430410832166672,0.9423023045063019,0.9471355438232422,0.9471355438232422
1078,0.66632080078125,0.66632080078125,0.7010936005993149,1.0,0.3168118894100189,0.0,0.37189579010009766,0.0,0.08553950488567352,0.6074509799480438,0.7010936111211777,0.7010936111211777
1079,0.70904541015625,0.70904541015625,0.7465203775978462,1.0,0.35794597864151,0.0,0.39484766125679016,0.0,0.09387336671352386,0.6837875276803971,0.7465203881263733,0.7465203881263733
1080,0.965087890625,0.965087890625,0.9999999896382494,1.0,0.5033850073814392,0.10101437568664551,0.7598391771316528,0.16070044040679932,0.24767275154590607,0.9173354744911193,1.0,1.0
1081,0.70556640625,0.70556640625,0.912707506595437,1.0,0.4826122522354126,0.0,0.44005465507507324,0.0,0.11508825421333313,0.91270751953125,0.8403596043586732,0.91270751953125
1082,0.66107177734375,0.66107177734375,0.9223409244967004,1.0,0.4959762990474701,0.0,0.2958360016345978,0.0,0.09284308552742004,0.9223409384489059,0.582102432847023,0.9223409384489059
1083,0.69110107421875,0.69110107421875,0.9207597152278276,1.0,0.4924194812774658,0.0,0.34404662251472473,0.0,0.10131863504648209,0.9207597285509109,0.6685258686542512,0.9207597285509109
1084,0.9285888671875,0.9285888671875,0.8336128621928433,1.0,0.49536243081092834,0.11456805467605591,0.12823279201984406,0.20791661739349365,0.15970202535390854,0.833612871170044,0.33265672922134404,0.833612871170044
1085,0.69775390625,0.69775390625,0.922315646900705,1.0,0.49294906854629517,0.0,0.35007336735725403,0.0,0.1023932471871376,0.9223156601190567,0.6794269680976868,0.9223156601190567
1086,0.724609375,0.724609375,0.9352889885573514,1.0,0.4964336156845093,0.0,0.4170849323272705,0.0,0.11333151161670685,0.9352890014648437,0.8003962397575378,0.9352890014648437
1087,0.6953125,0.6953125,0.9297821298630591,1.0,0.49606722593307495,0.0,0.3686113655567169,0.0,0.10576138645410538,0.9297821432352067,0.7131071805953979,0.9297821432352067
1088,0.74609375,0.74609375,0.9559455624246007,1.0,0.4984097480773926,0.0,0.503391444683075,0.0,0.12522205710411072,0.9474766910076141,0.9559455752372743,0.9559455752372743
1089,0.68988037109375,0.68988037109375,0.8729148648807789,1.0,0.21717777848243713,0.0,0.4728872776031494,0.0,0.07513134926557541,0.43820872902870184,0.8729148775339127,0.8729148775339127
1090,0.9019775390625,0.9019775390625,0.6642496035365092,1.0,0.4042786955833435,0.11948370933532715,0.11422421038150787,0.20712506771087646,0.15258797630667686,0.6642496109008789,0.3338219940662384,0.6642496109008789
1091,0.671875,0.671875,0.91211732162461,1.0,0.49643102288246155,0.0,0.18541494011878967,0.0,0.06903603672981262,0.9121173352003098,0.38338999450206757,0.9121173352003098
1092,0.712646484375,0.712646484375,0.9186155458532771,1.0,0.4960595369338989,0.0,0.257083922624588,0.0,0.08509884774684906,0.9186155587434769,0.5123570144176484,0.9186155587434769
1093,0.7718505859375,0.7718505859375,0.26666904342388376,1.0,0.09307390451431274,0.0,0.142978698015213,0.0,0.028215978294610977,0.18183089792728424,0.26666904687881465,0.26666904687881465
1094,0.54229736328125,0.54229736328125,0.2596592937212244,1.0,0.1387973129749298,0.0,0.09824135154485703,0.0,0.02877480909228325,0.25965929850935937,0.19071416407823563,0.25965929850935937
1095,0.63287353515625,0.63287353515625,0.5564169527587989,1.0,0.2847282588481903,0.0,0.2933022975921631,0.0,0.07223793119192123,0.5418410956859588,0.5564169615507126,0.5564169615507126
1096,0.6640625,0.6640625,0.9091513109390343,1.0,0.4859957993030548,0.0,0.34358885884284973,0.0,0.10068611800670624,0.9091513246297835,0.6670595258474351,0.9091513246297835
1097,0.912841796875,0.912841796875,0.2703524232096458,1.0,0.151439368724823,0.03218322992324829,0.07833465188741684,0.15674680471420288,0.0786384828388691,0.2703524261713028,0.23783878684043885,0.2703524261713028
1098,0.74053955078125,0.74053955078125,0.6445666419846345,1.0,0.21963872015476227,0.0,0.34589043259620667,0.0,0.06725168228149414,0.4299387395381927,0.6445666506886483,0.6445666506886483
1099,0.7030029296875,0.7030029296875,0.9256059574546495,1.0,0.490786075592041,0.0,0.4219103455543518,0.0,0.11343918740749359,0.9256059706211089,0.8085172295570374,0.9256059706211089
1100,0.84765625,0.84765625,0.9648816054478907,1.0,0.5004248023033142,0.0,0.5012989640235901,0.1398707628250122,0.17486584931612015,0.9648816168308259,0.8404840052127838,0.9648816168308259
1101,0.81219482421875,0.81219482421875,0.8213595542511173,1.0,0.44455260038375854,0.0,0.0907212644815445,0.12092757225036621,0.08007462322711945,0.8213595643639564,0.18954787850379945,0.8213595643639564
1102,0.6685791015625,0.6685791015625,0.5940432131845805,1.0,0.1536622941493988,0.0,0.3214872181415558,0.0,0.052396319806575775,0.30874085128307344,0.5940432220697404,0.5940432220697404
1103,0.70013427734375,0.70013427734375,0.9300039367165868,1.0,0.49621617794036865,0.0,0.3681482970714569,0.0,0.10569915920495987,0.9300039499998093,0.7122885525226593,0.9300039499998093
1104,0.641357421875,0.641357421875,0.7116435655261126,1.0,0.2760351300239563,0.0,0.380022257566452,0.0,0.07997213304042816,0.5348654597997666,0.7116435766220093,0.7116435766220093
1105,0.6834716796875,0.6834716796875,0.9284560395533679,1.0,0.49617162346839905,0.0,0.3534713089466095,0.0,0.10325059294700623,0.9284560531377792,0.6858655184507371,0.9284560531377792
1106,0.93914794921875,0.93914794921875,0.8391580730730489,1.0,0.5030310750007629,0.17281728982925415,0.3590773344039917,0.36048245429992676,0.29022224992513657,0.8391580820083618,0.42919138669967655,0.8391580820083618
1107,0.74212646484375,0.74212646484375,0.9464820823686879,1.0,0.49299755692481995,0.0,0.4984346330165863,0.0,0.12392529845237732,0.9372390657663345,0.9464820951223374,0.9464820951223374
1108,0.74609375,0.74609375,0.9536188891865134,1.0,0.4980040192604065,0.0,0.5021213889122009,0.0,0.1250135600566864,0.9466193735599518,0.9536189019680023,0.9536189019680023
1109,0.74609375,0.74609375,0.9543373635650062,1.0,0.4961250424385071,0.0,0.5026249289512634,0.0,0.1248384565114975,0.9432875692844391,0.9543373763561249,0.9543373763561249
1110,0.6968994140625,0.6968994140625,0.9274510339930442,1.0,0.4934035837650299,0.0,0.39324596524238586,0.0,0.1094258576631546,0.9274510473012925,0.7571830958127975,0.9274510473012925
1111,0.74212646484375,0.74212646484375,0.9494409492826675,1.0,0.4959862232208252,0.0,0.49991241097450256,0.0,0.12448538839817047,0.9427664428949356,0.9494409620761872,0.9494409620761872
1112,0.68359375,0.68359375,0.9264491541757964,1.0,0.4961267411708832,0.0,0.3342103362083435,0.0,0.09991771727800369,0.9264491677284241,0.6511912792921066,0.9264491677284241
1113,0.74334716796875,0.74334716796875,0.9494714162174437,1.0,0.4958440363407135,0.0,0.4999372363090515,0.0,0.12447056174278259,0.9425129890441895,0.9494714289903641,0.9494714289903641
1114,0.74609375,0.74609375,0.9505058280385869,1.0,0.49577903747558594,0.0,0.5005155205726624,0.0,0.1245340034365654,0.942453819513321,0.9505058407783509,0.9505058407783509
1115,0.70404052734375,0.70404052734375,0.9156635869621201,1.0,0.4934594929218292,0.0,0.2743651270866394,0.0,0.08845803141593933,0.9156635999679565,0.5432031780481339,0.9156635999679565
1116,0.72412109375,0.72412109375,0.9331486215471085,1.0,0.496394544839859,0.0,0.3963845372200012,0.0,0.11020566523075104,0.9331486344337464,0.763131621479988,0.9331486344337464
1117,0.67962646484375,0.67962646484375,0.6943659665339741,1.0,0.2459918111562729,0.0,0.37209266424179077,0.0,0.07410897314548492,0.4799945265054703,0.6943659767508507,0.6943659767508507
1118,0.728515625,0.728515625,0.9370039602645875,1.0,0.4958973824977875,0.0,0.4438868463039398,0.0,0.11711376905441284,0.9370039731264115,0.8485860615968704,0.9370039731264115
1119,0.74212646484375,0.74212646484375,0.9471299520661117,1.0,0.4958423972129822,0.0,0.49863651394844055,0.0,0.12430889159440994,0.942379966378212,0.9471299648284912,0.9471299648284912
1120,0.68511962890625,0.68511962890625,0.8681241281279134,1.0,0.4775458574295044,0.0,0.08541597425937653,0.0,0.0419621542096138,0.8681241407990455,0.20150333940982817,0.8681241407990455
1121,0.7060546875,0.7060546875,0.8608175573023086,1.0,0.4585293233394623,0.0,0.3546478748321533,0.0,0.10000164806842804,0.8608175694942475,0.6842191070318222,0.8608175694942475
1122,0.671875,0.671875,0.9104690639763556,1.0,0.4961070120334625,0.0,0.17476455867290497,0.0,0.06643003970384598,0.9104690775275232,0.3641869068145752,0.9104690775275232
1123,0.724853515625,0.724853515625,0.9368791868181878,1.0,0.49510297179222107,0.0,0.4569385051727295,0.0,0.11881411075592041,0.9368791997432709,0.8719996064901352,0.9368791997432709
1124,0.6422119140625,0.63671875,0.9145106187170639,2.0,0.49644431471824646,0.0,0.2880062460899353,0.0,0.09136177599430084,0.9224003911018372,0.5680556744337082,0.9224003911018372
1125,0.7020263671875,0.7020263671875,0.9208735543446034,1.0,0.49210426211357117,0.0,0.3508589565753937,0.0,0.10245245695114136,0.9208735674619676,0.6807565480470656,0.9208735674619676
1126,0.7347412109375,0.7347412109375,0.9312857769339378,1.0,0.49886828660964966,0.0,0.33322873711586,0.0,0.09996912628412247,0.9312857896089555,0.6496985554695129,0.9312857896089555
1127,0.70196533203125,0.70196533203125,0.8008029376629179,1.0,0.29386278986930847,0.0,0.42856481671333313,0.0,0.08721668273210526,0.5718095034360885,0.8008029490709305,0.8008029490709305
1128,0.68829345703125,0.68829345703125,0.9355577094529242,1.0,0.5034398436546326,0.0,0.293660044670105,0.0,0.09296003729104996,0.9355577230453491,0.5789320647716523,0.9355577230453491
1129,0.74212646484375,0.74212646484375,0.94687030231604,1.0,0.495658814907074,0.0,0.4985024631023407,0.0,0.12426913529634476,0.9420361131429672,0.9468703150749207,0.9468703150749207
1130,0.71466064453125,0.71466064453125,0.6744858423864356,1.0,0.20010866224765778,0.0,0.36359721422195435,0.0,0.0647665485739708,0.39655531346797945,0.6744858518242836,0.6744858518242836
1131,0.69281005859375,0.69281005859375,0.9213907079025703,1.0,0.490686297416687,0.0,0.38155385851860046,0.0,0.1073363870382309,0.9213907212018967,0.7358655750751495,0.9213907212018967
1132,0.74371337890625,0.74371337890625,0.9428499035421136,1.0,0.49634701013565063,0.0,0.4942529797554016,0.0,0.12382444739341736,0.9428499162197114,0.9392900645732879,0.9428499162197114
1133,0.6627197265625,0.6627197265625,0.6982638253706455,1.0,0.25747668743133545,0.0,0.37362009286880493,0.0,0.0762590765953064,0.5008200466632843,0.6982638359069824,0.6982638359069824
1134,0.71502685546875,0.71502685546875,0.9270385493327338,1.0,0.49339407682418823,0.0,0.38929224014282227,0.0,0.1088116317987442,0.927038562297821,0.7500654399394989,0.927038562297821
1135,0.7109375,0.7109375,0.9363720791952705,1.0,0.49608084559440613,0.0,0.43426570296287537,0.0,0.11578105390071869,0.9363720923662185,0.8312863498926164,0.9363720923662185
1136,0.70343017578125,0.70343017578125,0.6311513900438992,1.0,0.20856794714927673,0.0,0.33905255794525146,0.0,0.064670629799366,0.40932756066322323,0.6311513990163803,0.6311513990163803
1137,0.7213134765625,0.7213134765625,0.9382737715103916,1.0,0.49644383788108826,0.0,0.4467487633228302,0.0,0.11757224053144455,0.938273784518242,0.8537921577692033,0.938273784518242
1138,0.7431640625,0.7431640625,0.9486167094615762,1.0,0.49597230553627014,0.0,0.4994552731513977,0.0,0.124426931142807,0.9426956772804261,0.9486167222261428,0.9486167222261428
1139,0.6993408203125,0.6993408203125,0.922110043691719,1.0,0.4901236295700073,0.0,0.39887523651123047,0.0,0.10996022820472717,0.9221100568771362,0.7669877886772156,0.9221100568771362
1140,0.72265625,0.72265625,0.9378113795684182,1.0,0.4955804944038391,0.0,0.45766502618789673,0.0,0.11896732449531555,0.9378113925457001,0.873355096578598,0.9378113925457001
1141,0.6640625,0.6640625,0.924960047978958,1.0,0.4960421323776245,0.0,0.3208422362804413,0.0,0.09751692414283752,0.9249600619077682,0.6271202385425568,0.9249600619077682
1142,0.6429443359375,0.6429443359375,0.5676419587062304,1.0,0.23276007175445557,0.0,0.3024255335330963,0.0,0.0657740905880928,0.4492106825113297,0.5676419675350189,0.5676419675350189
1143,0.6939697265625,0.6939697265625,0.7069820033956784,1.0,0.3425416648387909,0.0,0.3737376928329468,0.0,0.08936525136232376,0.6539487659931184,0.7069820135831834,0.7069820135831834
1144,0.77423095703125,0.77423095703125,0.9104930804789355,1.0,0.4970192313194275,0.0,0.15858475863933563,0.0,0.06243576854467392,0.910493092238903,0.3351544886827469,0.910493092238903
1145,0.6575927734375,0.6575927734375,0.8001775053650191,1.0,0.2862732708454132,0.0,0.4286389946937561,0.0,0.0858878642320633,0.5581557869911195,0.8001775175333022,0.8001775175333022
1146,0.79608154296875,0.79595947265625,0.23310559369706135,2.0,0.11211855709552765,0.0,0.1271962821483612,0.17982584238052368,0.07202938199043274,0.23251561522483824,0.23314134627580643,0.23314134627580643
1147,0.74609375,0.74609375,0.9526310375800333,1.0,0.4964500069618225,0.0,0.5016589164733887,0.0,0.1247602105140686,0.9437759041786193,0.9526310503482819,0.9526310503482819
1148,0.6796875,0.6796875,0.6523531802877763,1.0,0.2243114560842514,0.0,0.3499566912651062,0.0,0.06842578202486038,0.4387562900781632,0.6523531898856163,0.6523531898856163
1149,0.67364501953125,0.67364501953125,0.3688213621464112,1.0,0.155676007270813,0.0,0.19625209271907806,0.0,0.04341006651520729,0.2998420223593712,0.3688213676214218,0.3688213676214218
1150,0.669189453125,0.669189453125,0.7808755757944027,1.0,0.26861572265625,0.0,0.4188966751098633,0.0,0.08192654699087143,0.5253979682922363,0.7808755874633789,0.7808755874633789
1151,0.7109375,0.7109375,0.9296000528708858,1.0,0.4920995235443115,0.0,0.4382092356681824,0.0,0.11589903384447098,0.929600065946579,0.8379865765571595,0.929600065946579
1152,0.5841064453125,0.5841064453125,0.756814836419882,1.0,0.30518996715545654,0.0,0.40349769592285156,0.0,0.08689741790294647,0.589691710472107,0.7568148493766785,0.7568148493766785
1153,0.88323974609375,0.88323974609375,0.9634748230568836,1.0,0.5034452676773071,0.0,0.36926695704460144,0.20346659421920776,0.17494578659534454,0.9634748339653015,0.5522517740726471,0.9634748339653015
1154,0.6300048828125,0.6300048828125,0.6935540238204311,1.0,0.3105151951313019,0.0,0.3680569529533386,0.0,0.08421377092599869,0.5957330465316772,0.6935540348291398,0.6935540348291398
1155,0.6953125,0.6953125,0.9105709570817985,1.0,0.4964457154273987,0.0,0.16968682408332825,0.0,0.06519249826669693,0.9105709701776505,0.3550808548927307,0.9105709701776505
1156,0.71405029296875,0.71405029296875,0.9278775711052005,1.0,0.49679452180862427,0.0,0.3364744484424591,0.0,0.10037179291248322,0.9278775840997695,0.6553334593772889,0.9278775840997695
1157,0.67620849609375,0.67620849609375,0.5108265890634223,1.0,0.25158366560935974,0.0,0.26981568336486816,0.0,0.06509528309106827,0.4798321664333344,0.5108265966176987,0.5108265966176987
1158,0.7271728515625,0.7271728515625,0.939817660043643,1.0,0.49642521142959595,0.0,0.4625229239463806,0.0,0.11971879005432129,0.9398176729679107,0.8821837842464448,0.9398176729679107
1159,0.70703125,0.70703125,0.9359739111603382,1.0,0.49644020199775696,0.0,0.42381560802459717,0.0,0.11431775987148285,0.9359739243984223,0.8125121146440506,0.9359739243984223
1160,0.70635986328125,0.70635986328125,0.9315213309972444,1.0,0.49632516503334045,0.0,0.3813604712486267,0.0,0.10784424096345901,0.9315213441848755,0.7360813647508622,0.9315213441848755
1161,0.74212646484375,0.74212646484375,0.9489599338453472,1.0,0.495430052280426,0.0,0.49967607855796814,0.0,0.12438599020242691,0.9417417019605637,0.9489599466323853,0.9489599466323853
1162,0.69671630859375,0.69671630859375,0.9158706026944269,1.0,0.49169525504112244,0.0,0.30819156765937805,0.0,0.09485524147748947,0.9158706158399582,0.6039143472909927,0.9158706158399582
1163,0.74609375,0.74609375,0.9508167616243546,1.0,0.49581027030944824,0.0,0.500686526298523,0.0,0.12455911934375763,0.9425271391868592,0.9508167743682862,0.9508167743682862
1164,0.91015625,0.91015625,0.9677780402664078,1.0,0.5006459951400757,0.0,0.42428454756736755,0.24186807870864868,0.1952601596713066,0.9677780508995056,0.6202823221683502,0.9677780508995056
1165,0.74609375,0.74609375,0.9550885877151318,1.0,0.49596187472343445,0.0,0.5030513405799866,0.0,0.12487035244703293,0.9430365085601807,0.9550886005163193,0.9550886005163193
1166,0.69024658203125,0.69024658203125,0.9236615643199512,1.0,0.49442458152770996,0.0,0.33697330951690674,0.0,0.10026198625564575,0.9236615777015686,0.6559944152832031,0.9236615777015686
1167,0.69354248046875,0.69354248046875,0.9258677229897346,1.0,0.495948851108551,0.0,0.33159804344177246,0.0,0.09944078326225281,0.9258677363395691,0.6464713633060456,0.9258677363395691
1168,0.6768798828125,0.6768798828125,0.927560396200055,1.0,0.49639883637428284,0.0,0.340425044298172,0.0,0.10103005170822144,0.9275604099035263,0.662404963374138,0.9275604099035263
1169,0.65911865234375,0.65911865234375,0.9196990976273807,1.0,0.4960296154022217,0.0,0.2684580385684967,0.0,0.08743826299905777,0.9196991115808487,0.5328274309635163,0.9196991115808487
1170,0.656982421875,0.656982421875,0.658653020519091,1.0,0.12488225847482681,0.0,0.3589804470539093,0.0,0.04768037796020508,0.2606861099600792,0.6586530305445194,0.6586530305445194
1171,0.67974853515625,0.67974853515625,0.36939473502801806,1.0,0.11038097739219666,0.0,0.1990870237350464,0.0,0.03562598675489426,0.21859446167945865,0.3693947404623032,0.3693947404623032
1172,0.644287109375,0.644287109375,0.6791100396609282,1.0,0.2449183464050293,0.0,0.3636767864227295,0.0,0.0732307955622673,0.47722070217132573,0.679110050201416,0.679110050201416
1173,0.74609375,0.74609375,0.953688745829254,1.0,0.4958626627922058,0.0,0.5022791624069214,0.0,0.12476257234811783,0.9427807092666626,0.9536887586116791,0.9536887586116791
1174,0.97418212890625,0.97418212890625,0.9999999897349791,1.0,0.505447268486023,0.13940882682800293,0.8394842147827148,0.09939318895339966,0.24541935324668884,0.8921657621860505,1.0,1.0
1175,0.70465087890625,0.70465087890625,0.7479852898067376,1.0,0.28620436787605286,0.0,0.39964714646339417,0.0,0.08341718465089798,0.5551325768232346,0.7479853004217147,0.7479853004217147
1176,0.6826171875,0.6826171875,0.9230441435060637,1.0,0.4942929446697235,0.0,0.33316856622695923,0.0,0.09958254545927048,0.9230441570281983,0.649132713675499,0.9230441570281983
1177,0.71478271484375,0.71478271484375,0.9323496837115897,1.0,0.4934641420841217,0.0,0.44114241003990173,0.0,0.11646024882793427,0.9323496967554094,0.8434027522802352,0.9323496967554094
1178,0.74609375,0.74609375,0.9523942342899792,1.0,0.49327516555786133,0.0,0.5017037391662598,0.0,0.12436343729496002,0.9380656719207763,0.9523942470550538,0.9523942470550538
1179,0.74609375,0.74609375,0.9560569664844248,1.0,0.4985335171222687,0.0,0.5034464597702026,0.0,0.12524446845054626,0.947704976797104,0.9560569792985916,0.9560569792985916
1180,0.74609375,0.74609375,0.9556483826104304,1.0,0.4980257451534271,0.0,0.5032476782798767,0.0,0.1251557618379593,0.9467711091041565,0.9556483954191208,0.9556483954191208
1181,0.69384765625,0.69384765625,0.9138109552288519,1.0,0.4889582097530365,0.0,0.33686190843582153,0.0,0.09978340566158295,0.9138109683990479,0.6552472561597824,0.9138109683990479
1182,0.7066650390625,0.7066650390625,0.930666302385736,1.0,0.49629732966423035,0.0,0.37331122159957886,0.0,0.10654819011688232,0.9306663155555726,0.721589931845665,0.9306663155555726
1183,0.74609375,0.74609375,0.9548067948398041,1.0,0.4958862364292145,0.0,0.5028989911079407,0.0,0.12484200298786163,0.9428851246833801,0.9548068076372147,0.9548068076372147
1184,0.74609375,0.74609375,0.9537865093663043,1.0,0.49617403745651245,0.0,0.5023161768913269,0.0,0.12480655312538147,0.943344885110855,0.9537865221500398,0.9537865221500398
1185,0.7376708984375,0.7376708984375,0.9367318682047374,1.0,0.49377936124801636,0.0,0.47929030656814575,0.0,0.12160674482584,0.936731880903244,0.9121004879474641,0.936731880903244
1186,0.56231689453125,0.56231689453125,0.38224457865679196,1.0,0.20843878388404846,0.0,0.07054774463176727,0.0,0.027198608964681625,0.38224458545446394,0.14782981872558593,0.38224458545446394
1187,0.6578369140625,0.6578369140625,0.6492488076936077,1.0,0.1589536964893341,0.0,0.3518630266189575,0.0,0.05531614273786545,0.3213029563426972,0.6492488175630571,0.6492488175630571
1188,0.818115234375,0.818115234375,0.1606648291380533,1.0,0.06477414071559906,0.0,0.07894560694694519,0.12074661254882812,0.04443389177322388,0.13656267523765564,0.1606648311018944,0.1606648311018944
1189,0.69677734375,0.69677734375,0.5333015410059714,1.0,0.2030750960111618,0.0,0.2849966883659363,0.0,0.059313736855983734,0.3940348416566849,0.5333015486598015,0.5333015486598015
1190,0.73822021484375,0.73822021484375,0.9425147465347464,1.0,0.49635088443756104,0.0,0.4908316731452942,0.0,0.1233939677476883,0.9425147593021393,0.9331321001052856,0.9425147593021393
1191,0.695068359375,0.695068359375,0.9003810976547281,1.0,0.4946184456348419,0.0,0.10067908465862274,0.0,0.04690869152545929,0.9003811106085777,0.2306841969490051,0.9003811106085777
1192,0.74212646484375,0.74212646484375,0.9483631751301295,1.0,0.4957522451877594,0.0,0.4993266463279724,0.0,0.12438326328992844,0.9422867059707641,0.9483631879091263,0.9483631879091263
1193,0.7301025390625,0.7301025390625,0.9295131794455499,1.0,0.47852903604507446,0.0,0.4898112714290619,0.0,0.12102610617876053,0.9103333920240402,0.9295131921768189,0.9295131921768189
1194,0.69140625,0.69140625,0.9234697536180505,1.0,0.4946116805076599,0.0,0.33168742060661316,0.0,0.09934700280427933,0.9234697669744493,0.6464985251426696,0.9234697669744493
1195,0.67498779296875,0.67498779296875,0.8342417146351544,1.0,0.4470396637916565,0.0,0.29570332169532776,0.0,0.089065320789814,0.8342417269945145,0.5769699454307556,0.8342417269945145
1196,0.685546875,0.685546875,0.800036192936251,1.0,0.08231634646654129,0.0,0.43989142775535583,0.0,0.03968624770641327,0.1921585664153099,0.8000362046062947,0.8000362046062947
1197,0.71514892578125,0.71514892578125,0.9249647905233835,1.0,0.4983784854412079,0.0,0.2788352966308594,0.0,0.08968661725521088,0.9249648034572602,0.5517413824796676,0.9249648034572602
1198,0.69769287109375,0.69769287109375,0.5344721881435536,1.0,0.17527101933956146,0.0,0.2871917188167572,0.0,0.05451582744717598,0.3442070066928864,0.5344721958041191,0.5344721958041191
1199,0.71051025390625,0.71051025390625,0.44773822392678064,1.0,0.16374057531356812,0.0,0.2396467626094818,0.0,0.048668526113033295,0.3186977118253708,0.4477382302284241,0.4477382302284241
1200,0.71484375,0.71484375,0.9351787644932106,1.0,0.4949239194393158,0.0,0.44315722584724426,0.0,0.11690360307693481,0.9351787775754928,0.8471753984689714,0.9351787775754928
1201,0.68743896484375,0.68743896484375,0.404572644904999,1.0,0.21725568175315857,0.0,0.13512423634529114,0.0,0.0417163148522377,0.40457265079021454,0.2649491935968399,0.40457265079021454
1202,0.69573974609375,0.69573974609375,0.37719872945794447,1.0,0.20029540359973907,0.0,0.1666700839996338,0.0,0.04548714682459831,0.37719873487949374,0.3200356915593147,0.37719873487949374
1203,0.74609375,0.74609375,0.9546367964347188,1.0,0.49601659178733826,0.0,0.5027973055839539,0.0,0.1248459741473198,0.9431095957756043,0.9546368092298507,0.9546368092298507
1204,0.70819091796875,0.70819091796875,0.7457698329284967,1.0,0.3950505554676056,0.0,0.3467884361743927,0.0,0.09233822673559189,0.7457698434591293,0.6637242406606675,0.7457698434591293
1205,0.71026611328125,0.71026611328125,0.9307470250217903,1.0,0.4972352385520935,0.0,0.3572360873222351,0.0,0.10397917032241821,0.9307470381259918,0.6927484810352327,0.9307470381259918
1206,0.69921875,0.69921875,0.9329053030107348,1.0,0.49628981947898865,0.0,0.39583641290664673,0.0,0.11011074483394623,0.9329053163528442,0.762134525179863,0.9329053163528442
1207,0.734375,0.734375,0.9414109906512073,1.0,0.49621957540512085,0.0,0.4821576774120331,0.0,0.12227188795804977,0.9414110034704208,0.9175057768821717,0.9414110034704208
1208,0.69720458984375,0.69720458984375,0.48255993478768816,1.0,0.134136363863945,0.0,0.2606368362903595,0.0,0.044516123831272125,0.26750913858413694,0.4825599417090416,0.4825599417090416
1209,0.7232666015625,0.7232666015625,0.9254384091693856,1.0,0.49609315395355225,0.0,0.3247074484825134,0.0,0.09822031855583191,0.9254384219646454,0.6340827226638794,0.9254384219646454
1210,0.65460205078125,0.65460205078125,0.5408451251020033,1.0,0.1651564985513687,0.0,0.2912941575050354,0.0,0.05285390838980675,0.3264111131429672,0.5408451333642006,0.5408451333642006
1211,0.63623046875,0.63623046875,0.5211073793521803,1.0,0.27523353695869446,0.0,0.25687021017074585,0.0,0.06643380224704742,0.5211073875427246,0.48988973200321195,0.5211073875427246
1212,0.69012451171875,0.69012451171875,0.6372950655264199,1.0,0.34863409399986267,0.0,0.09753705561161041,0.0,0.040263399481773376,0.637295074760914,0.21043010950088503,0.637295074760914
1213,0.73052978515625,0.73052978515625,0.9399907937123416,1.0,0.49656549096107483,0.0,0.4617292284965515,0.0,0.1196286603808403,0.9399908065795898,0.8807691603899003,0.9399908065795898
1214,0.710205078125,0.710205078125,0.45013150535018276,1.0,0.14105284214019775,0.0,0.24223679304122925,0.0,0.044681161642074585,0.2781187951564789,0.45013151168823246,0.45013151168823246
1215,0.684814453125,0.684814453125,0.9283730311726698,1.0,0.4960131347179413,0.0,0.35549402236938477,0.0,0.10357820987701416,0.9283730447292329,0.6894905537366867,0.9283730447292329
1216,0.74609375,0.74609375,0.9504942826190486,1.0,0.4957783818244934,0.0,0.5005091428756714,0.0,0.12453313916921616,0.9424520015716553,0.9504942953586578,0.9504942953586578
1217,0.5599365234375,0.5599365234375,0.4964896664761446,1.0,0.2232002168893814,0.0,0.26342758536338806,0.0,0.06041421368718147,0.42810314893722534,0.4964896753430367,0.4964896753430367
1218,0.67706298828125,0.67706298828125,0.7848135161714497,1.0,0.4262741506099701,0.0,0.17520056664943695,0.0,0.06306105107069016,0.7848135277628899,0.35798843502998356,0.7848135277628899
1219,0.6964111328125,0.6964111328125,0.9181398766524341,1.0,0.4925134778022766,0.0,0.3161562979221344,0.0,0.09638535231351852,0.9181398898363113,0.6183326840400696,0.9181398898363113
1220,0.91094970703125,0.91094970703125,0.8636311615075247,1.0,0.4587617814540863,0.0,0.15320907533168793,0.22539055347442627,0.12663501501083374,0.863631170988083,0.3290119141340256,0.863631170988083
1221,0.74609375,0.74609375,0.9499105057952462,1.0,0.4958607852458954,0.0,0.5001802444458008,0.0,0.12450279295444489,0.9425674378871918,0.949910518527031,0.949910518527031
1222,0.69921875,0.69921875,0.9077305052993923,1.0,0.4959140419960022,0.0,0.15085242688655853,0.0,0.06041523814201355,0.9077305182814599,0.3211257725954056,0.9077305182814599
1223,0.65045166015625,0.65045166015625,0.8738639637591067,1.0,0.4659165143966675,0.0,0.3521425127983093,0.0,0.10029821842908859,0.8738639771938325,0.6804481744766235,0.8738639771938325
1224,0.69091796875,0.69091796875,0.5402153831018327,1.0,0.12320339679718018,0.0,0.29327502846717834,0.0,0.044002141803503036,0.25109361708164213,0.5402153909206391,0.5402153909206391
1225,0.66448974609375,0.66448974609375,0.6709835234635038,1.0,0.206654354929924,0.0,0.36128783226013184,0.0,0.06591184437274933,0.40810662209987647,0.6709835335612296,0.6709835335612296
1226,0.8165283203125,0.8165283203125,0.9319792484346704,1.0,0.5012251138687134,0.0,0.2381283938884735,0.059612154960632324,0.10230591893196106,0.9319792598485948,0.43106389641761783,0.9319792598485948
1227,0.74609375,0.74609375,0.9533422610535863,1.0,0.495893269777298,0.0,0.5020849704742432,0.0,0.12474247068166733,0.9428163826465608,0.9533422738313675,0.9533422738313675
1228,0.71612548828125,0.71612548828125,0.9190556099823629,1.0,0.49322402477264404,0.0,0.3125237822532654,0.0,0.09577425569295883,0.9190556228160859,0.611865210533142,0.9190556228160859
1229,0.74609375,0.74609375,0.953059815507407,1.0,0.49604499340057373,0.0,0.5019196271896362,0.0,0.12474125623703003,0.9430729508399963,0.9530598282814026,0.9530598282814026
1230,0.9591064453125,0.9591064453125,0.16602266406765012,1.0,0.08199033886194229,0.0,0.10612212866544724,0.07827842235565186,0.04664338938891888,0.1660226657986641,0.13659612759947776,0.1660226657986641
1231,0.74609375,0.74609375,0.9512022516790405,1.0,0.4959304630756378,0.0,0.5008940100669861,0.0,0.12459997832775116,0.9427642345428466,0.9512022644281388,0.9512022644281388
1232,0.70269775390625,0.70269775390625,0.8014615272669529,1.0,0.1490272581577301,0.0,0.4369771182537079,0.0,0.05730053037405014,0.311946776509285,0.8014615386724473,0.8014615386724473
1233,0.6796875,0.6796875,0.9014406086499047,1.0,0.4947785437107086,0.0,0.10839243233203888,0.0,0.04905752092599869,0.9014406219124793,0.24458423256874084,0.9014406219124793
1234,0.67108154296875,0.67108154296875,0.49583932614558085,1.0,0.22499287128448486,0.0,0.26296669244766235,0.0,0.06062665954232216,0.431283837556839,0.49583933353424076,0.49583933353424076
1235,0.61138916015625,0.61138916015625,0.48411697549538485,1.0,0.25526198744773865,0.0,0.24645406007766724,0.0,0.06269517540931702,0.4841169834136963,0.4691435068845749,0.4841169834136963
1236,0.740966796875,0.740966796875,0.941811960145939,1.0,0.49629703164100647,0.0,0.4847731590270996,0.0,0.12261684983968735,0.9418119728565216,0.9222213894128799,0.9418119728565216
1237,0.7265625,0.7265625,0.9399280865764092,1.0,0.4964316189289093,0.0,0.4635118544101715,0.0,0.11985190212726593,0.9399280995130539,0.8839644998311997,0.9399280995130539
1238,0.66619873046875,0.66619873046875,0.7228622268413297,1.0,0.38486236333847046,0.0,0.30109983682632446,0.0,0.08447614312171936,0.7228622376918792,0.5804659426212311,0.7228622376918792
1239,0.74212646484375,0.74212646484375,0.9490287891300638,1.0,0.49581658840179443,0.0,0.4996928572654724,0.0,0.12443679571151733,0.9424391448497773,0.9490288019180297,0.9490288019180297
1240,0.74609375,0.74609375,0.9518339565970644,1.0,0.4960011839866638,0.0,0.5012410283088684,0.0,0.12465183436870575,0.9429262340068817,0.9518339693546295,0.9518339693546295
1241,0.6763916015625,0.6763916015625,0.5378622854702859,1.0,0.1563212126493454,0.0,0.29012787342071533,0.0,0.05100013315677643,0.3103909701108933,0.5378622934222221,0.5378622934222221
1242,0.7205810546875,0.7205810546875,0.9264198413075568,1.0,0.4897419810295105,0.0,0.4488428831100464,0.0,0.1171005442738533,0.9264198541641236,0.8568913877010345,0.9264198541641236
1243,0.6990966796875,0.6990966796875,0.9282739804523532,1.0,0.49709922075271606,0.0,0.3349539637565613,0.0,0.10012919455766678,0.9282739937305451,0.6526270568370819,0.9282739937305451
1244,0.74609375,0.74609375,0.9570792129507116,1.0,0.4964199662208557,0.0,0.5041317939758301,0.0,0.1250615268945694,0.9439691185951233,0.9570792257785797,0.9570792257785797
1245,0.67657470703125,0.67657470703125,0.9060107544263558,1.0,0.4892684817314148,0.0,0.2532750070095062,0.0,0.08387352526187897,0.9060107678174972,0.5048218607902527,0.9060107678174972
1246,0.669921875,0.669921875,0.7273266385705265,1.0,0.3842514455318451,0.0,0.35674047470092773,0.0,0.09249641001224518,0.727326649427414,0.6805579990148545,0.727326649427414
1247,0.84967041015625,0.84967041015625,0.7811769691558035,1.0,0.4992803633213043,0.1938222050666809,0.37530088424682617,0.0,0.1727851778268814,0.7811769783496857,0.7448518514633178,0.7811769783496857
1248,0.7398681640625,0.7398681640625,0.9379303358385177,1.0,0.4945768415927887,0.0,0.47692033648490906,0.0,0.12139704078435898,0.9379303485155106,0.9079142898321152,0.9379303485155106
1249,0.71484375,0.71484375,0.9379070597812772,1.0,0.4965154230594635,0.0,0.4417931139469147,0.0,0.1168903186917305,0.9379070729017257,0.8448791474103928,0.9379070729017257
1250,0.6253662109375,0.6253662109375,0.4491619470417269,1.0,0.22560767829418182,0.0,0.23700065910816193,0.0,0.057790979743003845,0.4297938868403435,0.44916195422410965,0.44916195422410965
1251,0.74609375,0.74609375,0.9526409170497725,1.0,0.4958825409412384,0.0,0.5016959309577942,0.0,0.12469308078289032,0.9427581667900086,0.9526409298181534,0.9526409298181534
1252,0.632080078125,0.632080078125,0.3613324972445967,1.0,0.17384874820709229,0.0,0.19108201563358307,0.0,0.045514728873968124,0.33203594833612443,0.36133250296115876,0.36133250296115876
1253,0.71783447265625,0.71783447265625,0.9104009739888446,1.0,0.4798917770385742,0.0,0.4659578800201416,0.0,0.11820554733276367,0.9104009866714478,0.8867133617401124,0.9104009866714478
1254,0.69171142578125,0.69171142578125,0.8873398205506124,1.0,0.480740487575531,0.0,0.22006955742835999,0.0,0.07622072100639343,0.8873398333787919,0.44419925212860106,0.8873398333787919
1255,0.67706298828125,0.67706298828125,0.8331077273822359,1.0,0.452141672372818,0.0,0.19252729415893555,0.0,0.06843127310276031,0.8331077396869659,0.39176329672336574,0.8331077396869659
1256,0.6802978515625,0.6802978515625,0.92738887794562,1.0,0.49589812755584717,0.0,0.3477226197719574,0.0,0.10224805772304535,0.9273888915777206,0.675490528345108,0.9273888915777206
1257,0.74609375,0.74609375,0.9528603783686617,1.0,0.49620068073272705,0.0,0.5018001794815063,0.0,0.1247461810708046,0.9433412432670594,0.9528603911399841,0.9528603911399841
1258,0.74212646484375,0.74212646484375,0.9471564522908219,1.0,0.49574047327041626,0.0,0.49865689873695374,0.0,0.12429860979318619,0.9421985417604446,0.9471564650535584,0.9471564650535584
1259,0.74609375,0.74609375,0.9550237020996991,1.0,0.4959985911846161,0.0,0.5030132532119751,0.0,0.12487033009529114,0.9430987894535064,0.9550237149000169,0.9550237149000169
1260,0.67132568359375,0.67132568359375,0.9124919278596381,1.0,0.48780345916748047,0.0,0.34445714950561523,0.0,0.10099084675312042,0.9124919414520263,0.6688032150268556,0.9124919414520263
1261,0.6785888671875,0.6785888671875,0.6977190391718243,1.0,0.2554035782814026,0.0,0.37343260645866394,0.0,0.07588247209787369,0.4970697015523911,0.6977190494537354,0.6977190494537354
1262,0.69964599609375,0.69964599609375,0.7857432104100044,1.0,0.3486798107624054,0.0,0.41715291142463684,0.0,0.09496685117483139,0.6693389505147933,0.785743221640587,0.785743221640587
1263,0.7178955078125,0.7178955078125,0.9236753633104021,1.0,0.4958573877811432,0.0,0.31132078170776367,0.0,0.09575473517179489,0.923675376176834,0.609963145852089,0.923675376176834
1264,0.721435546875,0.721435546875,0.8722202627159577,1.0,0.4428747594356537,0.0,0.4599626660346985,0.0,0.11281424760818481,0.8431708335876466,0.8722202748060227,0.8722202748060227
1265,0.74609375,0.74609375,0.9498416892535431,1.0,0.4953700304031372,0.0,0.5001692771911621,0.0,0.12443952262401581,0.9416829824447632,0.9498417019844055,0.9498417019844055
1266,0.6429443359375,0.6429443359375,0.5843939541283955,1.0,0.2835191786289215,0.0,0.3089122474193573,0.0,0.07391799986362457,0.5412257462739944,0.5843939632177353,0.5843939632177353
1267,0.7174072265625,0.7174072265625,0.936562307535198,1.0,0.4966796934604645,0.0,0.42538872361183167,0.0,0.11457160860300064,0.9365623205900192,0.8153676718473435,0.9365623205900192
1268,0.69921875,0.69921875,0.9346685305674954,1.0,0.49638935923576355,0.0,0.41167697310447693,0.0,0.11252471804618835,0.934668543934822,0.7906574875116349,0.934668543934822
1269,0.7232666015625,0.7232666015625,0.9325721403167481,1.0,0.49483853578567505,0.0,0.41862788796424866,0.0,0.11339127272367477,0.93257215321064,0.8030140519142152,0.93257215321064
1270,0.669189453125,0.669189453125,0.2934150890373019,1.0,0.14507359266281128,0.0,0.15494874119758606,0.0,0.037462182343006134,0.2766273409128189,0.293415093421936,0.293415093421936
1271,0.68646240234375,0.68646240234375,0.9251909687448929,1.0,0.49609726667404175,0.0,0.3221590220928192,0.0,0.09776018559932709,0.9251909822225571,0.6294959664344787,0.9251909822225571
1272,0.89813232421875,0.89813232421875,0.5258084298240169,1.0,0.25666460394859314,0.0,0.36621183156967163,0.2719096541404724,0.1557985469698906,0.525808435678482,0.46732003390789034,0.525808435678482
1273,0.65374755859375,0.65374755859375,0.7819879978488274,1.0,0.3659016191959381,0.0,0.4141099154949188,0.0,0.0971297100186348,0.7000339061021805,0.7819880098104477,0.7819880098104477
1274,0.697021484375,0.697021484375,0.9386087253140275,1.0,0.501155436038971,0.0,0.3652895390987396,0.0,0.10567446053028107,0.9386087387800217,0.7076367139816284,0.9386087387800217
1275,0.6622314453125,0.6622314453125,0.9215734521463619,1.0,0.4960423707962036,0.0,0.2869719862937927,0.0,0.09113132208585739,0.9215734660625458,0.5661538124084473,0.9215734660625458
1276,0.74212646484375,0.74212646484375,0.9492246023064415,1.0,0.49619704484939575,0.0,0.4997805058956146,0.0,0.12449557334184647,0.9431327313184739,0.9492246150970459,0.9492246150970459
1277,0.62744140625,0.62744140625,0.516270063039902,1.0,0.21968990564346313,0.0,0.2746117115020752,0.0,0.06102956086397171,0.42290300130844116,0.5162700712680817,0.5162700712680817
1278,0.7271728515625,0.7271728515625,0.9274100861566916,1.0,0.489394873380661,0.0,0.46499326825141907,0.0,0.1192205548286438,0.9274100989103318,0.8859273701906204,0.9274100989103318
1279,0.70550537109375,0.70550537109375,0.9079911595032133,1.0,0.49661535024642944,0.0,0.14083541929721832,0.0,0.05785050988197327,0.9079911723732949,0.3031652897596359,0.9079911723732949
1280,0.6728515625,0.6728515625,0.5223769974558303,1.0,0.2755905091762543,0.0,0.26314088702201843,0.0,0.06730547547340393,0.5223770052194595,0.5012126475572586,0.5223770052194595
1281,0.74212646484375,0.74212646484375,0.9480954698124247,1.0,0.4959392547607422,0.0,0.4991675317287445,0.0,0.12438704073429108,0.9426074117422104,0.9480954825878143,0.9480954825878143
1282,0.70306396484375,0.70306396484375,0.5272927149636826,1.0,0.25995153188705444,0.0,0.27849864959716797,0.0,0.06722646206617355,0.49576262235641483,0.5272927224636078,0.5272927224636078
1283,0.7037353515625,0.7037353515625,0.9121155668824618,1.0,0.4958382844924927,0.0,0.19606667757034302,0.0,0.07154442369937897,0.9121155798435212,0.4025038480758667,0.9121155798435212
1284,0.74609375,0.74609375,0.9534368566038093,1.0,0.49595731496810913,0.0,0.5021339654922485,0.0,0.12475662678480148,0.9429365634918213,0.9534368693828583,0.9534368693828583
1285,0.747314453125,0.747314453125,0.9273167992721377,1.0,0.49793776869773865,0.0,0.31028828024864197,0.0,0.09572169184684753,0.9273168116807938,0.6083126813173294,0.9273168116807938
1286,0.81671142578125,0.81671142578125,0.18737303832227428,1.0,0.09013812988996506,0.0,0.11470527946949005,0.1365388035774231,0.05937733128666878,0.1873730406165123,0.16301943585276604,0.1873730406165123
1287,0.72772216796875,0.72772216796875,0.932599343955194,1.0,0.49636441469192505,0.0,0.39143410325050354,0.0,0.10943526774644852,0.9325993567705154,0.754217827320099,0.9325993567705154
1288,0.72930908203125,0.72930908203125,0.9357651015957689,1.0,0.49388134479522705,0.0,0.4677869379520416,0.0,0.12012005597352982,0.9357651144266128,0.8914046227931977,0.9357651144266128
1289,0.683349609375,0.683349609375,0.9130374715230563,1.0,0.4859282076358795,0.0,0.38366711139678955,0.0,0.10720647126436234,0.9130374848842621,0.7391936212778092,0.9130374848842621
1290,0.66119384765625,0.66119384765625,0.35930995844770897,1.0,0.1536826342344284,0.0,0.19107872247695923,0.0,0.04259108006954193,0.2957366138696671,0.35930996388196945,0.35930996388196945
1291,0.69140625,0.69140625,0.9292227700067057,1.0,0.49636098742485046,0.0,0.35773006081581116,0.0,0.1039847731590271,0.9292227834463119,0.6935502082109453,0.9292227834463119
1292,0.693359375,0.693359375,0.9210857645943693,1.0,0.49052515625953674,0.0,0.38140496611595154,0.0,0.10729740560054779,0.9210857778787612,0.7355814546346665,0.9210857778787612
1293,0.759033203125,0.759033203125,0.9281929311059585,1.0,0.4979885518550873,0.0,0.31813549995422363,0.0,0.09717592597007751,0.9281929433345795,0.6224427551031113,0.9281929433345795
1294,0.71661376953125,0.71661376953125,0.5328826874639147,1.0,0.19450972974300385,0.0,0.2852398455142975,0.0,0.057860881090164185,0.3786414980888367,0.5328826949000359,0.5328826949000359
1295,0.74609375,0.74609375,0.9553757003049346,1.0,0.49798327684402466,0.0,0.5030985474586487,0.0,0.12513196468353271,0.9466797530651093,0.9553757131099702,0.9553757131099702
1296,0.7012939453125,0.7012939453125,0.7093563306509887,1.0,0.29071906208992004,0.0,0.3779357969760895,0.0,0.0821717232465744,0.561087891459465,0.7093563407659531,0.7093563407659531
1297,0.878173828125,0.878173828125,0.9559753547527862,1.0,0.5009027123451233,0.0,0.4520326256752014,0.09147220849990845,0.1518695205450058,0.955975365638733,0.7905712306499482,0.955975365638733
1298,0.7176513671875,0.7176513671875,0.9268587042879736,1.0,0.49932417273521423,0.0,0.2807520627975464,0.0,0.09013322740793228,0.9268587172031404,0.5552861303091049,0.9268587172031404
1299,0.72259521484375,0.72259521484375,0.7967235708246659,1.0,0.18926902115345,0.0,0.4321092665195465,0.0,0.06659864634275436,0.3838951647281647,0.7967235818505287,0.7967235818505287
1300,0.74609375,0.74609375,0.9547640046658935,1.0,0.49784335494041443,0.0,0.502766489982605,0.0,0.12507320940494537,0.9463946878910064,0.9547640174627305,0.9547640174627305
1301,0.69586181640625,0.69586181640625,0.8958725055459319,1.0,0.4788409173488617,0.0,0.3395886719226837,0.0,0.09938372671604156,0.8958725184202194,0.6591437011957169,0.8958725184202194
1302,0.74609375,0.74609375,0.9537787160591042,1.0,0.4964683949947357,0.0,0.5022954940795898,0.0,0.12484124302864075,0.9438726603984833,0.9537787288427353,0.9537787288427353
1303,0.665283203125,0.665283203125,0.9214060823701842,1.0,0.49620649218559265,0.0,0.28234410285949707,0.0,0.0902334451675415,0.9214060962200166,0.557840034365654,0.9214060962200166
1304,0.71820068359375,0.71820068359375,0.3963786472323944,1.0,0.17830528318881989,0.0,0.21030451357364655,0.0,0.04824797064065933,0.34197996109724044,0.3963786527514458,0.3963786527514458
1305,0.72216796875,0.72216796875,0.9360397119844984,1.0,0.49516862630844116,0.0,0.4473619759082794,0.0,0.11751361936330795,0.9360397249460221,0.8547684192657471,0.9360397249460221
1306,0.668212890625,0.668212890625,0.5141078082275339,1.0,0.13598118722438812,0.0,0.2780609428882599,0.0,0.04598279297351837,0.2725722312927246,0.5141078159213066,0.5141078159213066
1307,0.66851806640625,0.66851806640625,0.3447772145852008,1.0,0.09586735814809799,0.0,0.18621693551540375,0.0,0.03181188926100731,0.19118293821811677,0.34477721974253656,0.34477721974253656
1308,0.7264404296875,0.7264404296875,0.931081839499813,1.0,0.4961181581020355,0.0,0.38069167733192444,0.0,0.10771801322698593,0.9310818523168564,0.7348568350076675,0.9310818523168564
1309,0.74609375,0.74609375,0.9545318892810879,1.0,0.49553507566452026,0.0,0.5027657747268677,0.0,0.1247810646891594,0.9422397136688232,0.9545319020748139,0.9545319020748139
1310,0.7066650390625,0.7066650390625,0.36276340418308356,1.0,0.17847691476345062,0.0,0.1916198432445526,0.0,0.04620378836989403,0.34042043089866636,0.3627634093165398,0.3627634093165398
1311,0.7197265625,0.7197265625,0.9361496437655955,1.0,0.4958210587501526,0.0,0.43671751022338867,0.0,0.116100013256073,0.9361496567726136,0.8356736242771148,0.9361496567726136
1312,0.6875,0.6875,0.9292352451823144,1.0,0.4963521957397461,0.0,0.3580130636692047,0.0,0.10403142869472504,0.9292352586984635,0.6940587341785431,0.9292352586984635
1313,0.669677734375,0.669677734375,0.7026073857532789,1.0,0.370090514421463,0.0,0.36444470286369324,0.0,0.09181147813796997,0.7026073962450028,0.6930095165967941,0.7026073962450028
1314,0.71356201171875,0.71356201171875,0.933836920883475,1.0,0.4964003562927246,0.0,0.4031629264354706,0.0,0.11124385893344879,0.9338369339704514,0.7753333032131194,0.9338369339704514
1315,0.69866943359375,0.69866943359375,0.9243897722974657,1.0,0.49632057547569275,0.0,0.31012749671936035,0.0,0.09556853026151657,0.924389785528183,0.607861551642418,0.924389785528183
1316,0.7061767578125,0.7061767578125,0.9164490808410484,1.0,0.49326711893081665,0.0,0.2856827974319458,0.0,0.09068329632282257,0.9164490938186645,0.5635557472705841,0.9164490938186645
1317,0.70703125,0.70703125,0.9105810260133329,1.0,0.4963063597679138,0.0,0.17229591310024261,0.0,0.06583156436681747,0.910581038892269,0.3597632795572281,0.910581038892269
1318,0.74609375,0.74609375,0.9538710555735526,1.0,0.49581465125083923,0.0,0.5023831129074097,0.0,0.12476932257413864,0.9427046835422517,0.9538710683584213,0.9538710683584213
1319,0.6551513671875,0.6551513671875,0.7390034890624797,1.0,0.28738030791282654,0.0,0.39459192752838135,0.0,0.08316513150930405,0.5567437469959259,0.7390035003423691,0.7390035003423691
1320,0.74212646484375,0.74212646484375,0.9470003805108128,1.0,0.495828777551651,0.0,0.49856528639793396,0.0,0.12429831922054291,0.9423483282327652,0.9470003932714463,0.9470003932714463
1321,0.7244873046875,0.7244873046875,0.9395846445808985,1.0,0.49665167927742004,0.0,0.45611634850502014,0.0,0.11888062208890915,0.9395846575498581,0.8706745952367783,0.9395846575498581
1322,0.6580810546875,0.6580810546875,0.4497092409640824,1.0,0.11446299403905869,0.0,0.2434794157743454,0.0,0.03926526755094528,0.23038133084774015,0.4497092477977276,0.4497092477977276
1323,0.74212646484375,0.74212646484375,0.948437311386302,1.0,0.49566319584846497,0.0,0.49937278032302856,0.0,0.1243777796626091,0.9421310305595398,0.9484373241662979,0.9484373241662979
1324,0.72686767578125,0.72686767578125,0.9391498943108237,1.0,0.49613237380981445,0.0,0.46111634373664856,0.0,0.11949607729911804,0.9391499072313308,0.8796226561069489,0.9391499072313308
1325,0.6820068359375,0.6820068359375,0.5024993837706012,1.0,0.08413209021091461,0.0,0.2744923233985901,0.0,0.03360290080308914,0.1788869947195053,0.5024993911385536,0.5024993911385536
1326,0.735595703125,0.735595703125,0.9405889115019851,1.0,0.49611181020736694,0.0,0.47587665915489197,0.0,0.1214459091424942,0.9405889242887497,0.9061891674995423,0.9405889242887497
1327,0.70703125,0.70703125,0.9363226936947728,1.0,0.49658602476119995,0.0,0.42467862367630005,0.0,0.11445862799882889,0.93632270693779,0.8140801250934601,0.93632270693779
1328,0.69598388671875,0.69598388671875,0.7611694286176188,1.0,0.3884931802749634,0.0,0.4012889564037323,0.0,0.09869686514139175,0.7394166201353073,0.7611694395542145,0.7611694395542145
1329,0.6322021484375,0.6322021484375,0.5330086608857839,1.0,0.14567439258098602,0.0,0.28802290558815,0.0,0.04865660145878792,0.2910161972045898,0.5330086693167686,0.5330086693167686
1330,0.69122314453125,0.69122314453125,0.3787582044642354,1.0,0.2000998854637146,0.0,0.18578416109085083,0.0,0.04816916584968567,0.37875820994377135,0.354421478509903,0.37875820994377135
1331,0.7193603515625,0.7193603515625,0.7631093246951416,1.0,0.35315898060798645,0.0,0.40432968735694885,0.0,0.0942549780011177,0.6761191338300706,0.7631093353033065,0.7631093353033065
1332,0.67279052734375,0.67279052734375,0.8132198808914011,1.0,0.43109533190727234,0.0,0.37248295545578003,0.0,0.0999142974615097,0.8132198929786683,0.7135788530111313,0.8132198929786683
1333,0.73046875,0.73046875,0.9411991765396489,1.0,0.49651581048965454,0.0,0.47470730543136597,0.0,0.12134169042110443,0.9411991894245147,0.9041247308254243,0.9411991894245147
1334,0.73046875,0.73046875,0.9413531412954605,1.0,0.4965521991252899,0.0,0.4755919575691223,0.0,0.12146154046058655,0.9413531541824341,0.9057207435369491,0.9413531541824341
1335,0.71484375,0.71484375,0.9376434016190338,1.0,0.496185302734375,0.0,0.4450986981391907,0.0,0.1173144280910492,0.937643414735794,0.8507961869239808,0.937643414735794
1336,0.7164306640625,0.7164306640625,0.9294656325781213,1.0,0.4912278652191162,0.0,0.4525548815727234,0.0,0.11777492612600327,0.9294656455516815,0.8637215733528137,0.9294656455516815
1337,0.7177734375,0.7177734375,0.9372725892616611,1.0,0.49636662006378174,0.0,0.4381268620491028,0.0,0.11635886132717133,0.9372726023197174,0.8382650136947631,0.9372726023197174
1338,0.74609375,0.74609375,0.9511822096175033,1.0,0.4964038133621216,0.0,0.5008565783500671,0.0,0.12465506047010422,0.9436125218868255,0.951182222366333,0.951182222366333
1339,0.671142578125,0.671142578125,0.7144326699618211,1.0,0.3820391893386841,0.0,0.26762139797210693,0.0,0.07872657477855682,0.714432680606842,0.5199224352836609,0.714432680606842
1340,0.63861083984375,0.63861083984375,0.6938990931333796,1.0,0.16645994782447815,0.0,0.3762517273426056,0.0,0.05836351215839386,0.33725307881832123,0.6938991039991378,0.6938991039991378
1341,0.725830078125,0.725830078125,0.9318131169447805,1.0,0.4962190091609955,0.0,0.38618913292884827,0.0,0.10859915614128113,0.9318131297826767,0.7447623401880265,0.9318131297826767
1342,0.74609375,0.74609375,0.9535462341057384,1.0,0.49589022994041443,0.0,0.5021984577178955,0.0,0.1247561126947403,0.9428222596645355,0.9535462468862534,0.9535462468862534
1343,0.70697021484375,0.70697021484375,0.9304246562242228,1.0,0.4931231141090393,0.0,0.4280306398868561,0.0,0.11457069218158722,0.9304246693849564,0.8197674632072449,0.9304246693849564
1344,0.6688232421875,0.6688232421875,0.9186464261746702,1.0,0.4964122176170349,0.0,0.25104448199272156,0.0,0.08385459333658218,0.918646439909935,0.5015212893486023,0.918646439909935
1345,0.6854248046875,0.6854248046875,0.9216250851400403,1.0,0.4912809133529663,0.0,0.37319454550743103,0.0,0.10606160014867783,0.9216250985860825,0.7208782732486725,0.9216250985860825
1346,0.691162109375,0.691162109375,0.9319002970332644,1.0,0.49629661440849304,0.0,0.38566404581069946,0.0,0.10852380096912384,0.9319003105163575,0.7438249439001083,0.9319003105163575
1347,0.73046875,0.73046875,0.9411572506330879,1.0,0.49667128920555115,0.0,0.47148942947387695,0.0,0.1209382489323616,0.9411572635173797,0.8983481019735337,0.9411572635173797
1348,0.678955078125,0.678955078125,0.9285705429641598,1.0,0.49640724062919617,0.0,0.350375235080719,0.0,0.10274527966976166,0.9285705566406249,0.6803161472082139,0.9285705566406249
1349,0.67303466796875,0.67303466796875,0.9189590794399086,1.0,0.4914567172527313,0.0,0.3433700203895569,0.0,0.10111986845731735,0.9189590930938721,0.6672117084264756,0.9189590930938721
1350,0.71966552734375,0.71966552734375,0.9309321333751841,1.0,0.49577322602272034,0.0,0.3854033946990967,0.0,0.10843239724636078,0.9309321463108063,0.7433034330606461,0.9309321463108063
1351,0.73394775390625,0.73394775390625,0.9004465338091909,1.0,0.47451719641685486,0.0,0.46315592527389526,0.0,0.11719192564487457,0.9004465460777282,0.881132385134697,0.9004465460777282
1352,0.629150390625,0.629150390625,0.6721762028786169,1.0,0.24094970524311066,0.0,0.3600451350212097,0.0,0.07223005592823029,0.46971398293972016,0.6721762135624886,0.6721762135624886
1353,0.68280029296875,0.68280029296875,0.9266271127651147,1.0,0.4963153004646301,0.0,0.3325958549976349,0.0,0.09964775294065475,0.9266271263360977,0.6483040690422058,0.9266271263360977
1354,0.71484375,0.71484375,0.9317168582277433,1.0,0.4929077625274658,0.0,0.44482898712158203,0.0,0.11690936237573624,0.9317168712615966,0.8499829530715943,0.9317168712615966
1355,0.66796875,0.66796875,0.9204667311196628,1.0,0.4925801753997803,0.0,0.33822429180145264,0.0,0.10032563656568527,0.9204667448997497,0.6580617427825929,0.9204667448997497
1356,0.67041015625,0.67041015625,0.9126471740965423,1.0,0.48729240894317627,0.0,0.35520851612091064,0.0,0.10275521874427795,0.9126471877098083,0.6881045699119568,0.9126471877098083
1357,0.74609375,0.74609375,0.9545817813483285,1.0,0.4959363639354706,0.0,0.5027711987495422,0.0,0.12483259290456772,0.9429625749588012,0.9545817941427232,0.9545817941427232
1358,0.654296875,0.654296875,0.7076803099238559,1.0,0.25700193643569946,0.0,0.3788778483867645,0.0,0.0766167938709259,0.5004912704229355,0.7076803207397461,0.7076803207397461
1359,0.65380859375,0.65380859375,0.4222756157303409,1.0,0.19355444610118866,0.0,0.22384454309940338,0.0,0.05190082639455795,0.37078245729208,0.4222756221890449,0.4222756221890449
1360,0.90716552734375,0.90716552734375,0.3330275409465749,1.0,0.1125810444355011,0.20549672842025757,0.18057259917259216,0.029763638973236084,0.09801685437560081,0.3008628994226456,0.3330275446176529,0.3330275446176529
1361,0.6746826171875,0.6746826171875,0.6791735727257182,1.0,0.29429692029953003,0.0,0.36096882820129395,0.0,0.08106459677219391,0.5658313393592834,0.6791735827922822,0.6791735827922822
1362,0.73370361328125,0.73370361328125,0.8956730780119376,1.0,0.4459245204925537,0.0,0.4728225767612457,0.0,0.11474498361349106,0.8499463945627214,0.8956730902194976,0.8956730902194976
1363,0.696044921875,0.696044921875,0.8453687963625999,1.0,0.45299094915390015,0.0,0.2998510003089905,0.0,0.09028875082731247,0.8453688085079194,0.5850308954715728,0.8453688085079194
1364,0.74212646484375,0.74212646484375,0.9473034373428574,1.0,0.49589818716049194,0.0,0.49872979521751404,0.0,0.12432748079299927,0.942489716410637,0.9473034501075744,0.9473034501075744
1365,0.68597412109375,0.68597412109375,0.5173788881875293,1.0,0.05790763348340988,0.0,0.28421562910079956,0.0,0.026970092207193375,0.13265530318021776,0.5173788957297801,0.5173788957297801
1366,0.742919921875,0.742919921875,0.9407394342157032,1.0,0.4955383539199829,0.0,0.4877040982246399,0.0,0.12289750576019287,0.9407394468784331,0.9274212121963502,0.9407394468784331
1367,0.68408203125,0.68408203125,0.7306369346863137,1.0,0.23393520712852478,0.0,0.39291301369667053,0.0,0.07346856594085693,0.4603746742010117,0.7306369453668594,0.7306369453668594
1368,0.65582275390625,0.65582275390625,0.5887204229470441,1.0,0.20516446232795715,0.0,0.31566888093948364,0.0,0.06223662942647934,0.4008629202842713,0.5887204319238662,0.5887204319238662
1369,0.72198486328125,0.72198486328125,0.9277264615546685,1.0,0.49245133996009827,0.0,0.4131406247615814,0.0,0.11233405768871307,0.927726474404335,0.7928982585668565,0.927726474404335
1370,0.7843017578125,0.7843017578125,0.9424043356423187,1.0,0.49792516231536865,0.005250692367553711,0.2495245784521103,0.25387150049209595,0.16454624384641647,0.9424043476581574,0.30766662359237673,0.9424043476581574
1371,0.6781005859375,0.6781005859375,0.9171811773226111,1.0,0.49514734745025635,0.0,0.259159654378891,0.0,0.08547187596559525,0.9171811908483505,0.5160021126270294,0.9171811908483505
1372,0.65386962890625,0.65386962890625,0.7744842083025055,1.0,0.4112324118614197,0.0,0.34265878796577454,0.0,0.09345992654561996,0.7744842201471329,0.6579090595245362,0.7744842201471329
1373,0.7186279296875,0.7186279296875,0.9247695764363791,1.0,0.49340155720710754,0.0,0.3664678633213043,0.0,0.10516641288995743,0.9247695893049241,0.7089823096990585,0.9247695893049241
1374,0.74212646484375,0.74212646484375,0.9474447778351086,1.0,0.49585890769958496,0.0,0.4988104999065399,0.0,0.12433259189128876,0.942427083849907,0.9474447906017303,0.9474447906017303
1375,0.70947265625,0.70947265625,0.8965992562757242,1.0,0.4726598262786865,0.0,0.458115816116333,0.0,0.11631855368614197,0.8965992689132691,0.8718744516372681,0.8965992689132691
1376,0.6712646484375,0.6712646484375,0.9119904620684485,1.0,0.4887836277484894,0.0,0.32179945707321167,0.0,0.09711050242185593,0.9119904756546021,0.6281173855066299,0.9119904756546021
1377,0.74609375,0.74609375,0.9530717215350414,1.0,0.4959505498409271,0.0,0.5019314885139465,0.0,0.12473076581954956,0.9429041385650636,0.9530717343091964,0.9530717343091964
1378,0.72003173828125,0.72003173828125,0.939204259583902,1.0,0.496610164642334,0.0,0.45305976271629333,0.0,0.11845936626195908,0.9392042726278306,0.8651685893535613,0.9392042726278306
1379,0.74609375,0.74609375,0.9505766085533089,1.0,0.49571651220321655,0.0,0.5005583167076111,0.0,0.12453141063451767,0.9423455536365509,0.9505766212940217,0.9505766212940217
1380,0.734130859375,0.734130859375,0.9207895362121118,1.0,0.48446986079216003,0.0,0.48463475704193115,0.0,0.1211380809545517,0.9205092251300812,0.9207895487546922,0.9207895487546922
1381,0.71875,0.71875,0.9338615525970484,1.0,0.4940069317817688,0.0,0.4464908838272095,0.0,0.11726253479719162,0.9338615655899049,0.8530842840671539,0.9338615655899049
1382,0.686279296875,0.686279296875,0.9218683853527454,1.0,0.49607357382774353,0.0,0.2893596589565277,0.0,0.09159915894269943,0.9218683987855911,0.5704547435045242,0.9218683987855911
1383,0.681640625,0.681640625,0.7989489497753829,1.0,0.3538864254951477,0.0,0.424200177192688,0.0,0.09646978229284286,0.6794155836105347,0.7989489614963532,0.7989489614963532
1384,0.6517333984375,0.6517333984375,0.906415260831504,1.0,0.48549479246139526,0.0,0.3252464830875397,0.0,0.09745786339044571,0.9064152747392655,0.6339931488037109,0.9064152747392655
1385,0.7220458984375,0.7220458984375,0.9302506496816922,1.0,0.49945950508117676,0.0,0.3122355341911316,0.0,0.09620022773742676,0.9302506625652314,0.6119699120521546,0.9302506625652314
1386,0.697998046875,0.697998046875,0.9270203040349249,1.0,0.4965839684009552,0.0,0.3316917419433594,0.0,0.09950937330722809,0.9270203173160553,0.6467035323381424,0.9270203173160553
1387,0.689208984375,0.689208984375,0.9098896758859262,1.0,0.4898027181625366,0.0,0.2824479639530182,0.0,0.08980607241392136,0.9098896890878678,0.5573866069316864,0.9098896890878678
1388,0.74609375,0.74609375,0.955168228460181,1.0,0.49608343839645386,0.0,0.5030888319015503,0.0,0.12489039450883865,0.9432590723037719,0.9551682412624359,0.9551682412624359
1389,0.73492431640625,0.73492431640625,0.9399744174133531,1.0,0.4956502616405487,0.0,0.47803959250450134,0.0,0.12167142331600189,0.9399744302034377,0.9100362926721574,0.9399744302034377
1390,0.74609375,0.74609375,0.9551103940741308,1.0,0.4959750175476074,0.0,0.5030627250671387,0.0,0.12487342953681946,0.9430613040924072,0.9551104068756104,0.9551104068756104
1391,0.71148681640625,0.71148681640625,0.9344133066928777,1.0,0.4949295222759247,0.0,0.4354017972946167,0.0,0.11581628024578094,0.9344133198261262,0.8332161873579025,0.9344133198261262
1392,0.705078125,0.705078125,0.7176377135061803,1.0,0.37838587164878845,0.0,0.365431547164917,0.0,0.09294898808002472,0.7176377236843109,0.6956153720617294,0.7176377236843109
1393,0.663818359375,0.663818359375,0.9108580183858583,1.0,0.48692020773887634,0.0,0.34401658177375793,0.0,0.10083918273448944,0.9108580321073533,0.667921867966652,0.9108580321073533
1394,0.7281494140625,0.7281494140625,0.9377346327267602,1.0,0.49579232931137085,0.0,0.4530845284461975,0.0,0.11836957186460495,0.9377346456050872,0.8651313841342927,0.9377346456050872
1395,0.74609375,0.74609375,0.9498838654996208,1.0,0.49592483043670654,0.0,0.50016188621521,0.0,0.12450858950614929,0.9426808834075928,0.9498838782310486,0.9498838782310486
1396,0.7247314453125,0.7247314453125,0.9252012184751013,1.0,0.488067090511322,0.0,0.4668046832084656,0.0,0.11929980665445328,0.9252012312412263,0.8890551388263702,0.9252012312412263
1397,0.71435546875,0.71435546875,0.4295278638077919,1.0,0.21021294593811035,0.0,0.2269480973482132,0.0,0.054565105587244034,0.40107811242341995,0.4295278698205948,0.4295278698205948
1398,0.6658935546875,0.6658935546875,0.9208659659616608,1.0,0.49378708004951477,0.0,0.32049235701560974,0.0,0.0972747802734375,0.9208659797906875,0.6262649506330491,0.9208659797906875
1399,0.74609375,0.74609375,0.9549664756810172,1.0,0.49464741349220276,0.0,0.503056526184082,0.0,0.12470412999391556,0.9406709969043732,0.954966488480568,0.954966488480568
1400,0.74609375,0.74609375,0.9499252490039336,1.0,0.49581295251846313,0.0,0.5001910924911499,0.0,0.12449810653924942,0.9424824237823487,0.9499252617359161,0.9499252617359161
1401,0.6407470703125,0.6407470703125,0.7728886304872102,1.0,0.28547799587249756,0.0,0.4135226905345917,0.0,0.08449076116085052,0.5552126616239548,0.7728886425495148,0.7728886425495148
1402,0.7080078125,0.7080078125,0.39158725185442156,1.0,0.15399262309074402,0.0,0.2089933305978775,0.0,0.04434320703148842,0.298086054623127,0.3915872573852539,0.3915872573852539
1403,0.74609375,0.74609375,0.9503629050430278,1.0,0.4960063397884369,0.0,0.5004234910011292,0.0,0.12455127388238907,0.9428537607192994,0.9503629177808762,0.9503629177808762
1404,0.69659423828125,0.69659423828125,0.686198710485194,1.0,0.34703829884529114,0.0,0.3619416058063507,0.0,0.0885833352804184,0.6608630985021591,0.6861987203359604,0.6861987203359604
1405,0.7039794921875,0.7039794921875,0.5174606845783556,1.0,0.24577856063842773,0.0,0.2738237977027893,0.0,0.06476135551929474,0.46978378891944883,0.5174606919288636,0.5174606919288636
1406,0.65850830078125,0.65850830078125,0.778377339344506,1.0,0.4135562479496002,0.0,0.33976104855537415,0.0,0.09326533228158951,0.7783773511648178,0.6529255121946336,0.7783773511648178
1407,0.74609375,0.74609375,0.9528964212968744,1.0,0.49319976568222046,0.0,0.5019869208335876,0.0,0.12438863515853882,0.9379582703113556,0.9528964340686799,0.9528964340686799
1408,0.7381591796875,0.7381591796875,0.9438100955180269,1.0,0.4909363090991974,0.0,0.4970647096633911,0.0,0.12349537014961243,0.9333918273448945,0.9438101083040238,0.9438101083040238
1409,0.66937255859375,0.66937255859375,0.9067728532985216,1.0,0.48388075828552246,0.0,0.3578750193119049,0.0,0.10288751870393753,0.906772866845131,0.692563110589981,0.906772866845131
1410,0.677490234375,0.677490234375,0.9232389909846287,1.0,0.49562665820121765,0.0,0.3111101984977722,0.0,0.09569799154996872,0.9232390046119691,0.6095610231161118,0.9232390046119691
1411,0.7174072265625,0.7174072265625,0.714833529760225,1.0,0.22055482864379883,0.0,0.38487669825553894,0.0,0.0702955424785614,0.43548636138439184,0.71483353972435,0.71483353972435
1412,0.74212646484375,0.74212646484375,0.9491871974121167,1.0,0.4962215721607208,0.0,0.49975836277008057,0.0,0.12449591606855392,0.9431746661663055,0.9491872102022171,0.9491872102022171
1413,0.74212646484375,0.74212646484375,0.9475718608965219,1.0,0.4960981607437134,0.0,0.49886780977249146,0.0,0.1243697851896286,0.9428634703159333,0.947571873664856,0.947571873664856
1414,0.90716552734375,0.90716552734375,0.7954974176216043,1.0,0.4858263432979584,0.1490824818611145,0.184172123670578,0.21858781576156616,0.19291355460882187,0.795497426390648,0.3096112489700317,0.795497426390648
1415,0.686279296875,0.686279296875,0.9320968402703842,1.0,0.49659088253974915,0.0,0.3823326528072357,0.0,0.10802420228719711,0.932096853852272,0.7378578633069992,0.932096853852272
1416,0.883056640625,0.883056640625,0.27537575350292265,1.0,0.13131530582904816,0.0,0.21932125091552734,0.17076081037521362,0.08962083607912064,0.2753757566213608,0.27130113393068317,0.2753757566213608
1417,0.7022705078125,0.7022705078125,0.7292160049552066,1.0,0.1940673589706421,0.0,0.3943384885787964,0.0,0.06547363847494125,0.3887550950050354,0.7292160153388978,0.7292160153388978
1418,0.6328125,0.6328125,0.9201525065927412,1.0,0.4964076280593872,0.0,0.2661879062652588,0.0,0.087000273168087,0.9201525211334228,0.5287789940834046,0.9201525211334228
1419,0.6417236328125,0.6417236328125,0.5473422769846256,1.0,0.2940225601196289,0.0,0.18101677298545837,0.0,0.05610964447259903,0.5473422855138779,0.35523244738578796,0.5473422855138779
1420,0.72662353515625,0.72662353515625,0.9294237634779645,1.0,0.49173927307128906,0.0,0.44293084740638733,0.0,0.11651559174060822,0.9294237762689591,0.846449452638626,0.9294237762689591
1421,0.70703125,0.70703125,0.9308956849042667,1.0,0.4935550093650818,0.0,0.42496681213378906,0.0,0.11417679488658905,0.9308956980705261,0.8142957627773285,0.9308956980705261
1422,0.724853515625,0.724853515625,0.9388653595860825,1.0,0.4961449205875397,0.0,0.4580451548099518,0.0,0.11908375471830368,0.9388653725385666,0.8740957707166672,0.9388653725385666
1423,0.63897705078125,0.63897705078125,0.9001758762387345,1.0,0.4833120107650757,0.0,0.3021427094936371,0.0,0.09309040009975433,0.9001758903264999,0.5921880781650544,0.9001758903264999
1424,0.67578125,0.67578125,0.9267517518950044,1.0,0.4960280954837799,0.0,0.33901193737983704,0.0,0.10075248032808304,0.9267517656087876,0.6598242968320847,0.9267517656087876
1425,0.7530517578125,0.7530517578125,0.3372501909651838,1.0,0.18004219233989716,0.0,0.13174249231815338,0.0,0.03804876282811165,0.3372501954436302,0.2551407054066658,0.3372501954436302
1426,0.7261962890625,0.7261962890625,0.93153704612185,1.0,0.49153390526771545,0.0,0.467760294675827,0.0,0.11983814835548401,0.9315370589494706,0.8911219209432603,0.9315370589494706
1427,0.6553955078125,0.6553955078125,0.7430546259753895,1.0,0.39449796080589294,0.0,0.329583078622818,0.0,0.08978556096553802,0.7430546373128891,0.6326993376016616,0.7430546373128891
1428,0.902099609375,0.902099609375,0.8493210340764272,1.0,0.49956420063972473,0.09356111288070679,0.09113359451293945,0.15841013193130493,0.12618561834096909,0.8493210434913635,0.2715438961982727,0.8493210434913635
1429,0.74609375,0.74609375,0.9551333955062412,1.0,0.495972216129303,0.0,0.5030756592750549,0.0,0.12487466633319855,0.9430575549602509,0.9551334083080292,0.9551334083080292
1430,0.6690673828125,0.6690673828125,0.9096763266261747,1.0,0.487168550491333,0.0,0.3277294933795929,0.0,0.09803476929664612,0.9096763402223588,0.6386299431324005,0.9096763402223588
1431,0.8131103515625,0.8131103515625,0.6182232631706974,1.0,0.25647661089897156,0.0,0.3292086720466614,0.0,0.07209021598100662,0.494578766822815,0.6182232707738876,0.6182232707738876
1432,0.67401123046875,0.67401123046875,0.91132249374135,1.0,0.4959535598754883,0.0,0.18606099486351013,0.0,0.06916798651218414,0.91132250726223,0.3845051467418671,0.91132250726223
1433,0.70709228515625,0.70709228515625,0.9071070706707373,1.0,0.4934021234512329,0.0,0.18983261287212372,0.0,0.06994378566741943,0.9071070834994316,0.391038915514946,0.9071070834994316
1434,0.73583984375,0.73583984375,0.9385009399664953,1.0,0.4944910705089569,0.0,0.48417025804519653,0.0,0.1223190501332283,0.9385009527206422,0.9209555715322494,0.9385009527206422
1435,0.68475341796875,0.68475341796875,0.651736750621634,1.0,0.2922195792198181,0.0,0.34584155678749084,0.0,0.07919633388519287,0.5605793982744217,0.6517367601394654,0.6517367601394654
1436,0.74609375,0.74609375,0.9527957907764487,1.0,0.49588847160339355,0.0,0.5017816424369812,0.0,0.12470441311597824,0.9427774131298066,0.9527958035469055,0.9527958035469055
1437,0.7325439453125,0.7325439453125,0.9382722488111588,1.0,0.495927631855011,0.0,0.45602524280548096,0.0,0.11878522485494614,0.9382722616195679,0.8704382002353668,0.9382722616195679
1438,0.7230224609375,0.7230224609375,0.9391568441435939,1.0,0.4963263273239136,0.0,0.4576946794986725,0.0,0.11905723810195923,0.9391568571329116,0.8734830558300019,0.9391568571329116
1439,0.68682861328125,0.68682861328125,0.6667755044773953,1.0,0.20616985857486725,0.0,0.35897696018218994,0.0,0.06565488874912262,0.40700344145298006,0.6667755141854286,0.6667755141854286
1440,0.74609375,0.74609375,0.9497038713957405,1.0,0.495754599571228,0.0,0.5000713467597961,0.0,0.12447591125965118,0.9423654139041902,0.9497038841247558,0.9497038841247558
1441,0.730224609375,0.730224609375,0.9398271819395286,1.0,0.4962567985057831,0.0,0.4656495749950409,0.0,0.12011662125587463,0.9398271948099136,0.887794914841652,0.9398271948099136
1442,0.7113037109375,0.7113037109375,0.45213705559708883,1.0,0.19955673813819885,0.0,0.24010077118873596,0.0,0.0544917993247509,0.38321220576763154,0.45213706195354464,0.45213706195354464
1443,0.74609375,0.74609375,0.953544222449004,1.0,0.4965932369232178,0.0,0.5021582841873169,0.0,0.12484005838632584,0.9440836548805238,0.9535442352294922,0.9535442352294922
1444,0.63824462890625,0.63824462890625,0.5000430282089829,1.0,0.26515451073646545,0.0,0.22764916718006134,0.0,0.06124469265341759,0.500043036043644,0.436283951997757,0.500043036043644
1445,0.74212646484375,0.74212646484375,0.9471344641376604,1.0,0.4957893490791321,0.0,0.4986419677734375,0.0,0.12430288642644882,0.9422850251197815,0.9471344769001007,0.9471344769001007
1446,0.68115234375,0.68115234375,0.44188546783690424,1.0,0.23281870782375336,0.0,0.22811800241470337,0.0,0.05761110037565231,0.4418854743242264,0.4338942751288414,0.4418854743242264
1447,0.93646240234375,0.93646240234375,0.9999999893215148,1.0,0.4990721344947815,0.21864855289459229,0.12135434150695801,0.5888121128082275,0.2606029286980629,0.7944276452064514,1.0,1.0
1448,0.74212646484375,0.74212646484375,0.9470914355451769,1.0,0.4960666298866272,0.0,0.49860265851020813,0.0,0.12433286011219025,0.9427801996469498,0.9470914483070374,0.9470914483070374
1449,0.74609375,0.74609375,0.9516475639346533,1.0,0.4958978593349457,0.0,0.501143217086792,0.0,0.12462668865919113,0.9427304685115815,0.9516475766897202,0.9516475766897202
1450,0.6685791015625,0.6685791015625,0.523419682303304,1.0,0.2505892515182495,0.0,0.2768670916557312,0.0,0.06576859951019287,0.47874736189842226,0.5234196901321411,0.5234196901321411
1451,0.6982421875,0.6982421875,0.8967575958090411,1.0,0.1381710171699524,0.0,0.49052250385284424,0.0,0.056895747780799866,0.29776008129119874,0.896757608652115,0.896757608652115
1452,0.71478271484375,0.71478271484375,0.9369388449242033,1.0,0.49638262391090393,0.0,0.4345013499259949,0.0,0.11584743857383728,0.9369388580322267,0.8317406922578812,0.9369388580322267
1453,0.71484375,0.71484375,0.93826996861638,1.0,0.4965910017490387,0.0,0.4440617859363556,0.0,0.11721549183130264,0.9382699817419053,0.8489703148603439,0.9382699817419053
1454,0.728271484375,0.728271484375,0.887945097413288,1.0,0.468299001455307,0.0,0.4500690698623657,0.0,0.11475078761577606,0.8879451096057892,0.856954225897789,0.8879451096057892
1455,0.91162109375,0.91162109375,0.996258677044593,1.0,0.5015877485275269,0.0,0.5766907334327698,0.11492925882339478,0.17546184360980988,0.9720199465751649,0.9962586879730225,0.9962586879730225
1456,0.74609375,0.74609375,0.9525530836464087,1.0,0.4951522648334503,0.0,0.5016877055168152,0.0,0.1245996505022049,0.9414428472518921,0.9525530964136124,0.9525530964136124
1457,0.69140625,0.69140625,0.909459555406358,1.0,0.4962538182735443,0.0,0.16202695667743683,0.0,0.06327014416456223,0.9094595685601234,0.3412739038467407,0.9094595685601234
1458,0.644287109375,0.644287109375,0.6116260582645396,1.0,0.2565512955188751,0.0,0.32553941011428833,0.0,0.07174638658761978,0.49434627294540406,0.6116260677576065,0.6116260677576065
1459,0.711181640625,0.711181640625,0.9240177471648742,1.0,0.4964074492454529,0.0,0.3048435151576996,0.0,0.0945863351225853,0.9240177601575852,0.5983590722084046,0.9240177601575852
1460,0.71087646484375,0.71087646484375,0.9313569533939835,1.0,0.4932495355606079,0.0,0.4350780248641968,0.0,0.11558619141578674,0.9313569664955139,0.832465398311615,0.9313569664955139
1461,0.67169189453125,0.67169189453125,0.6806920427071944,1.0,0.2753676772117615,0.0,0.36286404728889465,0.0,0.07829342037439346,0.5319482237100601,0.6806920528411866,0.6806920528411866
1462,0.6724853515625,0.6724853515625,0.9171547634117321,1.0,0.4935470521450043,0.0,0.2877008318901062,0.0,0.09109662473201752,0.9171547770500184,0.5672162026166916,0.9171547770500184
1463,0.7103271484375,0.7103271484375,0.9360960262360268,1.0,0.4963941276073456,0.0,0.42586609721183777,0.0,0.11461029946804047,0.9360960394144058,0.8161983877420426,0.9360960394144058
1464,0.68389892578125,0.68389892578125,0.9199049129683682,1.0,0.4932267963886261,0.0,0.3209669291973114,0.0,0.0973161980509758,0.9199049264192581,0.6270631521940231,0.9199049264192581
1465,0.671875,0.671875,0.6125948025006379,1.0,0.1799386590719223,0.0,0.3303338587284088,0.0,0.058465003967285156,0.35692297220230107,0.6125948116183281,0.6125948116183281
1466,0.65234375,0.65234375,0.9246648080462998,1.0,0.49593374133110046,0.0,0.3198408782482147,0.0,0.09732622653245926,0.9246648222208023,0.6253069549798966,0.9246648222208023
1467,0.865234375,0.865234375,0.8886543230823651,1.0,0.5030936002731323,0.09607696533203125,0.340518057346344,0.2589561939239502,0.22627974301576614,0.8886543333530427,0.4656846046447754,0.8886543333530427
1468,0.71026611328125,0.71026611328125,0.7253967048915528,1.0,0.20244769752025604,0.0,0.39175108075141907,0.0,0.06708423793315887,0.4035809636116028,0.7253967151045799,0.7253967151045799
1469,0.74609375,0.74609375,0.9496495328220594,1.0,0.49583348631858826,0.0,0.5000367760658264,0.0,0.12448155879974365,0.9425039529800415,0.9496495455503464,0.9496495455503464
1470,0.740234375,0.740234375,0.9414094976563472,1.0,0.4958699345588684,0.0,0.4884362816810608,0.0,0.12303125858306885,0.9414095103740693,0.9287723004817963,0.9414095103740693
1471,0.6693115234375,0.6693115234375,0.5801698940737496,1.0,0.2293577641248703,0.0,0.30957451462745667,0.0,0.06589023768901825,0.44380142688751223,0.580169902741909,0.580169902741909
1472,0.696044921875,0.696044921875,0.9206882523346318,1.0,0.4890194237232208,0.0,0.4045330286026001,0.0,0.11069993674755096,0.9206882655620576,0.7770613938570022,0.9206882655620576
1473,0.690185546875,0.690185546875,0.9156222926037352,1.0,0.4885996878147125,0.0,0.3614286780357361,0.0,0.10390136390924454,0.9156223058700561,0.6994315892457963,0.9156223058700561
1474,0.7117919921875,0.7117919921875,0.41165679561918267,1.0,0.1545805186033249,0.0,0.22011041641235352,0.0,0.045425064861774445,0.30025597512722013,0.41165680140256883,0.41165680140256883
1475,0.86273193359375,0.86273193359375,0.9272619259166086,1.0,0.5007896423339844,0.04073286056518555,0.30897659063339233,0.2752920985221863,0.19972790032625198,0.9272619366645813,0.39007643461227415,0.9272619366645813
1476,0.677490234375,0.677490234375,0.72842235980124,1.0,0.36144599318504333,0.0,0.3845987617969513,0.0,0.093165822327137,0.6890626639127732,0.7284223705530166,0.7284223705530166
1477,0.670654296875,0.6640625,0.9176610343576072,2.0,0.4960818886756897,0.0,0.3382278382778168,0.0,0.10061993449926376,0.9267701834440232,0.6584182977676392,0.9267701834440232
1478,0.7294921875,0.7294921875,0.9457891841222527,1.0,0.3805038034915924,0.0,0.5042993426322937,0.0,0.10845611244440079,0.7353367805480958,0.9457891970872878,0.9457891970872878
1479,0.74212646484375,0.74212646484375,0.9470864674981019,1.0,0.4958544075489044,0.0,0.4986116886138916,0.0,0.1243072971701622,0.942399102449417,0.9470864802598954,0.9470864802598954
1480,0.65728759765625,0.65728759765625,0.8697955371728747,1.0,0.4708315432071686,0.0,0.22298772633075714,0.0,0.0762888640165329,0.8697955504059791,0.4484610617160797,0.8697955504059791
1481,0.6715087890625,0.6715087890625,0.4906498373993807,1.0,0.16134454309940338,0.0,0.26361966133117676,0.0,0.050128024071455,0.31678214371204383,0.4906498447060585,0.4906498447060585
1482,0.74609375,0.74609375,0.9537786445335315,1.0,0.4963131844997406,0.0,0.5023040771484375,0.0,0.12482267618179321,0.9435941398143769,0.9537786573171615,0.9537786573171615
1483,0.70855712890625,0.70855712890625,0.6027072299892294,1.0,0.2238428145647049,0.0,0.32240164279937744,0.0,0.06609272956848145,0.4351572304964066,0.60270723849535,0.60270723849535
1484,0.69140625,0.69140625,0.9329936846259712,1.0,0.4962877631187439,0.0,0.39675724506378174,0.0,0.11025253683328629,0.9329936981201172,0.7637918174266816,0.9329936981201172
1485,0.68975830078125,0.68975830078125,0.6805966546807442,1.0,0.3591369688510895,0.0,0.3415012061595917,0.0,0.08752430230379105,0.6805966645479202,0.650615867972374,0.6805966645479202
1486,0.73675537109375,0.73675537109375,0.9517180373237762,1.0,0.4044354557991028,0.0,0.5062636137008667,0.0,0.11242295056581497,0.7786101818084717,0.9517180502414703,0.9517180502414703
1487,0.74212646484375,0.74212646484375,0.9485075584394556,1.0,0.49581313133239746,0.0,0.4994034767150879,0.0,0.12440045922994614,0.9424039840698242,0.948507571220398,0.948507571220398
1488,0.9046630859375,0.9046630859375,0.487922391862482,1.0,0.10741374641656876,0.30652153491973877,0.22114631533622742,0.0,0.10090919584035873,0.48792239725589753,0.43945689499378204,0.48792239725589753
1489,0.66949462890625,0.66949462890625,0.8055192678058574,1.0,0.429841548204422,0.0,0.3180449306964874,0.0,0.09141967445611954,0.8055192798376084,0.6154650300741196,0.8055192798376084
1490,0.71441650390625,0.71441650390625,0.777837024172204,1.0,0.39637163281440735,0.0,0.41011103987693787,0.0,0.10078108310699463,0.754480043053627,0.7778370350599288,0.7778370350599288
1491,0.680419921875,0.680419921875,0.9087871924590456,1.0,0.48512518405914307,0.0,0.35561874508857727,0.0,0.10262827575206757,0.9087872058153152,0.6886262595653534,0.9087872058153152
1492,0.67041015625,0.67041015625,0.9070356829769366,1.0,0.4844794273376465,0.0,0.3497272729873657,0.0,0.10158956795930862,0.9070356965065003,0.6779570341110229,0.9070356965065003
1493,0.733154296875,0.733154296875,0.9403175464166053,1.0,0.4963507056236267,0.0,0.4688628911972046,0.0,0.1205538809299469,0.9403175592422486,0.8935882747173309,0.9403175592422486
1494,0.70782470703125,0.70782470703125,0.5755709566816859,1.0,0.23720568418502808,0.0,0.30658355355262756,0.0,0.06687609851360321,0.4576285868883133,0.5755709648132324,0.5755709648132324
1495,0.71630859375,0.71630859375,0.9324460614683995,1.0,0.5004109740257263,0.0,0.31706321239471436,0.0,0.09716715663671494,0.9324460744857789,0.6207548797130585,0.9324460744857789
1496,0.74212646484375,0.74212646484375,0.946968167180978,1.0,0.4957861304283142,0.0,0.49854975938796997,0.0,0.12429102510213852,0.9422700107097626,0.9469681799411774,0.9469681799411774
1497,0.97906494140625,0.97906494140625,0.8988145617234417,1.0,0.5009952783584595,0.12236171960830688,0.5165016651153564,0.4326227903366089,0.3133822828531265,0.8988145709037781,0.6459404647350311,0.8988145709037781
1498,0.71087646484375,0.71087646484375,0.9321388828759345,1.0,0.49376678466796875,0.0,0.43358683586120605,0.0,0.11543205380439758,0.9321388959884644,0.8298329830169677,0.9321388959884644
1499,0.72802734375,0.72802734375,0.9195940576840489,1.0,0.48447951674461365,0.0,0.4753094017505646,0.0,0.1199626624584198,0.919594070315361,0.9040048748254776,0.919594070315361
1500,0.72760009765625,0.72760009765625,0.41740933828070953,1.0,0.22379246354103088,0.0,0.14582909643650055,0.0,0.044190920889377594,0.4174093440175056,0.2848716199398041,0.4174093440175056
1501,0.6812744140625,0.6812744140625,0.9292743516656649,1.0,0.4959775507450104,0.0,0.36514773964881897,0.0,0.10518409311771393,0.9292743653059006,0.7068636864423752,0.9292743653059006
1502,0.70855712890625,0.70855712890625,0.6906652114668065,1.0,0.21742838621139526,0.0,0.37162354588508606,0.0,0.06874801963567734,0.4285334497690201,0.6906652212142945,0.6906652212142945
1503,0.71875,0.71875,0.9377250809141521,1.0,0.4964616894721985,0.0,0.4409405291080475,0.0,0.11676494777202606,0.937725093960762,0.8433391213417054,0.937725093960762
1504,0.7071533203125,0.7071533203125,0.9335698591775003,1.0,0.49671274423599243,0.0,0.394869327545166,0.0,0.11000295728445053,0.9335698723793031,0.760436064004898,0.9335698723793031
1505,0.7109375,0.7109375,0.9323399859654714,1.0,0.4938082993030548,0.0,0.4348506033420563,0.0,0.11561542004346848,0.9323399990797043,0.8321119159460068,0.9323399990797043
1506,0.68359375,0.68359375,0.9285605443779497,1.0,0.49622687697410583,0.0,0.35352179408073425,0.0,0.1032639816403389,0.928560557961464,0.6859619170427322,0.928560557961464
1507,0.72247314453125,0.72247314453125,0.9232520512105892,1.0,0.49616900086402893,0.0,0.30147862434387207,0.0,0.09393305331468582,0.9232520639896393,0.5922784239053726,0.9232520639896393
1508,0.69757080078125,0.69757080078125,0.6521081398822085,1.0,0.35250216722488403,0.0,0.17604248225688934,0.0,0.059074170887470245,0.6521081492304802,0.35212668478488923,0.6521081492304802
1509,0.70404052734375,0.70404052734375,0.9328931735570717,1.0,0.4952222406864166,0.0,0.4149315357208252,0.0,0.11288725584745407,0.9328931868076324,0.7963989883661271,0.9328931868076324
1510,0.69720458984375,0.69720458984375,0.8420212356674562,1.0,0.44450369477272034,0.0,0.41914597153663635,0.0,0.1078631803393364,0.8420212477445603,0.7989131182432174,0.8420212477445603
1511,0.7139892578125,0.7139892578125,0.9261312742459188,1.0,0.49498021602630615,0.0,0.35166898369789124,0.0,0.10284111648797989,0.9261312872171402,0.6825021922588348,0.9261312872171402
1512,0.69140625,0.69140625,0.9310586913868983,1.0,0.4954527020454407,0.0,0.3924384117126465,0.0,0.10950233042240143,0.931058704853058,0.7559344112873077,0.931058704853058
1513,0.64111328125,0.64111328125,0.71516320632993,1.0,0.18411950767040253,0.0,0.387084037065506,0.0,0.06289246678352356,0.37012351751327516,0.715163217484951,0.715163217484951
1514,0.74609375,0.74609375,0.9497782937542096,1.0,0.4965331554412842,0.0,0.5000694394111633,0.0,0.12457375973463058,0.9437666237354279,0.9497783064842225,0.9497783064842225
1515,0.74212646484375,0.74212646484375,0.9475687584748032,1.0,0.4958820641040802,0.0,0.4988780915737152,0.0,0.12434389442205429,0.942475524544716,0.9475687712430955,0.9475687712430955
1516,0.67578125,0.67578125,0.6601707897247883,1.0,0.3104429841041565,0.0,0.3495147228240967,0.0,0.08220607042312622,0.5937488436698913,0.6601707994937897,0.6601707994937897
1517,0.74212646484375,0.74212646484375,0.9473869255676693,1.0,0.4959101676940918,0.0,0.49877551198005676,0.0,0.1243346706032753,0.942515853047371,0.9473869383335114,0.9473869383335114
1518,0.64849853515625,0.64849853515625,0.9123770513510819,1.0,0.4914056062698364,0.0,0.2784697413444519,0.0,0.08913446217775345,0.9123770654201507,0.5503860950469971,0.9123770654201507
1519,0.71978759765625,0.71978759765625,0.9330911834543845,1.0,0.49349868297576904,0.0,0.44793567061424255,0.0,0.11740398406982422,0.9330911964178085,0.8556340754032136,0.9330911964178085
1520,0.67193603515625,0.67193603515625,0.9138702673805092,1.0,0.5010631084442139,0.0,0.11956685781478882,0.0,0.05236368626356125,0.9138702809810638,0.2653266549110413,0.9138702809810638
1521,0.663818359375,0.663818359375,0.6929727986371161,1.0,0.2538670301437378,0.0,0.37088117003440857,0.0,0.07540040463209152,0.49404877126216884,0.6929728090763092,0.6929728090763092
1522,0.717041015625,0.717041015625,0.9337699640701967,1.0,0.4962579905986786,0.0,0.4050559401512146,0.0,0.11151651293039322,0.9337699770927429,0.7787264913320542,0.9337699770927429
1523,0.702880859375,0.702880859375,0.9270401912166333,1.0,0.4911881685256958,0.0,0.42901501059532166,0.0,0.11450151354074478,0.9270402044057846,0.8213458359241486,0.9270402044057846
1524,0.708984375,0.708984375,0.9318999635861929,1.0,0.49655261635780334,0.0,0.3810526728630066,0.0,0.10781675577163696,0.9318999767303467,0.7355500727891923,0.9318999767303467
1525,0.7203369140625,0.7203369140625,0.9147717021073366,1.0,0.48300862312316895,0.0,0.453561931848526,0.0,0.11695563793182373,0.9147717148065567,0.8647123396396637,0.9147717148065567
1526,0.6328125,0.6328125,0.9156459216620108,1.0,0.4962288737297058,0.0,0.22433963418006897,0.0,0.07804946601390839,0.9156459361314773,0.4534342288970947,0.9156459361314773
1527,0.7318115234375,0.7318115234375,0.9371334424708225,1.0,0.49672380089759827,0.0,0.4303061366081238,0.0,0.11528545618057251,0.9371334552764893,0.8242234259843826,0.9371334552764893
1528,0.939697265625,0.939697265625,0.980010940136331,1.0,0.5016316771507263,0.0,0.4838502109050751,0.28688913583755493,0.21706097573041916,0.9800109505653382,0.6915822386741639,0.9800109505653382
1529,0.74609375,0.74609375,0.9525602600455434,1.0,0.49603191018104553,0.0,0.5016428232192993,0.0,0.12470538914203644,0.943021720647812,0.9525602728128433,0.9525602728128433
1530,0.67010498046875,0.67010498046875,0.917041627788726,1.0,0.4934377670288086,0.0,0.28853660821914673,0.0,0.09125132113695145,0.9170416414737702,0.568709671497345,0.9170416414737702
1531,0.7109375,0.7109375,0.9104883855662572,1.0,0.49655163288116455,0.0,0.16695459187030792,0.0,0.06451790034770966,0.9104883983731269,0.3501734286546707,0.9104883983731269
1532,0.8551025390625,0.8551025390625,0.32698182528291747,1.0,0.12996158003807068,0.22839421033859253,0.14985863864421844,0.048556506633758545,0.10720561817288399,0.32698182910680773,0.2667359232902527,0.32698182910680773
1533,0.70037841796875,0.70037841796875,0.48179803696797374,1.0,0.2421436607837677,0.0,0.2542131543159485,0.0,0.062007930129766464,0.46127990484237674,0.4817980438470841,0.4817980438470841
1534,0.68310546875,0.68310546875,0.5902925330414114,1.0,0.1547025889158249,0.0,0.31934571266174316,0.0,0.052494026720523834,0.31039923131465913,0.5902925416827203,0.5902925416827203
1535,0.72265625,0.72265625,0.9285364469546443,1.0,0.4928748607635498,0.0,0.4136171042919159,0.0,0.1124485656619072,0.9285364598035812,0.7937982738018037,0.9285364598035812
1536,0.73291015625,0.73291015625,0.9314618043170524,1.0,0.4960329830646515,0.0,0.38602447509765625,0.0,0.10855530202388763,0.9314618170261383,0.7444473534822464,0.9314618170261383
1537,0.67822265625,0.67822265625,0.7110783740341846,1.0,0.30704793334007263,0.0,0.3779853284358978,0.0,0.08471580594778061,0.5904848128557205,0.7110783845186233,0.7110783845186233
1538,0.680419921875,0.680419921875,0.5462198177169418,1.0,0.29829177260398865,0.0,0.09294635057449341,0.0,0.03690479323267937,0.5462198257446289,0.19713260829448698,0.5462198257446289
1539,0.696533203125,0.696533203125,0.7777725227272471,1.0,0.41485103964805603,0.0,0.3104066252708435,0.0,0.08879616856575012,0.7777725338935852,0.6002170294523239,0.7777725338935852
1540,0.7158203125,0.7158203125,0.3727249033833549,1.0,0.10962209105491638,0.0,0.20097927749156952,0.0,0.035600241273641586,0.21741769164800642,0.37272490859031676,0.37272490859031676
1541,0.74609375,0.74609375,0.9540508052983927,1.0,0.49639764428138733,0.0,0.5024505853652954,0.0,0.12485142797231674,0.9437608182430267,0.9540508180856706,0.9540508180856706
1542,0.6927490234375,0.6927490234375,0.929147724805835,1.0,0.4965194761753082,0.0,0.35412681102752686,0.0,0.10339194536209106,0.9291477382183075,0.6870802074670792,0.9291477382183075
1543,0.7005615234375,0.7005615234375,0.9456488861759739,1.0,0.503670871257782,0.0,0.3904133141040802,0.0,0.10998134315013885,0.9456488996744156,0.7531110525131226,0.9456488996744156
1544,0.668701171875,0.668701171875,0.9267695705580946,1.0,0.2729089856147766,0.0,0.4997103810310364,0.0,0.08858590573072433,0.5412072122097016,0.9267695844173431,0.9267695844173431
1545,0.64013671875,0.64013671875,0.742382040943537,1.0,0.3938194513320923,0.0,0.33507040143013,0.0,0.09052123129367828,0.742382052540779,0.6425086677074433,0.742382052540779
1546,0.67425537109375,0.67425537109375,0.9220610422234168,1.0,0.4923451542854309,0.0,0.35839778184890747,0.0,0.10373854637145996,0.9220610558986664,0.6943505227565766,0.9220610558986664
1547,0.724365234375,0.724365234375,0.6404916734489213,1.0,0.339229017496109,0.0,0.2987945079803467,0.0,0.07943326234817505,0.6404916822910309,0.5717530161142349,0.6404916822910309
1548,0.68243408203125,0.68243408203125,0.6809741874090878,1.0,0.231306791305542,0.0,0.3654686212539673,0.0,0.0709175318479538,0.4528990864753723,0.6809741973876954,0.6809741973876954
1549,0.72027587890625,0.72027587890625,0.9035330199922434,1.0,0.47864270210266113,0.0,0.41976168751716614,0.0,0.11181919276714325,0.9035330325365067,0.8034353077411651,0.9035330325365067
1550,0.6802978515625,0.6802978515625,0.48166203237858773,1.0,0.13238321244716644,0.0,0.26023539900779724,0.0,0.04412315785884857,0.26431332230567933,0.4816620394587517,0.4816620394587517
1551,0.69140625,0.69140625,0.9329575195082769,1.0,0.49647051095962524,0.0,0.3931061327457428,0.0,0.10970578342676163,0.9329575330018998,0.7572380900382996,0.9329575330018998
1552,0.8887939453125,0.8887939453125,0.5054511788242516,1.0,0.3016684353351593,0.3208010196685791,0.311857134103775,0.14767324924468994,0.23488175496459007,0.38206012547016144,0.5054511845111848,0.5054511845111848
1553,0.7237548828125,0.7237548828125,0.9359340568210491,1.0,0.4945717751979828,0.0,0.4570487439632416,0.0,0.11876776814460754,0.9359340697526932,0.8721449166536331,0.9359340697526932
1554,0.693359375,0.693359375,0.9198432253256765,1.0,0.49464887380599976,0.0,0.29475265741348267,0.0,0.09253866970539093,0.9198432385921479,0.5800196707248687,0.9198432385921479
1555,0.70086669921875,0.70086669921875,0.9294117735337702,1.0,0.4938565492630005,0.0,0.40469998121261597,0.0,0.11121916770935059,0.9294117867946625,0.7778456211090088,0.9294117867946625
1556,0.69036865234375,0.69036865234375,0.5455933923966209,1.0,0.19080491364002228,0.0,0.2925071716308594,0.0,0.05779562145471573,0.372699561715126,0.5455934002995492,0.5455934002995492
1557,0.70147705078125,0.70147705078125,0.9064393033508688,1.0,0.4795849919319153,0.0,0.43186330795288086,0.0,0.1136191338300705,0.9064393162727357,0.825312453508377,0.9064393162727357
1558,0.93792724609375,0.93792724609375,0.8867155814998359,1.0,0.5021448135375977,0.11815452575683594,0.38446858525276184,0.3893168568611145,0.2779761850833893,0.8867155909538269,0.45522540807724,0.8867155909538269
1559,0.69805908203125,0.69805908203125,0.7220235274117114,1.0,0.20167973637580872,0.0,0.3899197578430176,0.0,0.06680785119533539,0.4020155012607574,0.7220235377550125,0.7220235377550125
1560,0.63702392578125,0.63702392578125,0.8723439556510395,1.0,0.3149869441986084,0.0,0.4671362638473511,0.0,0.09413310140371323,0.6136901259422302,0.8723439693450928,0.8723439693450928
1561,0.7265625,0.7265625,0.9351505478657668,1.0,0.4959093928337097,0.0,0.425136536359787,0.0,0.11445295810699463,0.9351505607366561,0.8148367047309876,0.9351505607366561
1562,0.6912841796875,0.6912841796875,0.9248508349384105,1.0,0.4912399649620056,0.0,0.40618911385536194,0.0,0.11117557436227798,0.9248508483171463,0.7802644014358521,0.9248508483171463
1563,0.74212646484375,0.74212646484375,0.9472673705727898,1.0,0.495813250541687,0.0,0.49871447682380676,0.0,0.12431489676237106,0.9423352986574174,0.9472673833370209,0.9472673833370209
1564,0.8953857421875,0.8953857421875,0.9999999888316292,1.0,0.5045634508132935,0.0,0.6357131600379944,0.14604073762893677,0.1925467997789383,0.9863896012306214,1.0,1.0
1565,0.67724609375,0.67724609375,0.9148347898346603,1.0,0.48886170983314514,0.0,0.3488372564315796,0.0,0.10182642936706543,0.9148348033428193,0.6767932325601578,0.9148348033428193
1566,0.7244873046875,0.7244873046875,0.9350318153781463,1.0,0.4941697120666504,0.0,0.4552634656429291,0.0,0.11848003417253494,0.9350318282842637,0.8688912093639374,0.9350318282842637
1567,0.64495849609375,0.64495849609375,0.782717457198667,1.0,0.4183126986026764,0.0,0.2975461184978485,0.0,0.08697090297937393,0.7827174693346024,0.577414283156395,0.7827174693346024
1568,0.956787109375,0.956787109375,0.807590678834281,1.0,0.50291508436203,0.21199196577072144,0.414236456155777,0.3051345944404602,0.3036407306790352,0.8075906872749329,0.5730086505413056,0.8075906872749329
1569,0.71484375,0.71484375,0.931110053150096,1.0,0.4928486943244934,0.0,0.4398241639137268,0.0,0.11620789021253586,0.9311100661754608,0.8409683644771576,0.9311100661754608
1570,0.6456298828125,0.6456298828125,0.7308373680762044,1.0,0.2420705407857895,0.0,0.39257240295410156,0.0,0.07498789578676224,0.4749842137098313,0.7308373793959618,0.7308373793959618
1571,0.813232421875,0.813232421875,0.94748205867599,1.0,0.5001874566078186,0.0,0.3322325646877289,0.1392139196395874,0.1480637565255165,0.9474820703268051,0.536666226387024,0.9474820703268051
1572,0.71466064453125,0.71466064453125,0.6316329957079426,1.0,0.10991242527961731,0.0,0.3448009788990021,0.0,0.04328775405883789,0.2323224633932114,0.6316330045461654,0.6316330045461654
1573,0.702392578125,0.702392578125,0.9143959153645709,1.0,0.49427226185798645,0.0,0.24705857038497925,0.0,0.08287841081619263,0.9143959283828735,0.4941326528787613,0.9143959283828735
1574,0.6513671875,0.6513671875,0.3419071524998683,1.0,0.18588675558567047,0.0,0.07310997694730759,0.0,0.026728522032499313,0.34190715774893765,0.1501866340637207,0.34190715774893765
1575,0.667724609375,0.667724609375,0.918150026756887,1.0,0.49023619294166565,0.0,0.3572489321231842,0.0,0.1033584475517273,0.9181500405073166,0.6920716971158981,0.9181500405073166
1576,0.74212646484375,0.74212646484375,0.948960079876725,1.0,0.4957120716571808,0.0,0.4996604919433594,0.0,0.12441959977149963,0.9422477781772614,0.948960092663765,0.948960092663765
1577,0.74609375,0.74609375,0.9510783604463031,1.0,0.49580734968185425,0.0,0.5008320212364197,0.0,0.12457675486803055,0.9425364315509797,0.9510783731937409,0.9510783731937409
1578,0.72442626953125,0.72442626953125,0.9285562148662055,1.0,0.4900501072406769,0.0,0.4646603465080261,0.0,0.11925444006919861,0.9285562276840209,0.8853936344385148,0.9285562276840209
1579,0.74212646484375,0.74212646484375,0.9471676996871394,1.0,0.4959827661514282,0.0,0.4986496865749359,0.0,0.12432817369699478,0.9426339477300644,0.9471677124500275,0.9471677124500275
1580,0.72711181640625,0.72711181640625,0.9047440285230505,1.0,0.49644148349761963,0.0,0.11149370670318604,0.0,0.049976229667663574,0.904744040966034,0.25033282041549687,0.904744040966034
1581,0.7076416015625,0.7076416015625,0.8591554371300923,1.0,0.4606090784072876,0.0,0.3005910813808441,0.0,0.09103421121835709,0.8591554492712021,0.5871248543262482,0.8591554492712021
1582,0.7186279296875,0.7186279296875,0.9334352572011074,1.0,0.4955689013004303,0.0,0.41411247849464417,0.0,0.11280205845832825,0.9334352701902389,0.7949593514204026,0.9334352701902389
1583,0.677978515625,0.677978515625,0.9188958062297456,1.0,0.4961419999599457,0.0,0.2584021985530853,0.0,0.08537837862968445,0.9188958197832107,0.5147381573915482,0.9188958197832107
1584,0.69232177734375,0.69232177734375,0.69184568419118,1.0,0.1718188226222992,0.0,0.3748132288455963,0.0,0.0594792366027832,0.3467552036046982,0.6918456941843033,0.6918456941843033
1585,0.67578125,0.67578125,0.28903937806140934,1.0,0.0541321337223053,0.0,0.15757009387016296,0.0,0.020759809762239456,0.11319485008716584,0.2890393823385239,0.2890393823385239
1586,0.64459228515625,0.64459228515625,0.4997771975350254,1.0,0.2656112313270569,0.0,0.21676988899707794,0.0,0.05968261882662773,0.4997772052884102,0.416746923327446,0.4997772052884102
1587,0.668212890625,0.668212890625,0.9256973694312387,1.0,0.4962666630744934,0.0,0.3241738975048065,0.0,0.0981379896402359,0.9256973832845689,0.6331396818161011,0.9256973832845689
1588,0.73297119140625,0.73297119140625,0.9343684009390699,1.0,0.4963715672492981,0.0,0.40899592638015747,0.0,0.11212173849344254,0.9343684136867524,0.7858298242092133,0.9343684136867524
1589,0.6986083984375,0.6986083984375,0.4648678012705503,1.0,0.1393187791109085,0.0,0.2505199611186981,0.0,0.04491422325372696,0.2758257985115051,0.46486780792474747,0.46486780792474747
1590,0.6959228515625,0.6959228515625,0.8365444569782595,1.0,0.4468061327934265,0.0,0.3229342997074127,0.0,0.09375723451375961,0.836544468998909,0.6259623527526856,0.836544468998909
1591,0.74609375,0.74609375,0.9543793222541335,1.0,0.495656281709671,0.0,0.5026742815971375,0.0,0.1247851625084877,0.9424487352371216,0.9543793350458145,0.9543793350458145
1592,0.707275390625,0.707275390625,0.9327702122174749,1.0,0.4966394603252411,0.0,0.38819196820259094,0.0,0.1089547723531723,0.9327702254056931,0.7484094887971878,0.9327702254056931
1593,0.74609375,0.74609375,0.9536657712192332,1.0,0.4979439079761505,0.0,0.5021507740020752,0.0,0.12500962615013123,0.9465141117572784,0.9536657840013505,0.9536657840013505
1594,0.7020263671875,0.7020263671875,0.9176033604567448,1.0,0.49108362197875977,0.0,0.3365285396575928,0.0,0.09990447014570236,0.9176033735275269,0.654859733581543,0.9176033735275269
1595,0.74212646484375,0.74212646484375,0.9473576865095688,1.0,0.49328961968421936,0.0,0.49890485405921936,0.0,0.12402033805847168,0.9378118008375167,0.9473576992750169,0.9473576992750169
1596,0.68267822265625,0.68267822265625,0.9628906213262084,1.0,0.5248685479164124,0.0,0.181272491812706,0.0,0.06938818842172623,0.9628906354308129,0.378777340054512,0.9628906354308129
1597,0.662841796875,0.662841796875,0.9147469024937173,1.0,0.4898133873939514,0.0,0.3308281898498535,0.0,0.09879977256059647,0.9147469162940979,0.6444720804691315,0.9147469162940979
1598,0.7421875,0.7421875,0.9430525384439298,1.0,0.49653056263923645,0.0,0.4929753839969635,0.0,0.12368664890527725,0.9430525511503219,0.9370087474584581,0.9430525511503219
1599,0.73828125,0.73828125,0.941103693016592,1.0,0.49560391902923584,0.0,0.4901665151119232,0.0,0.12321756035089493,0.9411037057638167,0.9318601191043855,0.9411037057638167
1600,0.70098876953125,0.70098876953125,0.9311617807828814,1.0,0.4969159960746765,0.0,0.36713001132011414,0.0,0.10559578239917755,0.9311617940664292,0.7105256199836731,0.9311617940664292
1601,0.70294189453125,0.70294189453125,0.4660355978471403,1.0,0.24727585911750793,0.0,0.2093905806541443,0.0,0.05669177696108818,0.4660356044769287,0.40163063108921054,0.4660356044769287
1602,0.70977783203125,0.70977783203125,0.8550612507991072,1.0,0.271426260471344,0.0,0.45995479822158813,0.0,0.08553741872310638,0.534562748670578,0.855061262845993,0.855061262845993
1603,0.70245361328125,0.70245361328125,0.9216819900195548,1.0,0.4932934045791626,0.0,0.3375387489795685,0.0,0.10026610642671585,0.9216820031404496,0.6568990886211395,0.9216820031404496
1604,0.7127685546875,0.7127685546875,0.7672722500204269,1.0,0.4045335650444031,0.0,0.39111843705177307,0.0,0.09942824393510818,0.7672722607851029,0.7444665431976318,0.7672722607851029
1605,0.67578125,0.67578125,0.9296828788038016,1.0,0.4961090683937073,0.0,0.36686569452285767,0.0,0.10547886788845062,0.9296828925609588,0.7099691569805145,0.9296828925609588
1606,0.7265625,0.7265625,0.9403565903222663,1.0,0.49665528535842896,0.0,0.46377089619636536,0.0,0.11991261690855026,0.9403566032648086,0.8844531416893007,0.9403566032648086
1607,0.6953125,0.6953125,0.9261612639740868,1.0,0.49166297912597656,0.0,0.41167914867401123,0.0,0.11203596740961075,0.926161277294159,0.7901887655258178,0.926161277294159
1608,0.71588134765625,0.71588134765625,0.9264379133511979,1.0,0.49609997868537903,0.0,0.3345796465873718,0.0,0.0999806672334671,0.9264379262924194,0.6518533617258072,0.9264379262924194
1609,0.70233154296875,0.70233154296875,0.46154932318601744,1.0,0.22799909114837646,0.0,0.2437496781349182,0.0,0.05890290066599846,0.43477333188056944,0.4615493297576905,0.4615493297576905
1610,0.66339111328125,0.66339111328125,0.9079745036585628,1.0,0.4898984730243683,0.0,0.2615726590156555,0.0,0.08562923222780228,0.9079745173454284,0.5198206335306168,0.9079745173454284
1611,0.87774658203125,0.87774658203125,0.9999999886071901,1.0,0.6870986223220825,0.0,0.15193819999694824,0.11567032337188721,0.10622327029705048,1.0,0.24966236352920534,1.0
1612,0.668212890625,0.668212890625,0.8043002008235213,1.0,0.4265354871749878,0.0,0.36536335945129395,0.0,0.09839843213558197,0.8043002128601074,0.7003075957298279,0.8043002128601074
1613,0.64599609375,0.62890625,0.8886379308741258,2.0,0.49176016449928284,0.0,0.2761741876602173,0.0,0.08870318531990051,0.9127857148647308,0.5462895542383194,0.9127857148647308
1614,0.71875,0.71875,0.9072136693141607,1.0,0.4835582375526428,0.0,0.3680885434150696,0.0,0.10451652854681015,0.9072136819362641,0.7109152019023895,0.9072136819362641
1615,0.7081298828125,0.7081298828125,0.9335720079431203,1.0,0.4961927533149719,0.0,0.4042506515979767,0.0,0.11138798296451569,0.9335720211267472,0.7772704482078553,0.9335720211267472
1616,0.734375,0.734375,0.9416124036838575,1.0,0.4965941905975342,0.0,0.47742873430252075,0.0,0.12170573323965073,0.9416124165058136,0.9090311408042908,0.9416124165058136
1617,0.91510009765625,0.91510009765625,0.908768405520241,1.0,0.5017461180686951,0.07244932651519775,0.3637046217918396,0.27214401960372925,0.22453274577856064,0.9087684154510498,0.4943726480007171,0.9087684154510498
1618,0.74212646484375,0.74212646484375,0.9470758310493851,1.0,0.49578988552093506,0.0,0.49860936403274536,0.0,0.12429890781641006,0.9422827303409576,0.9470758438110353,0.9470758438110353
1619,0.7314453125,0.7314453125,0.9391925027714199,1.0,0.4960569143295288,0.0,0.46290069818496704,0.0,0.11972649395465851,0.9391925156116485,0.8828269481658936,0.9391925156116485
1620,0.70941162109375,0.70941162109375,0.8187323872073917,1.0,0.35130399465560913,0.0,0.4353344440460205,0.0,0.09721409529447556,0.6758806347846985,0.8187323987483979,0.8187323987483979
1621,0.662353515625,0.66070556640625,0.91661314750407,2.0,0.49226972460746765,0.0,0.32813897728919983,0.0,0.09852559864521027,0.9188994020223618,0.6398771315813065,0.9188994020223618
1622,0.67205810546875,0.67205810546875,0.9244098138350796,1.0,0.26828375458717346,0.0,0.49865636229515076,0.0,0.08757618069648743,0.5327763944864273,0.9244098275899887,0.9244098275899887
1623,0.70599365234375,0.70599365234375,0.9336863951753969,1.0,0.4995366930961609,0.0,0.34520360827445984,0.0,0.1021249070763588,0.9336864084005356,0.6713201642036438,0.9336864084005356
1624,0.6895751953125,0.6895751953125,0.9214350149522331,1.0,0.4964013993740082,0.0,0.2791250944137573,0.0,0.08960890024900436,0.9214350283145905,0.552065309882164,0.9214350283145905
1625,0.74609375,0.74609375,0.9537790289834851,1.0,0.495957612991333,0.0,0.5023240447044373,0.0,0.12478013336658478,0.9429561078548432,0.9537790417671204,0.9537790417671204
1626,0.66064453125,0.66064453125,0.7200288782803447,1.0,0.29482752084732056,0.0,0.3836367428302765,0.0,0.08336716890335083,0.5690532118082047,0.7200288891792297,0.7200288891792297
1627,0.92364501953125,0.92364501953125,0.22371788751265842,1.0,0.06708628684282303,0.0,0.1493595987558365,0.06479752063751221,0.04381425678730011,0.1421710282564163,0.2237178899347782,0.2237178899347782
1628,0.734375,0.734375,0.9417110612905462,1.0,0.4964806139469147,0.0,0.48045969009399414,0.0,0.12208469212055206,0.9417110741138458,0.914475503563881,0.9417110741138458
1629,0.63995361328125,0.63995361328125,0.3999076601957683,1.0,0.19896960258483887,0.0,0.21111705899238586,0.0,0.05121587589383125,0.3792569905519486,0.39990766644477843,0.39990766644477843
1630,0.84979248046875,0.84979248046875,0.21855438764997817,1.0,0.0842236652970314,0.0,0.1272202581167221,0.023580551147460938,0.033724220469594,0.16668267846107485,0.21855439022183418,0.21855439022183418
1631,0.74609375,0.74609375,0.9500897399399156,1.0,0.49612855911254883,0.0,0.5002649426460266,0.0,0.12454704195261002,0.9430579006671906,0.9500897526741028,0.9500897526741028
1632,0.717529296875,0.717529296875,0.9336854953578926,1.0,0.496513307094574,0.0,0.3996155560016632,0.0,0.11071399599313736,0.9336855083703995,0.7689593315124511,0.9336855083703995
1633,0.71875,0.71875,0.9385766196796559,1.0,0.49654269218444824,0.0,0.4479978680610657,0.0,0.11775610595941544,0.9385766327381133,0.8560504317283631,0.9385766327381133
1634,0.81182861328125,0.81182861328125,0.38897075322958635,1.0,0.2028941959142685,0.0,0.15853379666805267,0.07907825708389282,0.07136370241641998,0.3889707580208779,0.24238764792680742,0.3889707580208779
1635,0.9400634765625,0.9400634765625,0.3475402735456732,1.0,0.16259406507015228,0.1243320107460022,0.23121316730976105,0.279899001121521,0.1694242674857378,0.24431492388248444,0.3475402772426605,0.3475402772426605
1636,0.735107421875,0.735107421875,0.9389092138835518,1.0,0.4959433376789093,0.0,0.4621121883392334,0.0,0.11960769444704056,0.9389092266559601,0.8813962727785111,0.9389092266559601
1637,0.6248779296875,0.6248779296875,0.6627144856494178,1.0,0.28830936551094055,0.0,0.3521575331687927,0.0,0.07926665991544724,0.5541726112365724,0.662714496254921,0.662714496254921
1638,0.70355224609375,0.70355224609375,0.9222615379138863,1.0,0.49463173747062683,0.0,0.31924423575401306,0.0,0.09711495041847229,0.9222615510225296,0.6241027981042863,0.9222615510225296
1639,0.74609375,0.74609375,0.9555676242783067,1.0,0.49582234025001526,0.0,0.5033252239227295,0.0,0.1248863935470581,0.9428127348423004,0.9555676370859146,0.9555676370859146
1640,0.633544921875,0.633544921875,0.5021065260192568,1.0,0.24684004485607147,0.0,0.26523473858833313,0.0,0.0639268010854721,0.47083555459976195,0.5021065339446068,0.5021065339446068
1641,0.710693359375,0.710693359375,0.9301259774224019,1.0,0.49213340878486633,0.0,0.4428585469722748,0.0,0.11654984205961227,0.9301259905099869,0.8463587254285813,0.9301259905099869
1642,0.7197265625,0.7197265625,0.9304928203283003,1.0,0.49658653140068054,0.0,0.3663707673549652,0.0,0.1054408922791481,0.9304928332567216,0.7091260343790053,0.9304928332567216
1643,0.65478515625,0.65478515625,0.7104803110931731,1.0,0.38138583302497864,0.0,0.2398582249879837,0.0,0.07372476160526276,0.7104803219437599,0.4698833882808685,0.7104803219437599
1644,0.65130615234375,0.65130615234375,0.5391779742307256,1.0,0.21842949092388153,0.0,0.28740835189819336,0.0,0.062064677476882935,0.4219139188528061,0.5391779825091362,0.5391779825091362
1645,0.64630126953125,0.64630126953125,0.6465884704681208,1.0,0.2906306982040405,0.0,0.3430696725845337,0.0,0.07867196947336197,0.5574422240257263,0.6465884804725647,0.6465884804725647
1646,0.60821533203125,0.60821533203125,0.9118115454007888,1.0,0.49600234627723694,0.0,0.19007337093353271,0.0,0.07013129442930222,0.9118115603923798,0.39173230230808254,0.9118115603923798
1647,0.74609375,0.74609375,0.9537314525566631,1.0,0.498049259185791,0.0,0.5021814107894897,0.0,0.12502670288085938,0.9467068076133728,0.9537314653396607,0.9537314653396607
1648,0.7081298828125,0.7081298828125,0.9021975062041748,1.0,0.48282742500305176,0.0,0.3310815393924713,0.0,0.09826157987117767,0.9021975189447403,0.6442295134067535,0.9021975189447403
1649,0.72265625,0.72265625,0.9392456669774266,1.0,0.4965682625770569,0.0,0.45422807335853577,0.0,0.11861409991979599,0.939245679974556,0.8672673583030701,0.939245679974556
1650,0.64990234375,0.64990234375,0.8043723742575307,1.0,0.24659214913845062,0.0,0.4331739842891693,0.0,0.07879367470741272,0.4871832668781281,0.8043723866343498,0.8043723866343498
1651,0.74212646484375,0.74212646484375,0.9483969322202431,1.0,0.49595677852630615,0.0,0.49933403730392456,0.0,0.12440991401672363,0.9426556050777435,0.9483969449996948,0.9483969449996948
1652,0.66943359375,0.66943359375,0.6618005176866547,1.0,0.26675641536712646,0.0,0.352847158908844,0.0,0.07596937566995621,0.5154462635517121,0.6618005275726319,0.6618005275726319
1653,0.66796875,0.66796875,0.9257193069153565,1.0,0.49612894654273987,0.0,0.32687216997146606,0.0,0.09861233830451965,0.9257193207740784,0.6379828006029129,0.9257193207740784
1654,0.674072265625,0.674072265625,0.583027704351439,1.0,0.3158002495765686,0.0,0.14587263762950897,0.0,0.05035904049873352,0.5830277130007744,0.29415077269077305,0.5830277130007744
1655,0.66351318359375,0.66351318359375,0.7230262885796842,1.0,0.2603256106376648,0.0,0.38721874356269836,0.0,0.07789228856563568,0.5073079735040664,0.7230262994766236,0.7230262994766236
1656,0.69696044921875,0.69696044921875,0.3366364073136425,1.0,0.1373610496520996,0.0,0.17938905954360962,0.0,0.038902733474969864,0.26518879532814027,0.33663641214370726,0.33663641214370726
1657,0.92706298828125,0.92706298828125,0.35807918221937435,1.0,0.1477583348751068,0.0,0.24840429425239563,0.12978047132492065,0.08730846643447876,0.3037834793329239,0.35807918608188627,0.35807918608188627
1658,0.72222900390625,0.72222900390625,0.9278179517072435,1.0,0.4964635670185089,0.0,0.3418354392051697,0.0,0.1012808233499527,0.9278179645538329,0.6649501472711564,0.9278179645538329
1659,0.7196044921875,0.7196044921875,0.9253953119664639,1.0,0.49592775106430054,0.0,0.3272537291049957,0.0,0.09866449981927872,0.9253953248262407,0.6386494874954223,0.9253953248262407
1660,0.691650390625,0.691650390625,0.9209679172398313,1.0,0.4940476417541504,0.0,0.31682175397872925,0.0,0.09662723541259766,0.9209679305553435,0.6196839213371278,0.9209679305553435
1661,0.74609375,0.74609375,0.952912079436847,1.0,0.49593448638916016,0.0,0.5018436908721924,0.0,0.12471789866685867,0.9428664445877075,0.9529120922088623,0.9529120922088623
1662,0.74310302734375,0.74310302734375,0.9468751511705944,1.0,0.49577757716178894,0.0,0.4984985589981079,0.0,0.12428358942270279,0.9422494947910309,0.9468751639127732,0.9468751639127732
1663,0.84051513671875,0.84051513671875,0.44995390535511626,1.0,0.21004021167755127,0.0,0.2383054941892624,0.0,0.05582091584801674,0.40190293043851855,0.44995391070842744,0.44995391070842744
1664,0.95050048828125,0.95050048828125,0.8269217880988496,1.0,0.503715991973877,0.19697046279907227,0.40589919686317444,0.3721945881843567,0.3142917789518833,0.8269217967987061,0.5029315292835236,0.8269217967987061
1665,0.7158203125,0.7158203125,0.9379573571779678,1.0,0.49654045701026917,0.0,0.44184547662734985,0.0,0.11690042912960052,0.9379573702812194,0.8449759036302568,0.9379573702812194
1666,0.74212646484375,0.74212646484375,0.947111933582239,1.0,0.4957861304283142,0.0,0.498629629611969,0.0,0.12430094927549362,0.9422779977321625,0.9471119463443757,0.9471119463443757
1667,0.691162109375,0.691162109375,0.9261191353317827,1.0,0.4964122772216797,0.0,0.3257704973220825,0.0,0.09843727201223373,0.9261191487312317,0.6360281229019166,0.9261191487312317
1668,0.70892333984375,0.70892333984375,0.564175861566272,1.0,0.18834979832172394,0.0,0.3029671609401703,0.0,0.05815860629081726,0.3693263530731201,0.564175869524479,0.564175869524479
1669,0.6978759765625,0.6978759765625,0.9131908881941605,1.0,0.4849242866039276,0.0,0.4032718539237976,0.0,0.11009015142917633,0.9131909012794496,0.7743817657232284,0.9131909012794496
1670,0.703125,0.703125,0.7736622685430641,1.0,0.11755596101284027,0.0,0.4232814908027649,0.0,0.048657238483428955,0.253928878903389,0.7736622795462609,0.7736622795462609
1671,0.7109375,0.7109375,0.9360429453316825,1.0,0.4958058297634125,0.0,0.4359246492385864,0.0,0.11598625034093857,0.936042958498001,0.8342449516057969,0.936042958498001
1672,0.68865966796875,0.68865966796875,0.27032592649119186,1.0,0.1425168812274933,0.0,0.137955442070961,0.0,0.03504977375268936,0.27032593041658404,0.2625714838504791,0.27032593041658404
1673,0.75177001953125,0.75177001953125,0.9732784439798539,1.0,0.46546489000320435,0.0,0.5148510932922363,0.0,0.12222889065742493,0.8893219113349915,0.9732784569263458,0.9732784569263458
1674,0.69879150390625,0.69879150390625,0.5353843910372312,1.0,0.18002265691757202,0.0,0.28743451833724976,0.0,0.05542443320155144,0.3527842342853546,0.5353843986988068,0.5353843986988068
1675,0.7403564453125,0.7403564453125,0.9414602867755713,1.0,0.49582695960998535,0.0,0.4897177219390869,0.0,0.12318835407495499,0.9414602994918824,0.931074595451355,0.9414602994918824
1676,0.65960693359375,0.65960693359375,0.6103755709379866,1.0,0.10298046469688416,0.0,0.333376407623291,0.0,0.04101619869470596,0.2187024772167206,0.6103755801916123,0.6103755801916123
1677,0.7196044921875,0.7196044921875,0.9210351786175542,1.0,0.49596697092056274,0.0,0.2829464375972748,0.0,0.09033563733100891,0.9210351914167404,0.5589002847671509,0.9210351914167404
1678,0.70703125,0.70703125,0.9364022152304752,1.0,0.4964770972728729,0.0,0.4274345338344574,0.0,0.11484581977128983,0.9364022284746171,0.8190298706293105,0.9364022284746171
1679,0.74609375,0.74609375,0.9499714336623188,1.0,0.4961718022823334,0.0,0.5001968145370483,0.0,0.12454405426979065,0.9431289255619049,0.9499714463949204,0.9499714463949204
1680,0.653076171875,0.653076171875,0.3420263014516277,1.0,0.150533065199852,0.0,0.18165166676044464,0.0,0.041160281747579575,0.289124684035778,0.3420263066887856,0.3420263066887856
1681,0.74609375,0.74609375,0.954503606877521,1.0,0.49497437477111816,0.0,0.5027812123298645,0.0,0.12471181154251099,0.9412319958209993,0.9545036196708678,0.9545036196708678
1682,0.67755126953125,0.67755126953125,0.9265670281987005,1.0,0.4962698519229889,0.0,0.3328130841255188,0.0,0.09968249499797821,0.9265670418739318,0.6486905366182328,0.9265670418739318
1683,0.6832275390625,0.6832275390625,0.9186134323136145,1.0,0.48935920000076294,0.0,0.3776688575744629,0.0,0.10659469664096832,0.9186134457588195,0.7287398636341096,0.9186134457588195
1684,0.687255859375,0.687255859375,0.9062690722204787,1.0,0.49429458379745483,0.0,0.1653883457183838,0.0,0.06402318179607391,0.9062690854072571,0.34712848067283636,0.9062690854072571
1685,0.8687744140625,0.8687744140625,0.8789197701375862,1.0,0.5023696422576904,0.08052432537078857,0.1908058375120163,0.1999329924583435,0.1650463417172432,0.878919780254364,0.2655241131782532,0.878919780254364
1686,0.70703125,0.70703125,0.9261980909241151,1.0,0.4906807839870453,0.0,0.4297269284725189,0.0,0.1145474761724472,0.9261981040239334,0.8225765496492385,0.9261981040239334
1687,0.66827392578125,0.66827392578125,0.5372799792953884,1.0,0.25787609815597534,0.0,0.2841624319553375,0.0,0.06759566813707352,0.4925932198762894,0.5372799873352051,0.5372799873352051
1688,0.731201171875,0.731201171875,0.9331451795036987,1.0,0.4917532503604889,0.0,0.47989341616630554,0.0,0.12143774330615997,0.9331451922655106,0.9129834741353989,0.9331451922655106
1689,0.58905029296875,0.58905029296875,0.5499640758848369,1.0,0.26673635840415955,0.0,0.29071691632270813,0.0,0.06955283135175705,0.5091971367597581,0.5499640852212906,0.5499640852212906
1690,0.6588134765625,0.6588134765625,0.34112852517538506,1.0,0.11262043565511703,0.0,0.18325915932655334,0.0,0.03493378311395645,0.22104270011186603,0.34112853035330776,0.34112853035330776
1691,0.71875,0.71875,0.9389998662958529,1.0,0.4967167377471924,0.0,0.44909751415252686,0.0,0.11792746931314468,0.9389998793601989,0.8580471992492676,0.9389998793601989
1692,0.6708984375,0.6708984375,0.6692789454837339,1.0,0.3533100187778473,0.0,0.33320921659469604,0.0,0.08574137836694717,0.6692789554595948,0.6351075917482376,0.6692789554595948
1693,0.70965576171875,0.70965576171875,0.9072828492823922,1.0,0.4792814254760742,0.0,0.44576296210289,0.0,0.11547884345054626,0.9072828620672226,0.8503014743328094,0.9072828620672226
1694,0.69610595703125,0.69610595703125,0.5255758739011402,1.0,0.11459767073392868,0.0,0.2856200635433197,0.0,0.041601527482271194,0.23483781367540363,0.5255758814513684,0.5255758814513684
1695,0.7138671875,0.7138671875,0.9162888487967823,1.0,0.49319595098495483,0.0,0.28536149859428406,0.0,0.09061546623706818,0.9162888616323471,0.5629702925682067,0.9162888616323471
1696,0.67626953125,0.67626953125,0.9192793352568632,1.0,0.4954540729522705,0.0,0.2746201753616333,0.0,0.08864441514015198,0.9192793488502502,0.543861722946167,0.9192793488502502
1697,0.7064208984375,0.7064208984375,0.3689534164890663,1.0,0.12031063437461853,0.0,0.19829019904136658,0.0,0.0375068299472332,0.23638816177845,0.3689534217119217,0.3689534217119217
1698,0.68438720703125,0.68438720703125,0.9255418314403697,1.0,0.49674174189567566,0.0,0.3140670955181122,0.0,0.09633088111877441,0.9255418449640275,0.6149949461221694,0.9255418449640275
1699,0.74212646484375,0.74212646484375,0.9477128884643924,1.0,0.4958835542201996,0.0,0.4989580810070038,0.0,0.12435401976108551,0.9424862056970597,0.9477129012346268,0.9477129012346268
1700,0.69610595703125,0.69610595703125,0.9262532577966944,1.0,0.49272647500038147,0.0,0.3934561610221863,0.0,0.10939141362905502,0.9262532711029053,0.7574937373399734,0.9262532711029053
1701,0.74609375,0.74609375,0.9510002276987464,1.0,0.495801717042923,0.0,0.5007889270782471,0.0,0.12457070499658585,0.9425219833850861,0.951000240445137,0.951000240445137
1702,0.68902587890625,0.68902587890625,0.9277714088019883,1.0,0.49475064873695374,0.0,0.3722025454044342,0.0,0.10622501373291016,0.9277714222669602,0.7194396466016769,0.9277714222669602
1703,0.74609375,0.74609375,0.9517051718230565,1.0,0.4947616159915924,0.0,0.5012383460998535,0.0,0.12449472397565842,0.9406947433948517,0.9517051845788955,0.9517051845788955
1704,0.6165771484375,0.6165771484375,0.46372392021534325,1.0,0.20424407720565796,0.0,0.24627751111984253,0.0,0.055827103555202484,0.39226709008216853,0.4637239277362824,0.4637239277362824
1705,0.74212646484375,0.74212646484375,0.946899112220704,1.0,0.4957806169986725,0.0,0.4985117018222809,0.0,0.12428560107946396,0.9422562807798386,0.9468991249799729,0.9468991249799729
1706,0.68115234375,0.68115234375,0.9225829495645729,1.0,0.49546507000923157,0.0,0.30745837092399597,0.0,0.09500575810670853,0.9225829631090166,0.6029715746641159,0.9225829631090166
1707,0.69024658203125,0.69024658203125,0.6280354945271576,1.0,0.2936806082725525,0.0,0.33259302377700806,0.0,0.07798256725072861,0.5618843972682953,0.6280355036258698,0.6280355036258698
1708,0.74212646484375,0.74212646484375,0.9489605835359664,1.0,0.49635064601898193,0.0,0.4996252954006195,0.0,0.12449565529823303,0.9433936923742295,0.9489605963230132,0.9489605963230132
1709,0.6451416015625,0.6414794921875,0.7664111537581759,2.0,0.3157365620136261,0.0,0.4106737971305847,0.0,0.08926336467266083,0.6093931913375855,0.7707864910364152,0.7707864910364152
1710,0.72735595703125,0.72735595703125,0.9319860270635962,1.0,0.49153849482536316,0.0,0.4721674919128418,0.0,0.12041459232568741,0.9319860398769378,0.8990553349256516,0.9319860398769378
1711,0.701904296875,0.701904296875,0.54535268215224,1.0,0.1382807344198227,0.0,0.2952914535999298,0.0,0.04750256985425949,0.27843446731567384,0.5453526899218559,0.5453526899218559
1712,0.69140625,0.69140625,0.9206164644127591,1.0,0.49320822954177856,0.0,0.328416645526886,0.0,0.09865153580904007,0.92061647772789,0.6404707849025727,0.92061647772789
1713,0.677734375,0.677734375,0.909669624257839,1.0,0.4861089885234833,0.0,0.34673458337783813,0.0,0.10122966021299362,0.9096696376800537,0.6727331489324571,0.9096696376800537
1714,0.689453125,0.689453125,0.9193559870888629,1.0,0.4922775328159332,0.0,0.33256441354751587,0.0,0.09930948913097382,0.9193560004234314,0.6478436976671219,0.9193560004234314
1715,0.6766357421875,0.6766357421875,0.9053005144316136,1.0,0.48452991247177124,0.0,0.3314668536186218,0.0,0.09847170114517212,0.9053005278110504,0.6450933277606965,0.9053005278110504
1716,0.7315673828125,0.7315673828125,0.9341699889757921,1.0,0.4939875304698944,0.0,0.4499244689941406,0.0,0.11773216724395752,0.934170001745224,0.8592627972364426,0.934170001745224
1717,0.69140625,0.69140625,0.9246005699421416,1.0,0.4935663938522339,0.0,0.36181074380874634,0.0,0.10441471636295319,0.9246005833148956,0.7006159782409669,0.9246005833148956
1718,0.69671630859375,0.69671630859375,0.6971144136567101,1.0,0.10486135631799698,0.0,0.38146016001701355,0.0,0.043565720319747925,0.22689645737409592,0.6971144236624242,0.6971144236624242
1719,0.74102783203125,0.74102783203125,0.40054709370817354,1.0,0.16829848289489746,0.0,0.21317625045776367,0.0,0.04702890291810036,0.3242548942565918,0.40054709911346437,0.40054709911346437
1720,0.71875,0.71875,0.9367574024999193,1.0,0.4954868257045746,0.0,0.44881129264831543,0.0,0.11774922907352448,0.9367574155330659,0.8574090093374251,0.9367574155330659
1721,0.6715087890625,0.6715087890625,0.9187390578066673,1.0,0.49020278453826904,0.0,0.36374059319496155,0.0,0.1044270321726799,0.9187390714883804,0.7037533462047578,0.9187390714883804
1722,0.74609375,0.74609375,0.9544191947807216,1.0,0.49571382999420166,0.0,0.502693235874176,0.0,0.12479478865861893,0.9425542175769807,0.9544192075729371,0.9544192075729371
1723,0.6812744140625,0.6812744140625,0.747706181756747,1.0,0.2762297987937927,0.0,0.4000462293624878,0.0,0.08174683898687363,0.5372182607650756,0.7477061927318573,0.7477061927318573
1724,0.68359375,0.68359375,0.8765226280616486,1.0,0.47368162870407104,0.0,0.23895709216594696,0.0,0.07988987118005753,0.8765226408839225,0.4774909287691117,0.8765226408839225
1725,0.68310546875,0.68310546875,0.8620878957670554,1.0,0.1682734191417694,0.0,0.4695892035961151,0.0,0.06357744336128235,0.34985107481479644,0.8620879083871842,0.8620879083871842
1726,0.66925048828125,0.66925048828125,0.6453753985889557,1.0,0.24075861275196075,0.0,0.34516641497612,0.0,0.07095083594322205,0.4678821444511414,0.6453754082322121,0.6453754082322121
1727,0.66552734375,0.66552734375,0.707299618226141,1.0,0.33914533257484436,0.0,0.3741028308868408,0.0,0.08894209563732147,0.647871881723404,0.7072996288537978,0.7072996288537978
1728,0.72686767578125,0.72686767578125,0.9374324222580361,1.0,0.49596890807151794,0.0,0.44688400626182556,0.0,0.11753762513399124,0.9374324351549148,0.8539881020784379,0.9374324351549148
1729,0.74212646484375,0.74212646484375,0.9472677401215824,1.0,0.4958459138870239,0.0,0.4987128674983978,0.0,0.12431882321834564,0.9423939317464828,0.9472677528858185,0.9472677528858185
1730,0.7265625,0.7265625,0.9398063858143819,1.0,0.49649518728256226,0.0,0.4611506164073944,0.0,0.11954277008771896,0.9398063987493516,0.8797206282615662,0.9398063987493516
1731,0.896728515625,0.896728515625,0.9618642818952415,1.0,0.4987926483154297,0.0,0.5059802532196045,0.13439500331878662,0.17342370748519897,0.9618642926216127,0.8531277179718018,0.9618642926216127
1732,0.70355224609375,0.70355224609375,0.7645640324162661,1.0,0.404890775680542,0.0,0.3576064705848694,0.0,0.09494633227586746,0.7645640432834625,0.6841807246208191,0.7645640432834625
1733,0.65362548828125,0.65362548828125,0.9188451209158562,1.0,0.20206409692764282,0.0,0.49924373626708984,0.0,0.073127381503582,0.4136397480964661,0.918845134973526,0.918845134973526
1734,0.6710205078125,0.6710205078125,0.9149470073723808,1.0,0.4917442500591278,0.0,0.2980737090110779,0.0,0.09295949339866638,0.9149470210075379,0.5857071012258529,0.9149470210075379
1735,0.703125,0.703125,0.9437029525532545,1.0,0.5014199614524841,0.0,0.41147035360336304,0.0,0.11300874501466751,0.9437029659748077,0.790788632631302,0.9437029659748077
1736,0.7227783203125,0.7227783203125,0.8894686933478995,1.0,0.4886557161808014,0.0,0.09888416528701782,0.0,0.04618067294359207,0.8894687056541443,0.2268570691347122,0.8894687056541443
1737,0.693603515625,0.693603515625,0.6287062464908066,1.0,0.24266484379768372,0.0,0.3357998728752136,0.0,0.07045739144086838,0.4703767061233521,0.628706255555153,0.628706255555153
1738,0.6878662109375,0.6878662109375,0.9204586908518073,1.0,0.4959976077079773,0.0,0.27663010358810425,0.0,0.08908380568027496,0.9204587042331696,0.5475339472293854,0.9204587042331696
1739,0.70367431640625,0.70367431640625,0.8950318030478841,1.0,0.4775596261024475,0.0,0.3542448878288269,0.0,0.10171496123075485,0.8950318157672883,0.6853967607021332,0.8950318157672883
1740,0.88140869140625,0.88140869140625,0.27627549454046535,1.0,0.13715782761573792,0.0,0.1370423287153244,0.1568717360496521,0.07639733701944351,0.276275497674942,0.18645104467868803,0.276275497674942
1741,0.828369140625,0.828369140625,0.8979050289478612,1.0,0.5004097819328308,0.06659948825836182,0.317228227853775,0.1872420310974121,0.1874329298734665,0.8979050397872924,0.47791811227798464,0.8979050397872924
1742,0.74212646484375,0.74212646484375,0.9487305185509303,1.0,0.49568721652030945,0.0,0.49953433871269226,0.0,0.12440083920955658,0.9421904236078262,0.9487305313348771,0.9487305313348771
1743,0.6905517578125,0.6905517578125,0.39223949788236206,1.0,0.09154422581195831,0.0,0.21282504498958588,0.0,0.03242119029164314,0.18606211096048353,0.3922395035624504,0.3922395035624504
1744,0.703125,0.703125,0.9342564807580542,1.0,0.49581483006477356,0.0,0.4178979992866516,0.0,0.11338656395673752,0.9342564940452576,0.8017978817224503,0.9342564940452576
1745,0.62237548828125,0.62237548828125,0.5228012567204123,1.0,0.18999746441841125,0.0,0.2798897325992584,0.0,0.056624241173267365,0.36998440921306613,0.5228012651205063,0.5228012651205063
1746,0.6796875,0.6796875,0.9280401719167926,1.0,0.49622711539268494,0.0,0.3483137786388397,0.0,0.10237760841846466,0.928040185570717,0.67658751308918,0.928040185570717
1747,0.6826171875,0.6826171875,0.3127619935947681,1.0,0.16566234827041626,0.0,0.1456977128982544,0.0,0.038760315626859665,0.31276199817657474,0.2788221180438995,0.31276199817657474
1748,0.719482421875,0.719482421875,0.5384846344252658,1.0,0.17084452509880066,0.0,0.2896667718887329,0.0,0.05385128781199455,0.3364868223667145,0.5384846419095993,0.5384846419095993
1749,0.62835693359375,0.56793212890625,0.6369887341094093,2.0,0.20242592692375183,0.0,0.38028788566589355,0.0,0.06634283065795898,0.4023954570293427,0.7047607868909836,0.7047607868909836
1750,0.6990966796875,0.6990966796875,0.9396812364155857,1.0,0.38978832960128784,0.0,0.5003902316093445,0.0,0.10956763476133347,0.7516580164432526,0.9396812498569489,0.9396812498569489
1751,0.732666015625,0.732666015625,0.9396759650006843,1.0,0.4959265887737274,0.0,0.4700811803340912,0.0,0.1206645667552948,0.9396759778261184,0.8957387834787369,0.9396759778261184
1752,0.74212646484375,0.74212646484375,0.9490543028979163,1.0,0.49572518467903137,0.0,0.49971210956573486,0.0,0.12442765384912491,0.94227654337883,0.9490543156862259,0.9490543156862259
1753,0.7236328125,0.7236328125,0.933441053842569,1.0,0.4939975440502167,0.0,0.44245487451553345,0.0,0.11670246720314026,0.9334410667419434,0.8458185285329819,0.9334410667419434
1754,0.6710205078125,0.6710205078125,0.9079979791031753,1.0,0.48498785495758057,0.0,0.35019853711128235,0.0,0.1017136350274086,0.9079979926347733,0.6788561522960662,0.9079979926347733
1755,0.671142578125,0.671142578125,0.918752245326662,1.0,0.49451929330825806,0.0,0.28617531061172485,0.0,0.0908680260181427,0.9187522590160371,0.5645674884319305,0.9187522590160371
1756,0.70770263671875,0.70770263671875,0.9306825387100522,1.0,0.4963120222091675,0.0,0.3732091188430786,0.0,0.1065330058336258,0.9306825518608093,0.7214076161384583,0.9306825518608093
1757,0.68359375,0.68359375,0.927750660318447,1.0,0.4961594343185425,0.0,0.34663692116737366,0.0,0.10208424925804138,0.9277506738901138,0.6735624015331269,0.9277506738901138
1758,0.69921875,0.69921875,0.9092812273994068,1.0,0.4969179332256317,0.0,0.14828960597515106,0.0,0.05979941040277481,0.9092812404036523,0.3166130840778351,0.9092812404036523
1759,0.694580078125,0.694580078125,0.9188414590393712,1.0,0.49591416120529175,0.0,0.26195982098579407,0.0,0.08610005676746368,0.9188414722681045,0.5211190938949585,0.9188414722681045
1760,0.7159423828125,0.7159423828125,0.9324367571768215,1.0,0.49582749605178833,0.0,0.39947277307510376,0.0,0.11062370985746384,0.9324367702007293,0.7686337411403656,0.9324367702007293
1761,0.6966552734375,0.6966552734375,0.8508294162213097,1.0,0.45418986678123474,0.0,0.33287668228149414,0.0,0.09607315063476562,0.8508294284343719,0.6445970147848129,0.8508294284343719
1762,0.9749755859375,0.9749755859375,0.8558925958108569,1.0,0.5037545561790466,0.17995017766952515,0.4819332957267761,0.4490121603012085,0.3383514806628227,0.8558926045894624,0.5766406774520874,0.8558926045894624
1763,0.82403564453125,0.82403564453125,0.13963683227122992,1.0,0.08609560877084732,0.04309999942779541,0.09672141075134277,0.09472596645355225,0.06927749235183,0.13963683396577836,0.1112373262643814,0.13963683396577836
1764,0.72900390625,0.72900390625,0.9401336987995302,1.0,0.49659430980682373,0.0,0.46263954043388367,0.0,0.11975409090518951,0.9401337116956711,0.882410603761673,0.9401337116956711
1765,0.64093017578125,0.64093017578125,0.8074779250402275,1.0,0.4391613006591797,0.0,0.16987596452236176,0.0,0.06247176229953766,0.8074779376387595,0.34969286620616913,0.8074779376387595
1766,0.74212646484375,0.74212646484375,0.9472466221962229,1.0,0.4957924485206604,0.0,0.49870410561561584,0.0,0.12431101500988007,0.9422968178987504,0.9472466349601745,0.9472466349601745
1767,0.6741943359375,0.6741943359375,0.9143304808420153,1.0,0.4952891767024994,0.0,0.2280997633934021,0.0,0.07883068919181824,0.9143304944038392,0.46010849177837376,0.9143304944038392
1768,0.68133544921875,0.68133544921875,0.80536543140928,1.0,0.42469069361686707,0.0,0.40922194719314575,0.0,0.10420320928096771,0.8053654432296753,0.7790685743093491,0.8053654432296753
1769,0.74249267578125,0.74249267578125,0.9379279993812838,1.0,0.4937179684638977,0.0,0.49235668778419495,0.0,0.12325910478830338,0.9379280120134353,0.9356138348579408,0.9379280120134353
1770,0.742919921875,0.742919921875,0.9415092579949377,1.0,0.4958150088787079,0.0,0.4904225468635559,0.0,0.1232760027050972,0.9415092706680298,0.9323420852422715,0.9415092706680298
1771,0.74609375,0.74609375,0.9534063747888797,1.0,0.496070921421051,0.0,0.5021107196807861,0.0,0.12476813793182373,0.9431387305259704,0.9534063875675202,0.9534063875675202
1772,0.71484375,0.71484375,0.938410376295881,1.0,0.49665844440460205,0.0,0.4442518949508667,0.0,0.117249496281147,0.9384103894233704,0.8493192553520202,0.9384103894233704
1773,0.6649169921875,0.6649169921875,0.4419797786163961,1.0,0.23414243757724762,0.0,0.20523397624492645,0.0,0.05468481406569481,0.4419797852635383,0.39283540099859243,0.4419797852635383
1774,0.64837646484375,0.64837646484375,0.5019290787054403,1.0,0.25407135486602783,0.0,0.2647344172000885,0.0,0.06482332199811935,0.48380188047885897,0.501929086446762,0.501929086446762
1775,0.695068359375,0.695068359375,0.43341397317556624,1.0,0.13020873069763184,0.0,0.2335517257452011,0.0,0.04193737357854843,0.25773088783025744,0.4334139794111252,0.4334139794111252
1776,0.70343017578125,0.70343017578125,0.9326913462607699,1.0,0.49627941846847534,0.0,0.3938840627670288,0.0,0.10980772972106934,0.9326913595199586,0.7586192548274994,0.9326913595199586
1777,0.7252197265625,0.7252197265625,0.36544731314227014,1.0,0.05655049905180931,0.0,0.1998845934867859,0.0,0.023249205201864243,0.12177935764193536,0.36544731818139553,0.36544731818139553
1778,0.74212646484375,0.74212646484375,0.9481947502876572,1.0,0.4957325756549835,0.0,0.4992341697216034,0.0,0.1243693009018898,0.9422420531511306,0.9481947630643845,0.9481947630643845
1779,0.66162109375,0.66162109375,0.48579852144792507,1.0,0.2586215138435364,0.0,0.2027980387210846,0.0,0.05683933198451996,0.48579852879047397,0.39089862108230594,0.48579852879047397
1780,0.6605224609375,0.6605224609375,0.9080515902850416,1.0,0.4879089593887329,0.0,0.2981547713279724,0.0,0.09268994629383087,0.9080516040325164,0.5854694843292236,0.9080516040325164
1781,0.72265625,0.72265625,0.9379524995234356,1.0,0.4958360493183136,0.0,0.4544762372970581,0.0,0.11856423318386078,0.9379525125026703,0.867640832066536,0.9379525125026703
1782,0.87109375,0.87109375,0.9586913714025372,1.0,0.5023486614227295,0.0,0.40386277437210083,0.1407751441001892,0.16136246919631958,0.9586913824081422,0.664567744731903,0.9586913824081422
1783,0.74609375,0.74609375,0.9562008878577706,1.0,0.49600306153297424,0.0,0.5036669969558716,0.0,0.12495140731334686,0.9431722104549408,0.9562009006738663,0.9562009006738663
1784,0.74609375,0.74609375,0.9555784186793307,1.0,0.4980792701244354,0.0,0.5032058358192444,0.0,0.12515734136104584,0.9468632698059083,0.9555784314870834,0.9555784314870834
1785,0.67578125,0.67578125,0.927308590399185,1.0,0.4958599805831909,0.0,0.3476063907146454,0.0,0.10222485661506653,0.9273086041212082,0.6752775013446808,0.9273086041212082
1786,0.70574951171875,0.70574951171875,0.7808257454264503,1.0,0.19255851209163666,0.0,0.42309439182281494,0.0,0.06683190166950226,0.38891476094722743,0.7808257564902306,0.7808257564902306
1787,0.70721435546875,0.70721435546875,0.839359292440364,1.0,0.3671002686023712,0.0,0.4459162652492523,0.0,0.10067643225193024,0.7053721100091934,0.8393593043088914,0.8393593043088914
1788,0.714111328125,0.714111328125,0.9199874153053549,1.0,0.486393004655838,0.0,0.4448001980781555,0.0,0.11616716533899307,0.919987428188324,0.8492796570062637,0.919987428188324
1789,0.74212646484375,0.74212646484375,0.949050261703055,1.0,0.4963054358959198,0.0,0.4996776282787323,0.0,0.1244964525103569,0.9433175474405289,0.9490502744913102,0.9490502744913102
1790,0.71002197265625,0.71002197265625,0.3979295451028722,1.0,0.1874990016222,0.0,0.2106553614139557,0.0,0.0496012419462204,0.3585637390613556,0.39792955070734026,0.39792955070734026
1791,0.74609375,0.74609375,0.9501436732020178,1.0,0.4961153566837311,0.0,0.5002956390380859,0.0,0.12454918026924133,0.9430372059345247,0.9501436859369278,0.9501436859369278
1792,0.7037353515625,0.7037353515625,0.8120041255006973,1.0,0.42473113536834717,0.0,0.42751723527908325,0.0,0.10652990639209747,0.8072677671909333,0.8120041370391845,0.8120041370391845
1793,0.6632080078125,0.6632080078125,0.6988834543945193,1.0,0.25794968008995056,0.0,0.37393805384635925,0.0,0.07636801898479462,0.5017032295465469,0.6988834649324418,0.6988834649324418
1794,0.57965087890625,0.57965087890625,0.8339426328913276,1.0,0.44958120584487915,0.0,0.24696476757526398,0.0,0.0799887403845787,0.8339426472783089,0.48949470221996305,0.8339426472783089
1795,0.93487548828125,0.93487548828125,0.9602002756406706,1.0,0.5110583901405334,0.04750090837478638,0.411037415266037,0.37192171812057495,0.2484900876879692,0.96020028591156,0.4981859028339386,0.96020028591156
1796,0.65911865234375,0.65911865234375,0.7385020143998614,1.0,0.3923953175544739,0.0,0.3219045400619507,0.0,0.08842212706804276,0.738502025604248,0.6186677038669587,0.738502025604248
1797,0.70123291015625,0.70123291015625,0.6397176807788343,1.0,0.09893438965082169,0.0,0.34990236163139343,0.0,0.04068293422460556,0.2130721375346184,0.6397176899015904,0.6397176899015904
1798,0.6832275390625,0.6832275390625,0.7957624378558378,1.0,0.24799126386642456,0.0,0.4283129572868347,0.0,0.0787278413772583,0.4892155706882477,0.795762449502945,0.795762449502945
1799,0.74212646484375,0.74212646484375,0.9471074423723156,1.0,0.495889276266098,0.0,0.49862140417099,0.0,0.1243128851056099,0.9424628376960754,0.9471074551343918,0.9471074551343918
1800,0.74212646484375,0.74212646484375,0.9470237067882312,1.0,0.4958072304725647,0.0,0.4985794425010681,0.0,0.1242973729968071,0.9423109591007233,0.9470237195491791,0.9470237195491791
1801,0.70391845703125,0.70391845703125,0.5403790263060261,1.0,0.1833575814962387,0.0,0.2900240421295166,0.0,0.056240957230329514,0.35904605090618136,0.5403790339827538,0.5403790339827538
1802,0.73126220703125,0.73126220703125,0.9231905065890598,1.0,0.4963372051715851,0.0,0.29783549904823303,0.0,0.09325219690799713,0.9231905192136765,0.585737618803978,0.9231905192136765
1803,0.7197265625,0.7197265625,0.9377585012557157,1.0,0.49631646275520325,0.0,0.4438888132572174,0.0,0.11716078966856003,0.9377585142850876,0.8486315101385117,0.9377585142850876
1804,0.70440673828125,0.70440673828125,0.844115567144911,1.0,0.4467525780200958,0.0,0.39960938692092896,0.0,0.10546752065420151,0.8441155791282655,0.7639721542596817,0.8441155791282655
1805,0.56976318359375,0.56976318359375,0.2982021964902605,1.0,0.1580318957567215,0.0,0.13744789361953735,0.0,0.036756157875061035,0.29820220172405243,0.26320939809083943,0.29820220172405243
1806,0.692138671875,0.692138671875,0.9260330662448764,1.0,0.4927353858947754,0.0,0.3910938501358032,0.0,0.10902708023786545,0.926033079624176,0.7532424688339234,0.926033079624176
1807,0.71417236328125,0.71417236328125,0.5037373814977925,1.0,0.15635643899440765,0.0,0.2711676359176636,0.0,0.04971623048186302,0.3085583537817001,0.5037373885512352,0.5037373885512352
1808,0.74212646484375,0.74212646484375,0.9490427217155925,1.0,0.49580463767051697,0.0,0.49970126152038574,0.0,0.12443633377552032,0.942418473958969,0.9490427345037461,0.9490427345037461
1809,0.7161865234375,0.7161865234375,0.9325482536282214,1.0,0.49631407856941223,0.0,0.391829252243042,0.0,0.10949189215898514,0.9325482666492463,0.7549240618944167,0.9325482666492463
1810,0.696044921875,0.696044921875,0.9273368642615117,1.0,0.4961821436882019,0.0,0.3420901894569397,0.0,0.10130125284194946,0.9273368775844574,0.6653805553913117,0.9273368775844574
1811,0.6932373046875,0.6932373046875,0.6942193080180993,1.0,0.36662405729293823,0.0,0.3429601490497589,0.0,0.08859944343566895,0.6942193180322648,0.6539906740188598,0.6942193180322648
1812,0.912109375,0.912109375,0.5642653641825792,1.0,0.2934825122356415,0.0,0.21529437601566315,0.1446741223335266,0.10935772582888603,0.5642653703689575,0.30113883018493653,0.5642653703689575
1813,0.74609375,0.74609375,0.9502476862859889,1.0,0.49521785974502563,0.0,0.5004032850265503,0.0,0.12444926798343658,0.9414324760437013,0.950247699022293,0.950247699022293
1814,0.673828125,0.673828125,0.43681733332512634,1.0,0.23701241612434387,0.0,0.10194990783929825,0.0,0.036106228828430176,0.43681733980774884,0.20721107572317124,0.43681733980774884
1815,0.668212890625,0.668212890625,0.3655017596919127,1.0,0.19645924866199493,0.0,0.1187511757016182,0.0,0.03707531467080116,0.3655017651617527,0.23339804112911222,0.3655017651617527
1816,0.6976318359375,0.6976318359375,0.9263894305953002,1.0,0.49436506628990173,0.0,0.3653232455253601,0.0,0.10506651550531387,0.9263894438743592,0.7070183485746384,0.9263894438743592
1817,0.7386474609375,0.7386474609375,0.9119308743100902,1.0,0.05391982942819595,0.0,0.5036327242851257,0.0,0.03366531431674957,0.1474189653992653,0.9119308866560459,0.9119308866560459
1818,0.69677734375,0.69677734375,0.6846006652808058,1.0,0.35357552766799927,0.0,0.3606906235218048,0.0,0.08927441388368607,0.6725050121545791,0.6846006751060487,0.6846006751060487
1819,0.67254638671875,0.67254638671875,0.9167840821326234,1.0,0.4916323721408844,0.0,0.3184582591056824,0.0,0.09673503786325455,0.9167840957641602,0.6223881036043167,0.9167840957641602
1820,0.7386474609375,0.7386474609375,0.9416514656614464,1.0,0.49612778425216675,0.0,0.48621466755867004,0.0,0.12278030812740326,0.9416514784097672,0.9247991800308228,0.9416514784097672
1821,0.7392578125,0.7392578125,0.94038465241091,1.0,0.495211660861969,0.0,0.4900367558002472,0.0,0.12315265834331512,0.9403846651315689,0.9315873265266419,0.9403846651315689
1822,0.7049560546875,0.7049560546875,0.46389155772916474,1.0,0.14599184691905975,0.0,0.2496068775653839,0.0,0.04616649076342583,0.28774601221084595,0.46389156430959705,0.46389156430959705
1823,0.715087890625,0.715087890625,0.9274536032916975,1.0,0.4936378300189972,0.0,0.3890552222728729,0.0,0.10879846662282944,0.9274536162614823,0.749663183093071,0.9274536162614823
1824,0.6322021484375,0.6322021484375,0.8999940953351206,1.0,0.48820143938064575,0.0,0.21231518685817719,0.0,0.07489895820617676,0.8999941095709801,0.43098748028278355,0.8999941095709801
1825,0.66748046875,0.66748046875,0.8185370382225249,1.0,0.13100796937942505,0.0,0.44746458530426025,0.0,0.05319535732269287,0.2805608034133911,0.818537050485611,0.818537050485611
1826,0.765380859375,0.765380859375,0.23479969865272632,1.0,0.07296369224786758,0.0,0.126390740275383,0.0,0.02318953350186348,0.14397372007369996,0.23479970172047615,0.23479970172047615
1827,0.6866455078125,0.6866455078125,0.523363919384682,1.0,0.195932537317276,0.0,0.2798725962638855,0.0,0.05765252932906151,0.38066582679748534,0.5233639270067215,0.5233639270067215
1828,0.7059326171875,0.7059326171875,0.6828958794595453,1.0,0.05885788053274155,0.0,0.37611672282218933,0.0,0.03063022345304489,0.14355585724115372,0.6828958891332149,0.6828958891332149
1829,0.8660888671875,0.8660888671875,0.9675105519641163,1.0,0.4999873638153076,0.0,0.3723810911178589,0.30295199155807495,0.20194347947835922,0.9675105631351472,0.47792310714721675,0.9675105631351472
1830,0.7784423828125,0.7784423828125,0.9999999871538342,1.0,0.4901917278766632,0.0,0.5732805728912354,0.0,0.13212502002716064,0.9396731674671173,1.0,1.0
1831,0.734375,0.734375,0.9414233526543655,1.0,0.49629461765289307,0.0,0.48093053698539734,0.0,0.12212295830249786,0.9414233654737474,0.9153044283390045,0.9414233654737474
1832,0.71990966796875,0.71990966796875,0.9354125518802241,1.0,0.49660924077033997,0.0,0.41515931487083435,0.0,0.11306516081094742,0.9354125648736954,0.7969476908445359,0.9354125648736954
1833,0.67626953125,0.67626953125,0.6657361781502368,1.0,0.2306978851556778,0.0,0.35703688859939575,0.0,0.07014712691307068,0.4509598821401596,0.6657361879944801,0.6657361879944801
1834,0.8310546875,0.8310546875,0.9561760846953693,1.0,0.4995281398296356,0.0,0.4619511663913727,0.1083032488822937,0.15889029204845428,0.9561760962009429,0.7948223143815994,0.9561760962009429
1835,0.7073974609375,0.7073974609375,0.9171985526364862,1.0,0.4951244294643402,0.0,0.25974592566490173,0.0,0.08559180051088333,0.9171985656023026,0.5170551091432571,0.9171985656023026
1836,0.70538330078125,0.70538330078125,0.553143499400459,1.0,0.27196598052978516,0.0,0.2921927273273468,0.0,0.0704292431473732,0.518758037686348,0.5531435072422027,0.5531435072422027
1837,0.74609375,0.74609375,0.9543525776503813,1.0,0.4959295690059662,0.0,0.5026442408561707,0.0,0.12481607496738434,0.9429376482963562,0.9543525904417038,0.9543525904417038
1838,0.72021484375,0.72021484375,0.9385667700388032,1.0,0.496710866689682,0.0,0.4448722302913666,0.0,0.11734167486429214,0.9385667830705643,0.8504411011934281,0.9385667830705643
1839,0.887939453125,0.887939453125,0.6280786026315317,1.0,0.31703317165374756,0.17118728160858154,0.32180920243263245,0.0,0.13667652755975723,0.46589080393314364,0.6280786097049713,0.6280786097049713
1840,0.68017578125,0.68017578125,0.9243649704454026,1.0,0.49425822496414185,0.0,0.3470017910003662,0.0,0.10198339074850082,0.924364984035492,0.6740290462970733,0.924364984035492
1841,0.66680908203125,0.66680908203125,0.7024259670535606,1.0,0.3015678822994232,0.0,0.373482882976532,0.0,0.08342904597520828,0.580170476436615,0.7024259775876999,0.7024259775876999
1842,0.936767578125,0.936767578125,0.8836063290684733,1.0,0.5029882192611694,0.1284022331237793,0.4787892699241638,0.3307040333747864,0.2856169119477272,0.8836063385009766,0.6603965044021607,0.8836063385009766
1843,0.949462890625,0.949462890625,0.9999999894677295,1.0,0.5041255950927734,0.0,0.7870414853096008,0.09785723686218262,0.1889829933643341,0.9959159433841704,1.0,1.0
1844,0.677734375,0.677734375,0.9497286030588188,1.0,0.2834711968898773,0.0,0.5118786096572876,0.0,0.09153231978416443,0.561436015367508,0.9497286170721054,0.9497286170721054
1845,0.74609375,0.74609375,0.9525333247069305,1.0,0.4958784282207489,0.0,0.5016363859176636,0.0,0.12468520551919937,0.9427448093891144,0.9525333374738694,0.9525333374738694
1846,0.732666015625,0.732666015625,0.9369691482451411,1.0,0.4948010742664337,0.0,0.4632722735404968,0.0,0.11962954699993134,0.9369691610336305,0.8833701997995376,0.9369691610336305
1847,0.70269775390625,0.70269775390625,0.7237177000766536,1.0,0.14037874341011047,0.0,0.3942665755748749,0.0,0.05315864086151123,0.2921083956956863,0.7237177103757858,0.7237177103757858
1848,0.6353759765625,0.6353759765625,0.6001974309394835,1.0,0.32258281111717224,0.0,0.19548380374908447,0.0,0.06097136437892914,0.6001974403858185,0.3841291278600693,0.6001974403858185
1849,0.672119140625,0.672119140625,0.921830306642995,1.0,0.49623027443885803,0.0,0.2861582636833191,0.0,0.09098533540964127,0.9218303203582764,0.5647079020738601,0.9218303203582764
1850,0.71484375,0.71484375,0.9381762492544784,1.0,0.4966569244861603,0.0,0.44193798303604126,0.0,0.11692629009485245,0.9381762623786927,0.8451540619134903,0.9381762623786927
1851,0.9515380859375,0.9515380859375,0.9999999894906992,1.0,0.5043491125106812,0.08022260665893555,0.7754843235015869,0.11099255084991455,0.22338785231113434,0.9322980046272279,1.0,1.0
1852,0.74609375,0.74609375,0.9500119052155789,1.0,0.4963533580303192,0.0,0.5002092123031616,0.0,0.12456846237182617,0.9434569656848908,0.9500119179487229,0.9500119179487229
1853,0.65533447265625,0.65533447265625,0.5019833354048288,1.0,0.21214060485363007,0.0,0.26709404587745667,0.0,0.0591217577457428,0.4085624933242798,0.501983343064785,0.501983343064785
1854,0.66107177734375,0.66107177734375,0.7954211770374512,1.0,0.42274224758148193,0.0,0.34485143423080444,0.0,0.09496625512838364,0.7954211890697479,0.6630068063735963,0.7954211890697479
1855,0.74609375,0.74609375,0.9522665671030458,1.0,0.49604111909866333,0.0,0.5014791488647461,0.0,0.12468632310628891,0.9430219292640686,0.9522665798664093,0.9522665798664093
1856,0.68212890625,0.68212890625,0.9136957213445374,1.0,0.4877687096595764,0.0,0.3571205735206604,0.0,0.10311532765626907,0.9136957347393037,0.6915939033031463,0.9136957347393037
1857,0.90264892578125,0.90264892578125,0.8284796235569374,1.0,0.5022003054618835,0.1374051570892334,0.19588527083396912,0.14854681491851807,0.17124305665493011,0.8284796327352525,0.2977165818214417,0.8284796327352525
1858,0.71051025390625,0.71051025390625,0.9105178406834736,1.0,0.48160967230796814,0.0,0.4362044334411621,0.0,0.11444633454084396,0.9105178534984589,0.8333289474248886,0.9105178534984589
1859,0.7325439453125,0.7325439453125,0.9380033275587645,1.0,0.49585869908332825,0.0,0.4545768201351166,0.0,0.11858052015304565,0.9380033403635025,0.8678241461515427,0.9380033403635025
1860,0.71466064453125,0.71466064453125,0.9311953026887559,1.0,0.49379435181617737,0.0,0.42365482449531555,0.0,0.11401281505823135,0.9311953157186509,0.8119581192731857,0.9311953157186509
1861,0.905517578125,0.905517578125,0.6914043588577646,1.0,0.4240908622741699,0.15209317207336426,0.2296818643808365,0.26747167110443115,0.21879471838474274,0.691404366493225,0.35532191991806034,0.691404366493225
1862,0.6617431640625,0.6617431640625,0.7980264200374997,1.0,0.4356656074523926,0.0,0.1382833868265152,0.0,0.054544687271118164,0.7980264320969582,0.29247665703296666,0.7980264320969582
1863,0.6676025390625,0.6676025390625,0.5468034960380374,1.0,0.22788536548614502,0.0,0.29111942648887634,0.0,0.06391961872577667,0.4393056005239486,0.5468035042285919,0.5468035042285919
1864,0.74609375,0.74609375,0.9507969102976782,1.0,0.4962415397167206,0.0,0.5006515383720398,0.0,0.12460918724536896,0.943299925327301,0.9507969230413437,0.9507969230413437
1865,0.70849609375,0.70849609375,0.9296181040922439,1.0,0.4964671730995178,0.0,0.35977205634117126,0.0,0.10433594882488251,0.9296181172132493,0.6972364187240601,0.9296181172132493
1866,0.74609375,0.74609375,0.9521522483761311,1.0,0.495889276266098,0.0,0.5014240741729736,0.0,0.12466034293174744,0.9427431046962738,0.9521522611379624,0.9521522611379624
1867,0.6795654296875,0.6795654296875,0.9219824953305448,1.0,0.4913307726383209,0.0,0.3758711814880371,0.0,0.1064954325556755,0.9219825088977813,0.725701203942299,0.9219825088977813
1868,0.696533203125,0.696533203125,0.9213623659654745,1.0,0.49409979581832886,0.0,0.31982746720314026,0.0,0.09717895090579987,0.9213623791933059,0.6250994205474855,0.9213623791933059
1869,0.74609375,0.74609375,0.9530592403225928,1.0,0.49627313017845154,0.0,0.5019066333770752,0.0,0.12476850301027298,0.9434822976589202,0.9530592530965806,0.9530592530965806
1870,0.7008056640625,0.7008056640625,0.7515525770234514,1.0,0.38732796907424927,0.0,0.39601099491119385,0.0,0.09790533781051636,0.736791443824768,0.7515525877475739,0.7515525877475739
1871,0.73431396484375,0.73431396484375,0.9420440307120548,1.0,0.49648424983024597,0.0,0.4837239384651184,0.0,0.12250525504350662,0.9420440435409546,0.9203515142202378,0.9420440435409546
1872,0.68585205078125,0.68585205078125,0.744532830588426,1.0,0.210882306098938,0.0,0.40191367268562317,0.0,0.0694858506321907,0.4197795182466507,0.7445328414440155,0.7445328414440155
1873,0.652099609375,0.640380859375,0.886196278481628,2.0,0.48448091745376587,0.0,0.30347728729248047,0.0,0.09342776238918304,0.9024133801460267,0.5947072088718414,0.9024133801460267
1874,0.7181396484375,0.7181396484375,0.9354101497810478,1.0,0.4959122836589813,0.0,0.42768052220344543,0.0,0.11482071876525879,0.9354101628065109,0.8194161683321,0.9354101628065109
1875,0.6951904296875,0.6951904296875,0.8311264305962349,1.0,0.4395394027233124,0.0,0.39955517649650574,0.0,0.10464892536401749,0.8311264425516128,0.7631532579660416,0.8311264425516128
1876,0.6580810546875,0.6580810546875,0.9085227440822043,1.0,0.48801085352897644,0.0,0.3010322153568268,0.0,0.0932392105460167,0.9085227578878403,0.5906590729951858,0.9085227578878403
1877,0.74609375,0.74609375,0.9520487508723303,1.0,0.49642714858055115,0.0,0.5013366937637329,0.0,0.12471747398376465,0.9437025368213654,0.9520487636327744,0.9520487636327744
1878,0.71905517578125,0.71905517578125,0.929914819182719,1.0,0.49533119797706604,0.0,0.3831867575645447,0.0,0.10803966969251633,0.9299148321151733,0.7392692834138871,0.9299148321151733
1879,0.71893310546875,0.71893310546875,0.886718183342997,1.0,0.47161704301834106,0.0,0.37807518243789673,0.0,0.10493199527263641,0.8867181956768037,0.7276970326900482,0.8867181956768037
1880,0.72930908203125,0.72930908203125,0.9297755799360279,1.0,0.49640271067619324,0.0,0.3625071346759796,0.0,0.10478555411100388,0.9297755926847459,0.7021531134843827,0.9297755926847459
1881,0.88421630859375,0.88421630859375,0.3019700314226078,1.0,0.0987672209739685,0.0,0.13530698418617249,0.22241050004959106,0.07425044476985931,0.21355274617671968,0.3019700348377228,0.3019700348377228
1882,0.66998291015625,0.66998291015625,0.724785123378317,1.0,0.26765021681785583,0.0,0.38778895139694214,0.0,0.07922203093767166,0.5205492854118348,0.7247851341962814,0.7247851341962814
1883,0.6656494140625,0.6656494140625,0.8694038469119665,1.0,0.31972286105155945,0.0,0.4652397632598877,0.0,0.09480436891317368,0.6220251262187959,0.8694038599729538,0.8694038599729538
1884,0.66796875,0.66796875,0.9263955096792811,1.0,0.4952632784843445,0.0,0.3492162227630615,0.0,0.10244856774806976,0.9263955235481262,0.6781155288219453,0.9263955235481262
1885,0.66766357421875,0.66766357421875,0.8475407205240646,1.0,0.2659267485141754,0.0,0.4560822546482086,0.0,0.08419422060251236,0.5242763727903367,0.8475407332181931,0.8475407332181931
1886,0.74212646484375,0.74212646484375,0.9486725083311843,1.0,0.4957583546638489,0.0,0.4994981586933136,0.0,0.12440531700849533,0.9423148542642593,0.9486725211143494,0.9486725211143494
1887,0.74273681640625,0.74273681640625,0.9490207752961903,1.0,0.4959740936756134,0.0,0.49967965483665466,0.0,0.12445499002933502,0.9427213340997697,0.9490207880735397,0.9490207880735397
1888,0.7125244140625,0.7125244140625,0.928770511228453,1.0,0.4925674498081207,0.0,0.4214911460876465,0.0,0.11356853693723679,0.928770524263382,0.8079408079385758,0.928770524263382
1889,0.71990966796875,0.71990966796875,0.9319478799589369,1.0,0.4960975646972656,0.0,0.3897227644920349,0.0,0.10914212465286255,0.9319478929042817,0.7511107325553894,0.9319478929042817
1890,0.74359130859375,0.74359130859375,0.9456318668510085,1.0,0.4957934021949768,0.0,0.49780696630477905,0.0,0.1241995319724083,0.9422088205814362,0.9456318795681,0.9456318795681
1891,0.71722412109375,0.71722412109375,0.9352896291743655,1.0,0.49648043513298035,0.0,0.4162485897541046,0.0,0.11321292817592621,0.9352896422147752,0.7988955050706863,0.9352896422147752
1892,0.6700439453125,0.6700439453125,0.6494176112051285,1.0,0.3451884686946869,0.0,0.2807837724685669,0.0,0.07742257416248322,0.649417620897293,0.5399296373128891,0.649417620897293
1893,0.70172119140625,0.70172119140625,0.8385439276406379,1.0,0.44458454847335815,0.0,0.38291752338409424,0.0,0.10286490619182587,0.8385439395904541,0.7337099969387054,0.8385439395904541
1894,0.6719970703125,0.6719970703125,0.9177479547782642,1.0,0.4925949275493622,0.0,0.31077098846435547,0.0,0.09540217369794846,0.9177479684352874,0.6086472719907761,0.9177479684352874
1895,0.74212646484375,0.74212646484375,0.9467985055421432,1.0,0.49579378962516785,0.0,0.49845507740974426,0.0,0.12428021430969238,0.9422743290662766,0.9467985183000565,0.9467985183000565
1896,0.6966552734375,0.6966552734375,0.9271926240151305,1.0,0.4959193170070648,0.0,0.34537866711616516,0.0,0.10184730589389801,0.9271926373243332,0.6712735325098038,0.9271926373243332
1897,0.74212646484375,0.74212646484375,0.9477251789419796,1.0,0.4959372580051422,0.0,0.4989619255065918,0.0,0.12436123937368393,0.9425832569599151,0.9477251917123796,0.9477251917123796
1898,0.7117919921875,0.7117919921875,0.9366393583554289,1.0,0.49608176946640015,0.0,0.4369218647480011,0.0,0.11615750193595886,0.9366393715143204,0.836067533493042,0.9366393715143204
1899,0.6796875,0.6796875,0.6004574881067725,1.0,0.19847328960895538,0.0,0.32256120443344116,0.0,0.061534471809864044,0.38950804173946385,0.6004574969410896,0.6004574969410896
1900,0.66424560546875,0.66424560546875,0.8227770294062309,1.0,0.4480976164340973,0.0,0.16201332211494446,0.0,0.06101921200752258,0.8227770417928696,0.33643374145030974,0.8227770417928696
1901,0.6893310546875,0.6893310546875,0.5588931032403918,1.0,0.1923147737979889,0.0,0.2998120188713074,0.0,0.05864758789539337,0.37614779472351073,0.5588931113481522,0.5588931113481522
1902,0.6875,0.6875,0.9320195360515828,1.0,0.49611371755599976,0.0,0.3901485800743103,0.0,0.10921024531126022,0.9320195496082306,0.7518788158893586,0.9320195496082306
1903,0.6988525390625,0.6988525390625,0.2915267694004619,1.0,0.05175319314002991,0.0,0.15908414125442505,0.0,0.020235247910022736,0.10906416177749634,0.2915267735719681,0.2915267735719681
1904,0.63751220703125,0.63751220703125,0.46274109054933943,1.0,0.24364104866981506,0.0,0.24187210202217102,0.0,0.06068833917379379,0.46274109780788425,0.45973388850688934,0.46274109780788425
1905,0.74212646484375,0.74212646484375,0.9487711122937076,1.0,0.49612319469451904,0.0,0.49953266978263855,0.0,0.124455526471138,0.9429750174283982,0.9487711250782013,0.9487711250782013
1906,0.6845703125,0.6845703125,0.8375159349885253,1.0,0.3941929042339325,0.0,0.4433870315551758,0.0,0.1043369472026825,0.7538859307765962,0.8375159472227096,0.8375159472227096
1907,0.6595458984375,0.6595458984375,0.9104079644927225,1.0,0.48895466327667236,0.0,0.30289584398269653,0.0,0.0936596617102623,0.91040797829628,0.594107985496521,0.91040797829628
1908,0.71649169921875,0.71649169921875,0.931265132542667,1.0,0.4960145652294159,0.0,0.3843892812728882,0.0,0.10829538106918335,0.9312651455402374,0.7415021628141404,0.9312651455402374
1909,0.69537353515625,0.69537353515625,0.8664943808878459,1.0,0.4582672119140625,0.0,0.4161341190338135,0.0,0.10904668271541595,0.8664943933486938,0.7948681354522706,0.8664943933486938
1910,0.6956787109375,0.6956787109375,0.7632187972032816,1.0,0.3389962315559387,0.0,0.4051773250102997,0.0,0.09228887408971786,0.6507109493017197,0.7632188081741333,0.7632188081741333
1911,0.74609375,0.74609375,0.9498686871770322,1.0,0.4957912862300873,0.0,0.5001608729362488,0.0,0.1244916170835495,0.9424404025077819,0.9498686999082566,0.9498686999082566
1912,0.7210693359375,0.7210693359375,0.8684479443989432,1.0,0.43496593832969666,0.0,0.45830631256103516,0.0,0.11158283799886703,0.8287693202495575,0.8684479564428329,0.8684479564428329
1913,0.7125244140625,0.7125244140625,0.8880490387021616,1.0,0.4726755917072296,0.0,0.37232986092567444,0.0,0.10414651781320572,0.8880490511655807,0.717461308836937,0.8880490511655807
1914,0.72607421875,0.72607421875,0.9406778921270313,1.0,0.5018541812896729,0.0,0.37340378761291504,0.0,0.10707571357488632,0.9406779050827027,0.7223122358322144,0.9406779050827027
1915,0.69842529296875,0.69842529296875,0.8222150327260316,1.0,0.43696296215057373,0.0,0.3568171262741089,0.0,0.09821610152721405,0.8222150444984437,0.6859671235084533,0.8222150444984437
1916,0.70703125,0.70703125,0.9351306663812338,1.0,0.4956642687320709,0.0,0.42934995889663696,0.0,0.11503404378890991,0.9351306796073913,0.8223963528871537,0.9351306796073913
1917,0.706787109375,0.706787109375,0.9288820820753868,1.0,0.49196118116378784,0.0,0.4335196912288666,0.0,0.11522471904754639,0.9288820952177047,0.8295315623283387,0.9288820952177047
1918,0.71728515625,0.71728515625,0.9327558864253455,1.0,0.49534547328948975,0.0,0.41134047508239746,0.0,0.11236699670553207,0.9327558994293214,0.7899474024772645,0.9327558994293214
1919,0.68438720703125,0.68438720703125,0.8917075235488944,1.0,0.4806792140007019,0.0,0.2648495137691498,0.0,0.08568320423364639,0.8917075365781784,0.5247970461845398,0.8917075365781784
1920,0.74212646484375,0.74212646484375,0.9483947775123635,1.0,0.4956868588924408,0.0,0.49934783577919006,0.0,0.12437765300273895,0.9421711295843125,0.9483947902917862,0.9483947902917862
1921,0.727783203125,0.727783203125,0.9391296764318473,1.0,0.4964611530303955,0.0,0.45499613881111145,0.0,0.11870648711919785,0.9391296893358231,0.8686391651630402,0.9391296893358231
1922,0.6640625,0.6640625,0.9245311150802201,1.0,0.4947247803211212,0.0,0.3402652442455292,0.0,0.10086129605770111,0.9245311290025712,0.6619499176740646,0.9245311290025712
1923,0.7227783203125,0.7227783203125,0.9323266794435516,1.0,0.49265000224113464,0.0,0.4555668830871582,0.0,0.11834597587585449,0.9323266923427582,0.8692853897809982,0.9323266923427582
1924,0.697509765625,0.697509765625,0.5593071261328307,1.0,0.1564616560935974,0.0,0.3020338714122772,0.0,0.05179963260889053,0.3118343681097031,0.5593071341514587,0.5593071341514587
1925,0.69915771484375,0.69915771484375,0.9241529660366323,1.0,0.4927712082862854,0.0,0.37164804339408875,0.0,0.10595133900642395,0.9241529792547225,0.7182435989379884,0.9241529792547225
1926,0.66033935546875,0.66033935546875,0.22703155382383955,1.0,0.12039918452501297,0.0,0.10313025116920471,0.0,0.027774907648563385,0.22703155726194382,0.19767437055706977,0.22703155726194382
1927,0.630126953125,0.630126953125,0.4120541328364626,1.0,0.14365878701210022,0.0,0.22093792259693146,0.0,0.04357114061713219,0.28067960888147353,0.41205413937568663,0.41205413937568663
1928,0.93896484375,0.93896484375,0.9610877769157268,1.0,0.5029879808425903,0.0,0.24787560105323792,0.3092186450958252,0.17519021779298782,0.9610877871513367,0.40859187841415406,0.9610877871513367
1929,0.69378662109375,0.69378662109375,0.5372334626368092,1.0,0.20031528174877167,0.0,0.2873344123363495,0.0,0.05904513597488403,0.389300948381424,0.5372334703803062,0.5372334703803062
1930,0.71649169921875,0.71649169921875,0.6703773226157358,1.0,0.3532256782054901,0.0,0.3457111120223999,0.0,0.08735700696706772,0.6703773319721222,0.6576025694608688,0.6703773319721222
1931,0.74212646484375,0.74212646484375,0.9469895205446811,1.0,0.49582692980766296,0.0,0.4985593557357788,0.0,0.1242973580956459,0.9423444092273713,0.9469895333051682,0.9469895333051682
1932,0.7042236328125,0.7042236328125,0.9336012081850529,1.0,0.49687349796295166,0.0,0.39228925108909607,0.0,0.109618179500103,0.9336012214422226,0.7558080017566681,0.9336012214422226
1933,0.6900634765625,0.6900634765625,0.9204378292690465,1.0,0.49085983633995056,0.0,0.3689013719558716,0.0,0.1053289920091629,0.9204378426074982,0.713108453154564,0.9204378426074982
1934,0.68829345703125,0.68829345703125,0.6362917867245252,1.0,0.293495774269104,0.0,0.3371901214122772,0.0,0.07845824956893921,0.5620114058256149,0.6362917959690093,0.6362917959690093
1935,0.6639404296875,0.6639404296875,0.9181194405555094,1.0,0.49151811003685,0.0,0.3338685631752014,0.0,0.0994756892323494,0.9181194543838501,0.6501152247190476,0.9181194543838501
1936,0.8787841796875,0.8787841796875,0.9726457842772217,1.0,0.5012110471725464,0.0,0.45762765407562256,0.24703145027160645,0.20205381512641907,0.9726457953453065,0.6762257218360901,0.9726457953453065
1937,0.69873046875,0.69873046875,0.9235140519294177,1.0,0.496550977230072,0.0,0.2972230613231659,0.0,0.09315072745084763,0.9235140651464463,0.5846566081047059,0.9235140651464463
1938,0.74212646484375,0.74212646484375,0.9490024140751062,1.0,0.4957679510116577,0.0,0.49968090653419495,0.0,0.12442917376756668,0.9423504024744034,0.9490024268627167,0.9490024268627167
1939,0.68292236328125,0.68292236328125,0.9163846239372275,1.0,0.49397027492523193,0.0,0.27238142490386963,0.0,0.08809440582990646,0.9163846373558044,0.5396835923194885,0.9163846373558044
1940,0.74395751953125,0.74395751953125,0.9421026073422151,1.0,0.4959060549736023,0.0,0.49471721053123474,0.0,0.12382772564888,0.9421026200056076,0.9400815844535828,0.9421026200056076
1941,0.66595458984375,0.66595458984375,0.6942982152156416,1.0,0.3678087890148163,0.0,0.322424054145813,0.0,0.08590689301490784,0.6942982256412507,0.617144176363945,0.6942982256412507
1942,0.64013671875,0.64013671875,0.9194160317797708,1.0,0.49602892994880676,0.0,0.2656397223472595,0.0,0.08686333149671555,0.9194160461425782,0.5277543932199478,0.9194160461425782
1943,0.743896484375,0.743896484375,0.9267933929549936,1.0,0.49763208627700806,0.0,0.3105565011501312,0.0,0.09574837237596512,0.9267934054136276,0.608764910697937,0.9267934054136276
1944,0.66888427734375,0.66888427734375,0.6259748097056483,1.0,0.2727186381816864,0.0,0.3326127529144287,0.0,0.07492925226688385,0.5241548240184783,0.6259748190641403,0.6259748190641403
1945,0.674560546875,0.674560546875,0.607561173968999,1.0,0.2760579586029053,0.0,0.32219743728637695,0.0,0.07433843612670898,0.5291240692138672,0.6075611829757691,0.6075611829757691
1946,0.68072509765625,0.68072509765625,0.9241225494289321,1.0,0.49558383226394653,0.0,0.32071664929389954,0.0,0.09745785593986511,0.9241225630044938,0.6268483519554138,0.9241225630044938
1947,0.643310546875,0.643310546875,0.5608614432054848,1.0,0.24804599583148956,0.0,0.297809362411499,0.0,0.0676671639084816,0.4762637287378311,0.5608614519238472,0.5608614519238472
1948,0.69732666015625,0.69732666015625,0.9263370977121265,1.0,0.49537062644958496,0.0,0.3466998338699341,0.0,0.10202735662460327,0.9263371109962464,0.6735967636108399,0.9263371109962464
1949,0.74212646484375,0.74212646484375,0.9477870127996363,1.0,0.49562594294548035,0.0,0.4990135729312897,0.0,0.12432849407196045,0.9420280545949936,0.9477870255708695,0.9477870255708695
1950,0.72161865234375,0.72161865234375,0.9261660447521063,1.0,0.4938916265964508,0.0,0.3716112971305847,0.0,0.10604950040578842,0.9261660575866699,0.7182894974946976,0.9261660575866699
1951,0.716064453125,0.716064453125,0.8476371706366939,1.0,0.44828498363494873,0.0,0.4072421193122864,0.0,0.10669504851102829,0.8476371824741363,0.7778643131256103,0.8476371824741363
1952,0.74212646484375,0.74212646484375,0.9469238481479523,1.0,0.4957699477672577,0.0,0.49852603673934937,0.0,0.12428603321313858,0.9422385096549989,0.9469238609075545,0.9469238609075545
1953,0.7222900390625,0.7222900390625,0.9227594843902096,1.0,0.4961618185043335,0.0,0.2966822385787964,0.0,0.0930187851190567,0.9227594971656798,0.5836442112922668,0.9227594971656798
1954,0.73394775390625,0.73394775390625,0.9215083503337864,1.0,0.49259644746780396,0.0,0.34834757447242737,0.0,0.10206931084394455,0.92150836288929,0.6762852787971496,0.92150836288929
1955,0.6878662109375,0.6878662109375,0.6854697306640354,1.0,0.15804064273834229,0.0,0.37203648686408997,0.0,0.05622111260890961,0.3216768056154251,0.6854697406291961,0.6854697406291961
1956,0.668212890625,0.668212890625,0.7143849832198106,1.0,0.32021042704582214,0.0,0.3790910840034485,0.0,0.0867951512336731,0.6142878770828248,0.7143849939107895,0.7143849939107895
1957,0.74609375,0.74609375,0.9525270602588485,1.0,0.4950883686542511,0.0,0.5016767978668213,0.0,0.1245901882648468,0.9413267433643342,0.9525270730257034,0.9525270730257034
1958,0.72430419921875,0.72430419921875,0.857547068677217,1.0,0.3209564685821533,0.0,0.45858412981033325,0.0,0.09445121884346008,0.6235800564289093,0.8575470805168152,0.8575470805168152
1959,0.73101806640625,0.73101806640625,0.9322235814362888,1.0,0.4918137788772583,0.0,0.46958792209625244,0.0,0.12011100351810455,0.9322235941886903,0.8944396376609802,0.9322235941886903
1960,0.7232666015625,0.7232666015625,0.5072638575633052,1.0,0.2339974194765091,0.0,0.2688134014606476,0.0,0.06255073100328445,0.44807669520378113,0.5072638645768166,0.5072638645768166
1961,0.69049072265625,0.69049072265625,0.5063381777389259,1.0,0.15705937147140503,0.0,0.27257347106933594,0.0,0.049952875822782516,0.3099642157554627,0.5063381850719452,0.5063381850719452
1962,0.8863525390625,0.8863525390625,0.3451262613936183,1.0,0.1771751344203949,0.004629850387573242,0.2135467678308487,0.0856022834777832,0.07953129708766937,0.34512626528739926,0.3340828537940979,0.34512626528739926
1963,0.70989990234375,0.70989990234375,0.689514867189257,1.0,0.22950424253940582,0.0,0.3703135848045349,0.0,0.07095327228307724,0.450138995051384,0.6895148769021034,0.6895148769021034
1964,0.74609375,0.74609375,0.9548190733964633,1.0,0.49607768654823303,0.0,0.502895176410675,0.0,0.12486580014228821,0.9432293534278869,0.9548190861940384,0.9548190861940384
1965,0.72808837890625,0.72808837890625,0.9404126097740132,1.0,0.4967426359653473,0.0,0.46275877952575684,0.0,0.1197873055934906,0.9404126226902009,0.882640066742897,0.9404126226902009
1966,0.583984375,0.583984375,0.5039835396534909,1.0,0.2654435932636261,0.0,0.2618508040904999,0.0,0.06590873748064041,0.5039835482835769,0.4978758066892624,0.5039835482835769
1967,0.6888427734375,0.6888427734375,0.9160297648248054,1.0,0.49344590306282043,0.0,0.27827152609825134,0.0,0.08923601359128952,0.916029778122902,0.5502333372831344,0.916029778122902
